step,residual,mass
1,1.0000000000000000e+00,1.9135527082221860e-07
2,4.7665946706245982e-01,1.6691685324651696e-05
3,2.8084232264144970e-01,2.8897469004723504e-05
4,1.7898241841885806e-01,3.2224714991582272e-05
5,1.2152103182568851e-01,2.9660998800807622e-05
6,8.7954133323614681e-02,2.4367247718503115e-05
7,6.8006806307551682e-02,1.8396053979261644e-05
8,5.5884444963690785e-02,1.2823074534913783e-05
9,4.8200288312531370e-02,8.0882910709483018e-06
10,4.2993996868173200e-02,4.2772192785638912e-06
11,3.9167976432156082e-02,1.3083024613458306e-06
12,3.6132036019952928e-02,-9.5826881777462313e-07
13,3.3580265593201500e-02,-2.6656915221702177e-06
14,3.1357473894032130e-02,-3.9379691984082763e-06
15,2.9383877702068135e-02,-4.8742780734638510e-06
16,2.7615250177397382e-02,-5.5508848830236322e-06
17,2.6023249943628049e-02,-6.0255442878479524e-06
18,2.4586481879940648e-02,-6.3420046140293798e-06
19,2.3286851199292441e-02,-6.5337406487696521e-06
20,2.2108292318391790e-02,-6.6267524003195321e-06
21,2.1036423195428318e-02,-6.6415565397829084e-06
22,2.0058473665984844e-02,-6.5945707353359093e-06
23,1.9163237014135245e-02,-6.4990746309164903e-06
24,1.8340976019637596e-02,-6.3658877208754931e-06
25,1.7583285350377741e-02,-6.2038611883201270e-06
26,1.6882931446397572e-02,-6.0202470006242648e-06
27,1.6233690005942169e-02,-5.8209841035639286e-06
28,1.5630194391806233e-02,-5.6109264414769105e-06
29,1.5067801627372694e-02,-5.3940282654897848e-06
30,1.4542477913183301e-02,-5.1734966945231409e-06
31,1.4050702815050940e-02,-4.9519182749990347e-06
32,1.3589389955630509e-02,-4.7313643872277187e-06
33,1.3155821638960381e-02,-4.5134791833314479e-06
34,1.2747594930028954e-02,-4.2995529866839222e-06
35,1.2362577022721062e-02,-4.0905835484064338e-06
36,1.1998868100664339e-02,-3.8873271535526989e-06
37,1.1654770247046677e-02,-3.6903412433747327e-06
38,1.1328761259585901e-02,-3.5000199516291109e-06
39,1.1019472469084371e-02,-3.3166237253636720e-06
40,1.0725669849639583e-02,-3.1403040087540626e-06
41,1.0446237854890170e-02,-2.9711238066080273e-06
42,1.0180165527132735e-02,-2.8090748083837114e-06
43,9.9265345129226894e-03,-2.6540916387527434e-06
44,9.6845086863117189e-03,-2.5060637072082144e-06
45,9.4533251340228660e-03,-2.3648450496371772e-06
46,9.2322862991682589e-03,-2.2302624891090718e-06
47,9.0207531141512642e-03,-2.1021223901072080e-06
48,8.8181389810429896e-03,-1.9802162340630221e-06
49,8.6239044803478205e-03,-1.8643252081146174e-06
50,8.4375527077130714e-03,-1.7542239665082327e-06
51,8.2586251535696695e-03,-1.6496836997458543e-06
52,8.0866980535249135e-03,-1.5504746239460729e-06
53,7.9213791480336297e-03,-1.4563679849356411e-06
54,7.7623047988473670e-03,-1.3671376575388556e-06
55,7.6091374172662140e-03,-1.2825614060895621e-06
56,7.4615631655698712e-03,-1.2024218635636142e-06
57,7.3192898983580898e-03,-1.1265072762241127e-06
58,7.1820453150754594e-03,-1.0546120539195813e-06
59,7.0495752988524963e-03,-9.8653715990545091e-07
60,6.9216424200810780e-03,-9.2209036843247155e-07
61,6.7980245859489688e-03,-8.6108641364928151e-07
62,6.6785138195623100e-03,-8.0334705054945089e-07
63,6.5629151543502512e-03,-7.4870104400733965e-07
64,6.4510456312190274e-03,-6.9698410077126551e-07
65,6.3427333874576455e-03,-6.4803875579385607e-07
66,6.2378168277228948e-03,-6.0171422293510767e-07
67,6.1361438685771097e-03,-5.5786621855374424e-07
68,6.0375712490533806e-03,-5.1635676419794071e-07
69,5.9419639005873961e-03,-4.7705397535303472e-07
70,5.8491943704165076e-03,-4.3983183949965811e-07
71,5.7591422932040870e-03,-4.0456998835671759e-07
72,5.6716939062315293e-03,-3.7115346753681641e-07
73,5.5867416040047257e-03,-3.3947250539037916e-07
74,5.5041835285706362e-03,-3.0942228410761628e-07
75,5.4239231922339048e-03,-2.8090271402868719e-07
76,5.3458691297089463e-03,-2.5381821299172656e-07
77,5.2699345770501642e-03,-2.2807749121755996e-07
78,5.1960371749748954e-03,-2.0359334315238336e-07
79,5.1240986944338226e-03,-1.8028244603115123e-07
80,5.0540447824975257e-03,-1.5806516660666310e-07
81,4.9858047268172114e-03,-1.3686537484455239e-07
82,4.9193112370877114e-03,-1.1661026662129276e-07
83,4.8545002420909795e-03,-9.7230193234998865e-08
84,4.7913107010335264e-03,-7.8658499984425065e-08
85,4.7296844280110282e-03,-6.0831371638924410e-08
86,4.6695659285429670e-03,-4.3687686170111764e-08
87,4.6109022472145579e-03,-2.7168875884901567e-08
88,4.5536428255521554e-03,-1.1218795534426996e-08
89,4.4977393693359548e-03,4.2164022043118406e-09
90,4.4431457246231071e-03,1.9188384543871097e-08
91,4.3898177618192620e-03,3.3746750209739086e-08
92,4.3377132671937480e-03,4.7939134339395037e-08
93,4.2867918412834273e-03,6.1811308027520129e-08
94,4.2370148036793660e-03,7.5407271598605766e-08
95,4.1883451037317571e-03,8.8769342991324602e-08
96,4.1407472367468723e-03,1.0193824072089172e-07
97,4.0941871652844788e-03,1.1495316235028023e-07
98,4.0486322451971559e-03,1.2785185775544162e-07
99,4.0040511560795206e-03,1.4067069875358512e-07
100,3.9604138358244039e-03,1.5344474417346052e-07
101,3.9176914190032653e-03,1.6620780125725285e-07
102,3.8758561788146493e-03,1.7899248341081069e-07
103,3.8348814723593999e-03,1.9183026438067338e-07
104,3.7947416890233552e-03,2.0475152931996041e-07
105,3.7554122017625668e-03,2.1778562293239086e-07
106,3.7168693211036032e-03,2.3096089448625227e-07
107,3.6790902516819486e-03,2.4430474057480262e-07
108,3.6420530511581750e-03,2.5784364474102304e-07
109,3.6057365913613644e-03,2.7160321552239633e-07
110,3.5701205215189959e-03,2.8560822159378903e-07
111,3.5351852334454120e-03,2.9988262530075832e-07
112,3.5009118285674497e-03,3.1444961395001933e-07
113,3.4672820866750048e-03,3.2933162974195701e-07
114,3.4342784362935705e-03,3.4455039729793665e-07
115,3.4018839265798307e-03,3.6012695036127859e-07
116,3.3700822006515240e-03,3.7608165661079418e-07
117,3.3388574702659149e-03,3.9243424097426593e-07
118,3.3081944917691107e-03,4.0920380796589123e-07
119,3.2780785432418484e-03,4.2640886265982725e-07
120,3.2484954027738413e-03,4.4406733046125913e-07
121,3.2194313278016097e-03,4.6219657619172582e-07
122,3.1908730354509550e-03,4.8081342144848118e-07
123,3.1628076838261564e-03,4.9993416184995024e-07
124,3.1352228541951304e-03,5.1957458298814841e-07
125,3.1081065340201339e-03,5.3974997558675043e-07
126,3.0814471007869866e-03,5.6047514996108300e-07
127,3.0552333065921732e-03,5.8176445008852340e-07
128,3.0294542634438297e-03,6.0363176619079096e-07
129,3.0040994292406657e-03,6.2609054776509907e-07
130,2.9791585943921887e-03,6.4915381523039607e-07
131,2.9546218690460553e-03,6.7283417139733766e-07
132,2.9304796708923713e-03,6.9714381248746954e-07
133,2.9067227135121066e-03,7.2209453834035502e-07
134,2.8833419952454965e-03,7.4769776269490211e-07
135,2.8603287885504442e-03,7.7396452250522812e-07
136,2.8376746298281103e-03,8.0090548721542550e-07
137,2.8153713096911552e-03,8.2853096798838219e-07
138,2.7934108636533798e-03,8.5685092554937781e-07
139,2.7717855632185240e-03,8.8587497903733916e-07
140,2.7504879073502555e-03,9.1561241335642670e-07
141,2.7295106143031614e-03,9.4607218724292073e-07
142,2.7088466137978511e-03,9.7726294046767185e-07
143,2.6884890395235997e-03,1.0091930009522847e-06
144,2.6684312219531449e-03,1.0418703915730989e-06
145,2.6486666814528343e-03,1.0753028370439319e-06
146,2.6291891216779595e-03,1.1094977702898656e-06
147,2.6099924232348658e-03,1.1444623387571723e-06
148,2.5910706376021438e-03,1.1802034104066527e-06
149,2.5724179812956537e-03,1.2167275799028201e-06
150,2.5540288302673374e-03,1.2540411740711462e-06
151,2.5358977145272786e-03,1.2921502578091604e-06
152,2.5180193129779736e-03,1.3310606394068213e-06
153,2.5003884484525759e-03,1.3707778757878052e-06
154,2.4830000829460883e-03,1.4113072780642247e-06
155,2.4658493130330049e-03,1.4526539163138625e-06
156,2.4489313654606909e-03,1.4948226245108144e-06
157,2.4322415929132666e-03,1.5378180056863465e-06
158,2.4157754699364329e-03,1.5816444364469512e-06
159,2.3995285890176209e-03,1.6263060716100929e-06
160,2.3834966568134172e-03,1.6718068489327945e-06
161,2.3676754905194546e-03,1.7181504933468386e-06
162,2.3520610143751334e-03,1.7653405214943860e-06
163,2.3366492562984557e-03,1.8133802459338565e-06
164,2.3214363446451246e-03,1.8622727793175262e-06
165,2.3064185050864125e-03,1.9120210385213809e-06
166,2.2915920576011854e-03,1.9626277486444357e-06
167,2.2769534135771079e-03,2.0140954471932667e-06
168,2.2624990730166139e-03,2.0664264876226250e-06
169,2.2482256218432210e-03,2.1196230434003453e-06
170,2.2341297293041427e-03,2.1736871116410616e-06
171,2.2202081454651759e-03,2.2286205169460172e-06
172,2.2064576987941040e-03,2.2844249148336956e-06
173,2.1928752938293393e-03,2.3411017954058755e-06
174,2.1794579089298911e-03,2.3986524868756205e-06
175,2.1662025941038276e-03,2.4570781589957371e-06
176,2.1531064689116557e-03,2.5163798262586547e-06
177,2.1401667204425244e-03,2.5765583515975841e-06
178,2.1273806013589985e-03,2.6376144493382988e-06
179,2.1147454280092261e-03,2.6995486885186397e-06
180,2.1022585786027396e-03,2.7623614960782410e-06
181,2.0899174914478292e-03,2.8260531600814374e-06
182,2.0777196632487081e-03,2.8906238324574232e-06
183,2.0656626474585835e-03,2.9560735324485455e-06
184,2.0537440526882992e-03,3.0224021491847685e-06
185,2.0419615411676716e-03,3.0896094449316901e-06
186,2.0303128272567113e-03,3.1576950576786517e-06
187,2.0187956760065380e-03,3.2266585041800294e-06
188,2.0074079017667838e-03,3.2964991826328377e-06
189,1.9961473668381460e-03,3.3672163754303782e-06
190,1.9850119801684092e-03,3.4388092518793479e-06
191,1.9739996960909654e-03,3.5112768709190417e-06
192,1.9631085131029354e-03,3.5846181835698727e-06
193,1.9523364726824358e-03,3.6588320354991801e-06
194,1.9416816581436667e-03,3.7339171698391711e-06
195,1.9311421935275087e-03,3.8098722292777371e-06
196,1.9207162425276621e-03,3.8866957587972296e-06
197,1.9104020074492351e-03,3.9643862078914354e-06
198,1.9001977282012163e-03,4.0429419330261109e-06
199,1.8901016813187856e-03,4.1223611999914462e-06
200,1.8801121790162458e-03,4.2026421861693419e-06
201,1.8702275682693492e-03,4.2837829825727703e-06
202,1.8604462299248916e-03,4.3657815965675412e-06
203,1.8507665778380634e-03,4.4486359534209037e-06
204,1.8411870580354363e-03,4.5323438988793663e-06
205,1.8317061479032001e-03,4.6169032012458029e-06
206,1.8223223553999455e-03,4.7023115532161380e-06
207,1.8130342182927912e-03,4.7885665739871914e-06
208,1.8038403034159899e-03,4.8756658116071976e-06
209,1.7947392059518414e-03,4.9636067442868351e-06
210,1.7857295487325444e-03,5.0523867829934136e-06
211,1.7768099815623701e-03,5.1420032728951597e-06
212,1.7679791805600773e-03,5.2324534954723766e-06
213,1.7592358475194815e-03,5.3237346701881143e-06
214,1.7505787092899903e-03,5.4158439564671680e-06
215,1.7420065171731725e-03,5.5087784552899910e-06
216,1.7335180463383731e-03,5.6025352111270508e-06
217,1.7251120952533707e-03,5.6971112133654769e-06
218,1.7167874851326231e-03,5.7925033983414388e-06
219,1.7085430594001149e-03,5.8887086506301433e-06
220,1.7003776831677555e-03,5.9857238050042529e-06
221,1.6922902427282918e-03,6.0835456478295912e-06
222,1.6842796450626172e-03,6.1821709185614630e-06
223,1.6763448173601034e-03,6.2815963114749009e-06
224,1.6684847065531405e-03,6.3818184770418193e-06
225,1.6606982788635297e-03,6.4828340234542666e-06
226,1.6529845193620921e-03,6.5846395180292701e-06
227,1.6453424315400456e-03,6.6872314886767065e-06
228,1.6377710368914206e-03,6.7906064252603650e-06
229,1.6302693745081347e-03,6.8947607810600737e-06
230,1.6228365006845974e-03,6.9996909740029889e-06
231,1.6154714885336704e-03,7.1053933880474770e-06
232,1.6081734276127797e-03,7.2118643743205589e-06
233,1.6009414235598457e-03,7.3191002527564491e-06
234,1.5937745977390081e-03,7.4270973128972052e-06
235,1.5866720868956260e-03,7.5358518155155605e-06
236,1.5796330428202736e-03,7.6453599934778059e-06
237,1.5726566320216303e-03,7.7556180530249452e-06
238,1.5657420354078715e-03,7.8666221750839637e-06
239,1.5588884479763993e-03,7.9783685162424245e-06
240,1.5520950785112358e-03,8.0908532098532162e-06
241,1.5453611492888162e-03,8.2040723670726595e-06
242,1.5386858957906718e-03,8.3180220781478264e-06
243,1.5320685664239660e-03,8.4326984132009499e-06
244,1.5255084222487705e-03,8.5480974233567440e-06
245,1.5190047367124768e-03,8.6642151417455361e-06
246,1.5125567953906277e-03,8.7810475844969552e-06
247,1.5061638957346241e-03,8.8985907516433789e-06
248,1.4998253468255693e-03,9.0168406279508054e-06
249,1.4935404691338321e-03,9.1357931842480169e-06
250,1.4873085942854977e-03,9.2554443778758277e-06
251,1.4811290648336338e-03,9.3757901536818618e-06
252,1.4750012340356655e-03,9.4968264449846623e-06
253,1.4689244656362727e-03,9.6185491744778555e-06
254,1.4628981336552317e-03,9.7409542547928837e-06
255,1.4569216221806281e-03,9.8640375894723697e-06
256,1.4509943251671553e-03,9.9877950738916721e-06
257,1.4451156462391966e-03,1.0112222595596512e-05
258,1.4392849984982998e-03,1.0237316035594215e-05
259,1.4335018043360114e-03,1.0363071268770932e-05
260,1.4277654952502073e-03,1.0489484164595891e-05
261,1.4220755116667106e-03,1.0616550588010749e-05
262,1.4164313027643582e-03,1.0744266399984248e-05
263,1.4108323263048552e-03,1.0872627458135348e-05
264,1.4052780484658470e-03,1.1001629617635952e-05
265,1.3997679436787010e-03,1.1131268731519211e-05
266,1.3943014944694026e-03,1.1261540651647915e-05
267,1.3888781913037182e-03,1.1392441229019257e-05
268,1.3834975324350672e-03,1.1523966314648888e-05
269,1.3781590237570353e-03,1.1656111759757935e-05
270,1.3728621786583337e-03,1.1788873416938900e-05
271,1.3676065178813454e-03,1.1922247140121356e-05
272,1.3623915693842185e-03,1.2056228785476855e-05
273,1.3572168682053579e-03,1.2190814211764031e-05
274,1.3520819563318219e-03,1.2325999280968932e-05
275,1.3469863825700662e-03,1.2461779858803284e-05
276,1.3419297024196647e-03,1.2598151815092167e-05
277,1.3369114779500891e-03,1.2735111024253966e-05
278,1.3319312776799341e-03,1.2872653366014650e-05
279,1.3269886764592166e-03,1.3010774725494795e-05
280,1.3220832553536628e-03,1.3149470993961388e-05
281,1.3172146015319206e-03,1.3288738069117518e-05
282,1.3123823081555013e-03,1.3428571855474862e-05
283,1.3075859742704842e-03,1.3568968264890361e-05
284,1.3028252047018053e-03,1.3709923216911841e-05
285,1.2980996099502277e-03,1.3851432639172265e-05
286,1.2934088060911353e-03,1.3993492467760976e-05
287,1.2887524146752681e-03,1.4136098647559630e-05
288,1.2841300626321140e-03,1.4279247132616554e-05
289,1.2795413821753449e-03,1.4422933886535829e-05
290,1.2749860107094735e-03,1.4567154882869221e-05
291,1.2704635907394653e-03,1.4711906105226165e-05
292,1.2659737697818766e-03,1.4857183547876923e-05
293,1.2615162002774501e-03,1.5002983215783771e-05
294,1.2570905395060529e-03,1.5149301125156416e-05
295,1.2526964495035639e-03,1.5296133303559523e-05
296,1.2483335969794940e-03,1.5443475790245199e-05
297,1.2440016532375873e-03,1.5591324636519036e-05
298,1.2397002940970183e-03,1.5739675905869996e-05
299,1.2354291998157615e-03,1.5888525674401680e-05
300,1.2311880550155321e-03,1.6037870030823453e-05
301,1.2269765486077589e-03,1.6187705076921296e-05
302,1.2227943737218060e-03,1.6338026927785392e-05
303,1.2186412276338670e-03,1.6488831711892325e-05
304,1.2145168116980153e-03,1.6640115571348380e-05
305,1.2104208312780078e-03,1.6791874662288831e-05
306,1.2063529956810469e-03,1.6944105154885866e-05
307,1.2023130180922048e-03,1.7096803233663400e-05
308,1.1983006155108227e-03,1.7249965097530308e-05
309,1.1943155086876075e-03,1.7403586960178689e-05
310,1.1903574220633348e-03,1.7557665050153272e-05
311,1.1864260837087378e-03,1.7712195610987172e-05
312,1.1825212252652294e-03,1.7867174901395030e-05
313,1.1786425818870658e-03,1.8022599195546358e-05
314,1.1747898921849269e-03,1.8178464783038606e-05
315,1.1709628981696571e-03,1.8334767969122744e-05
316,1.1671613451983268e-03,1.8491505074963603e-05
317,1.1633849819201942e-03,1.8648672437459910e-05
318,1.1596335602245727e-03,1.8806266409730711e-05
319,1.1559068351889902e-03,1.8964283361181819e-05
320,1.1522045650290030e-03,1.9122719677273058e-05
321,1.1485265110484093e-03,1.9281571760070889e-05
322,1.1448724375907071e-03,1.9440836028124632e-05
323,1.1412421119914118e-03,1.9600508916715656e-05
324,1.1376353045312705e-03,1.9760586877700771e-05
325,1.1340517883902245e-03,1.9921066379891829e-05
326,1.1304913396024258e-03,2.0081943909009297e-05
327,1.1269537370120440e-03,2.0243215967837580e-05
328,1.1234387622298045e-03,2.0404879076161304e-05
329,1.1199461995903093e-03,2.0566929770892160e-05
330,1.1164758361103518e-03,2.0729364606350951e-05
331,1.1130274614477703e-03,2.0892180154108600e-05
332,1.1096008678612359e-03,2.1055373003034744e-05
333,1.1061958501706699e-03,2.1218939759549004e-05
334,1.1028122057181607e-03,2.1382877047471665e-05
335,1.0994497343301856e-03,2.1547181508161849e-05
336,1.0961082382800729e-03,2.1711849800691648e-05
337,1.0927875222510469e-03,2.1876878601636105e-05
338,1.0894873933002087e-03,2.2042264605347907e-05
339,1.0862076608230838e-03,2.2208004523786552e-05
340,1.0829481365189305e-03,2.2374095086792304e-05
341,1.0797086343562303e-03,2.2540533041888831e-05
342,1.0764889705393000e-03,2.2707315154468136e-05
343,1.0732889634751581e-03,2.2874438207748118e-05
344,1.0701084337412278e-03,2.3041899002724435e-05
345,1.0669472040534308e-03,2.3209694358465515e-05
346,1.0638050992347354e-03,2.3377821111583495e-05
347,1.0606819461845792e-03,2.3546276117015619e-05
348,1.0575775738485864e-03,2.3715056247277343e-05
349,1.0544918131889906e-03,2.3884158392977909e-05
350,1.0514244971550886e-03,2.4053579462599772e-05
351,1.0483754606551159e-03,2.4223316382468155e-05
352,1.0453445405275502e-03,2.4393366097036897e-05
353,1.0423315755137073e-03,2.4563725568478280e-05
354,1.0393364062304732e-03,2.4734391776985850e-05
355,1.0363588751434122e-03,2.4905361720569885e-05
356,1.0333988265406387e-03,2.5076632415291889e-05
357,1.0304561065067885e-03,2.5248200894887798e-05
358,1.0275305628978674e-03,2.5420064211202050e-05
359,1.0246220453156765e-03,2.5592219433634354e-05
360,1.0217304050840058e-03,2.5764663649738289e-05
361,1.0188554952240384e-03,2.5937393964602687e-05
362,1.0159971704303934e-03,2.6110407501228686e-05
363,1.0131552870483215e-03,2.6283701400521575e-05
364,1.0103297030501918e-03,2.6457272820769666e-05
365,1.0075202780131358e-03,2.6631118938190341e-05
366,1.0047268730971656e-03,2.6805236946750162e-05
367,1.0019493510223839e-03,2.6979624057886276e-05
368,9.9918757604851023e-04,2.7154277500681686e-05
369,9.9644141395312030e-04,2.7329194521804635e-05
370,9.9371073201110871e-04,2.7504372385566830e-05
371,9.9099539897398031e-04,2.7679808373575917e-05
372,9.8829528505009132e-04,2.7855499785177535e-05
373,9.8561026188442218e-04,2.8031443936672816e-05
374,9.8294020253950043e-04,2.8207638162130022e-05
375,9.8028498147581761e-04,2.8384079812917151e-05
376,9.7764447453344287e-04,2.8560766257429762e-05
377,9.7501855891294470e-04,2.8737694881514958e-05
378,9.7240711315762618e-04,2.8914863088159788e-05
379,9.6981001713509953e-04,2.9092268297411274e-05
380,9.6722715201997406e-04,2.9269907946439926e-05
381,9.6465840027624376e-04,2.9447779489545645e-05
382,9.6210364564012249e-04,2.9625880397745827e-05
383,9.5956277310337782e-04,2.9804208159238108e-05
384,9.5703566889658229e-04,2.9982760278966602e-05
385,9.5452222047272847e-04,3.0161534278783505e-05
386,9.5202231649127954e-04,3.0340527697138757e-05
387,9.4953584680237979e-04,3.0519738089317221e-05
388,9.4706270243104837e-04,3.0699163027078659e-05
389,9.4460277556209058e-04,3.0878800099021357e-05
390,9.4215595952462704e-04,3.1058646909895782e-05
391,9.3972214877783666e-04,3.1238701081234911e-05
392,9.3730123889556997e-04,3.1418960250926513e-05
393,9.3489312655254818e-04,3.1599422072908742e-05
394,9.3249770950985334e-04,3.1780084217675826e-05
395,9.3011488660087118e-04,3.1960944371707861e-05
396,9.2774455771784520e-04,3.2142000237759639e-05
397,9.2538662379808886e-04,3.2323249534739614e-05
398,9.2304098681055945e-04,3.2504689997228115e-05
399,9.2070754974294755e-04,3.2686319376142461e-05
400,9.1838621658862029e-04,3.2868135437959165e-05
401,9.1607689233366046e-04,3.3050135965015976e-05
402,9.1377948294466536e-04,3.3232318755530065e-05
403,9.1149389535610033e-04,3.3414681623174958e-05
404,9.0922003745818290e-04,3.3597222397336492e-05
405,9.0695781808491829e-04,3.3779938922935098e-05
406,9.0470714700207114e-04,3.3962829060195439e-05
407,9.0246793489588196e-04,3.4145890684858271e-05
408,9.0024009336114516e-04,3.4329121687977955e-05
409,8.9802353489023862e-04,3.4512519975731646e-05
410,8.9581817286173799e-04,3.4696083469512438e-05
411,8.9362392152955706e-04,3.4879810105837124e-05
412,8.9144069601210490e-04,3.5063697836225281e-05
413,8.8926841228157631e-04,3.5247744626986647e-05
414,8.8710698715346089e-04,3.5431948459661091e-05
415,8.8495633827620208e-04,3.5616307330090094e-05
416,8.8281638412094807e-04,3.5800819249293902e-05
417,8.8068704397152673e-04,3.5985482242653527e-05
418,8.7856823791450541e-04,3.6170294350216904e-05
419,8.7645988682940798e-04,3.6355253626564080e-05
420,8.7436191237920847e-04,3.6540358140589863e-05
421,8.7227423700046919e-04,3.6725605975645359e-05
422,8.7019678389451370e-04,3.6910995229307505e-05
423,8.6812947701783965e-04,3.7096524013386914e-05
424,8.6607224107295886e-04,3.7282190453650334e-05
425,8.6402500149979772e-04,3.7467992690222462e-05
426,8.6198768446648050e-04,3.7653928876862322e-05
427,8.5996021686083929e-04,3.7839997181431186e-05
428,8.5794252628179873e-04,3.8026195785427778e-05
429,8.5593454103083920e-04,3.8212522884506810e-05
430,8.5393619010357103e-04,3.8398976687498720e-05
431,8.5194740318175874e-04,3.8585555417002732e-05
432,8.4996811062494810e-04,3.8772257309153667e-05
433,8.4799824346261615e-04,3.8959080613667499e-05
434,8.4603773338616322e-04,3.9146023593317303e-05
435,8.4408651274123453e-04,3.9333084524421212e-05
436,8.4214451451996046e-04,3.9520261696332994e-05
437,8.4021167235341914e-04,3.9707553411673026e-05
438,8.3828792050421068e-04,3.9894957986017826e-05
439,8.3637319385895705e-04,4.0082473748055163e-05
440,8.3446742792128443e-04,4.0270099039254031e-05
441,8.3257055880440870e-04,4.0457832213846117e-05
442,8.3068252322411260e-04,4.0645671639088876e-05
443,8.2880325849197926e-04,4.0833615694718577e-05
444,8.2693270250833748e-04,4.1021662773009345e-05
445,8.2507079375546675e-04,4.1209811278999612e-05
446,8.2321747129096275e-04,4.1398059630000047e-05
447,8.2137267474124986e-04,4.1586406255741556e-05
448,8.1953634429481894e-04,4.1774849598246217e-05
449,8.1770842069601416e-04,4.1963388111842196e-05
450,8.1588884523868684e-04,4.2152020262934030e-05
451,8.1407755975982895e-04,4.2340744530048417e-05
452,8.1227450663343115e-04,4.2529559403640271e-05
453,8.1047962876459900e-04,4.2718463386199705e-05
454,8.0869286958317930e-04,4.2907454991962558e-05
455,8.0691417303824665e-04,4.3096532747089440e-05
456,8.0514348359196186e-04,4.3285695189245617e-05
457,8.0338074621378013e-04,4.3474940867946308e-05
458,8.0162590637523044e-04,4.3664268344178096e-05
459,7.9987891004360142e-04,4.3853676190370171e-05
460,7.9813970367698041e-04,4.4043162990430341e-05
461,7.9640823421840733e-04,4.4232727339548615e-05
462,7.9468444909081991e-04,4.4422367844331759e-05
463,7.9296829619130956e-04,4.4612083122357432e-05
464,7.9125972388623643e-04,4.4801871802506956e-05
465,7.8955868100589067e-04,4.4991732524674135e-05
466,7.8786511683932067e-04,4.5181663939691657e-05
467,7.8617898112946175e-04,4.5371664709298180e-05
468,7.8450022406781838e-04,4.5561733506169432e-05
469,7.8282879628992230e-04,4.5751869013600117e-05
470,7.8116464887024659e-04,4.5942069925721180e-05
471,7.7950773331741366e-04,4.6132334947264387e-05
472,7.7785800156955208e-04,4.6322662793438366e-05
473,7.7621540598957098e-04,4.6513052190044990e-05
474,7.7457989936047396e-04,4.6703501873142752e-05
475,7.7295143488098530e-04,4.6894010589391691e-05
476,7.7132996616089224e-04,4.7084577095549210e-05
477,7.6971544721658313e-04,4.7275200158528075e-05
478,7.6810783246678428e-04,4.7465878555594527e-05
479,7.6650707672825053e-04,4.7656611073861866e-05
480,7.6491313521132183e-04,4.7847396510659136e-05
481,7.6332596351586554e-04,4.8038233673070026e-05
482,7.6174551762693684e-04,4.8229121378208979e-05
483,7.6017175391087895e-04,4.8420058452890295e-05
484,7.5860462911114845e-04,4.8611043733644425e-05
485,7.5704410034416821e-04,4.8802076066769255e-05
486,7.5549012509582329e-04,4.8993154308079962e-05
487,7.5394266121674874e-04,4.9184277322975675e-05
488,7.5240166691945877e-04,4.9375443986337950e-05
489,7.5086710077362068e-04,4.9566653182415727e-05
490,7.4933892170293923e-04,4.9757903804811087e-05
491,7.4781708898104672e-04,4.9949194756436095e-05
492,7.4630156222802607e-04,5.0140524949375863e-05
493,7.4479230140667965e-04,5.0331893304862593e-05
494,7.4328926681901562e-04,5.0523298753323198e-05
495,7.4179241910266795e-04,5.0714740233932001e-05
496,7.4030171922740123e-04,5.0906216695143888e-05
497,7.3881712849167120e-04,5.1097727094095858e-05
498,7.3733860851913941e-04,5.1289270396817238e-05
499,7.3586612125546959e-04,5.1480845578170134e-05
500,7.3439962896485844e-04,5.1672451621592062e-05
501,7.3293909422672890e-04,5.1864087519347452e-05
502,7.3148447993253340e-04,5.2055752272139400e-05
503,7.3003574928271375e-04,5.2247444889108019e-05
504,7.2859286578304272e-04,5.2439164388170249e-05
505,7.2715579324221936e-04,5.2630909795443812e-05
506,7.2572449576798479e-04,5.2822680145225029e-05
507,7.2429893776465690e-04,5.3014474480472386e-05
508,7.2287908392990497e-04,5.3206291852029711e-05
509,7.2146489925158780e-04,5.3398131319154802e-05
510,7.2005634900519069e-04,5.3589991949026782e-05
511,7.1865339875057355e-04,5.3781872816955618e-05
512,7.1725601432927235e-04,5.3973773006217006e-05
513,7.1586416186149012e-04,5.4165691608061742e-05
514,7.1447780774358961e-04,5.4357627721509132e-05
515,7.1309691864488410e-04,5.4549580453593762e-05
516,7.1172146150539435e-04,5.4741548918855719e-05
517,7.1035140353260318e-04,5.4933532239687155e-05
518,7.0898671219928847e-04,5.5125529546141080e-05
519,7.0762735524041798e-04,5.5317539975807455e-05
520,7.0627330065096657e-04,5.5509562673817268e-05
521,7.0492451668286327e-04,5.5701596792774508e-05
522,7.0358097184296546e-04,5.5893641492718241e-05
523,7.0224263488997084e-04,5.6085695941062011e-05
524,7.0090947483242858e-04,5.6277759312541042e-05
525,6.9958146092583429e-04,5.6469830789079625e-05
526,6.9825856267064553e-04,5.6661909560046236e-05
527,6.9694074980937069e-04,5.6853994821556207e-05
528,6.9562799232463586e-04,5.7046085777224850e-05
529,6.9432026043652131e-04,5.7238181637538279e-05
530,6.9301752460046656e-04,5.7430281619867452e-05
531,6.9171975550468034e-04,5.7622384948746366e-05
532,6.9042692406817599e-04,5.7814490855410651e-05
533,6.8913900143838377e-04,5.8006598578227003e-05
534,6.8785595898891228e-04,5.8198707361915360e-05
535,6.8657776831727749e-04,5.8390816458260437e-05
536,6.8530440124293642e-04,5.8582925125679889e-05
537,6.8403582980502487e-04,5.8775032629170659e-05
538,6.8277202626019216e-04,5.8967138240282096e-05
539,6.8151296308055455e-04,5.9159241237221944e-05
540,6.8025861295164863e-04,5.9351340904635374e-05
541,6.7900894877036668e-04,5.9543436533521200e-05
542,6.7776394364280491e-04,5.9735527421358049e-05
543,6.7652357088250354e-04,5.9927612872000034e-05
544,6.7528780400821938e-04,6.0119692195446738e-05
545,6.7405661674217179e-04,6.0311764708126438e-05
546,6.7282998300792615e-04,6.0503829732570228e-05
547,6.7160787692859729e-04,6.0695886597426674e-05
548,6.7039027282491369e-04,6.0887934637505738e-05
549,6.6917714521334240e-04,6.1079973193663042e-05
550,6.6796846880423275e-04,6.1272001612771689e-05
551,6.6676421850005889e-04,6.1464019247625784e-05
552,6.6556436939350136e-04,6.1656025457048301e-05
553,6.6436889676566480e-04,6.1848019605591329e-05
554,6.6317777608441791e-04,6.2040001063730290e-05
555,6.6199098300250892e-04,6.2231969207724244e-05
556,6.6080849335594879e-04,6.2423923419518092e-05
557,6.5963028316222687e-04,6.2615863086812776e-05
558,6.5845632861860799e-04,6.2807787602907775e-05
559,6.5728660610046613e-04,6.2999696366777187e-05
560,6.5612109215969769e-04,6.3191588782780762e-05
561,6.5495976352306074e-04,6.3383464261136465e-05
562,6.5380259709041778e-04,6.3575322217227333e-05
563,6.5264956993331088e-04,6.3767162071961023e-05
564,6.5150065929334903e-04,6.3958983251753278e-05
565,6.5035584258047092e-04,6.4150785188243892e-05
566,6.4921509737160283e-04,6.4342567318393314e-05
567,6.4807840140911608e-04,6.4534329084434835e-05
568,6.4694573259902735e-04,6.4726069933893681e-05
569,6.4581706900993094e-04,6.4917789319506391e-05
570,6.4469238887112593e-04,6.5109486699018804e-05
571,6.4357167057144907e-04,6.5301161535314981e-05
572,6.4245489265754563e-04,6.5492813296470578e-05
573,6.4134203383269439e-04,6.5684441455448955e-05
574,6.4023307295516972e-04,6.5876045490270992e-05
575,6.3912798903701350e-04,6.6067624883901896e-05
576,6.3802676124250586e-04,6.6259179124215098e-05
577,6.3692936888678467e-04,6.6450707703861838e-05
578,6.3583579143471839e-04,6.6642210120433859e-05
579,6.3474600849923988e-04,6.6833685876335343e-05
580,6.3365999984018218e-04,6.7025134478611992e-05
581,6.3257774536298330e-04,6.7216555439151611e-05
582,6.3149922511722672e-04,6.7407948274435524e-05
583,6.3042441929563747e-04,6.7599312505620923e-05
584,6.2935330823244307e-04,6.7790647658449454e-05
585,6.2828587240240912e-04,6.7981953263257148e-05
586,6.2722209241936814e-04,6.8173228854923645e-05
587,6.2616194903523362e-04,6.8364473972813632e-05
588,6.2510542313851494e-04,6.8555688160696758e-05
589,6.2405249575324655e-04,6.8746870966906461e-05
590,6.2300314803777107e-04,6.8938021943990824e-05
591,6.2195736128357914e-04,6.9129140648952075e-05
592,6.2091511691403888e-04,6.9320226643178719e-05
593,6.1987639648336458e-04,6.9511279492268175e-05
594,6.1884118167539811e-04,6.9702298766005687e-05
595,6.1780945430232393e-04,6.9893284038540589e-05
596,6.1678119630401574e-04,7.0084234888059810e-05
597,6.1575638974625834e-04,7.0275150897048248e-05
598,6.1473501682023297e-04,7.0466031651984310e-05
599,6.1371705984105752e-04,7.0656876743457805e-05
600,6.1270250124689210e-04,7.0847685766244024e-05
601,6.1169132359781438e-04,7.1038458318864990e-05
602,6.1068350957471261e-04,7.1229194004079015e-05
603,6.0967904197835462e-04,7.1419892428481756e-05
604,6.0867790372824660e-04,7.1610553202647076e-05
605,6.0768007786160343e-04,7.1801175940984803e-05
606,6.0668554753252619e-04,7.1991760261778034e-05
607,6.0569429601065386e-04,7.2182305787225451e-05
608,6.0470630668055486e-04,7.2372812143136803e-05
609,6.0372156304041419e-04,7.2563278959201065e-05
610,6.0274004870130942e-04,7.2753705868927124e-05
611,6.0176174738598744e-04,7.2944092509358055e-05
612,6.0078664292825801e-04,7.3134438521346956e-05
613,5.9981471927165943e-04,7.3324743549287426e-05
614,5.9884596046883682e-04,7.3515007241284981e-05
615,5.9788035068051638e-04,7.3705229248980327e-05
616,5.9691787417446315e-04,7.3895409227512184e-05
617,5.9595851532480047e-04,7.4085546835694219e-05
618,5.9500225861081394e-04,7.4275641735694372e-05
619,5.9404908861645882e-04,7.4465693593185530e-05
620,5.9309899002916056e-04,7.4655702077408535e-05
621,5.9215194763899805e-04,7.4845666860767323e-05
622,5.9120794633793809e-04,7.5035587619298383e-05
623,5.9026697111899489e-04,7.5225464032360658e-05
624,5.8932900707521713e-04,7.5415295782467267e-05
625,5.8839403939900663e-04,7.5605082555575269e-05
626,5.8746205338119472e-04,7.5794824040780517e-05
627,5.8653303441042371e-04,7.5984519930745358e-05
628,5.8560696797196985e-04,7.6174169920984882e-05
629,5.8468383964726926e-04,7.6363773710380880e-05
630,5.8376363511296813e-04,7.6553331001061382e-05
631,5.8284634014020965e-04,7.6742841498090385e-05
632,5.8193194059376829e-04,7.6932304909786670e-05
633,5.8102042243128300e-04,7.7121720947526283e-05
634,5.8011177170265275e-04,7.7311089325879666e-05
635,5.7920597454901186e-04,7.7500409762209772e-05
636,5.7830301720225618e-04,7.7689681977001002e-05
637,5.7740288598405671e-04,7.7878905693766717e-05
638,5.7650556730528017e-04,7.8068080639033440e-05
639,5.7561104766521158e-04,7.8257206542087666e-05
640,5.7471931365090637e-04,7.8446283135390215e-05
641,5.7383035193624263e-04,7.8635310153950179e-05
642,5.7294414928150169e-04,7.8824287335949321e-05
643,5.7206069253254248e-04,7.9013214422338253e-05
644,5.7117996862005157e-04,7.9202091156720293e-05
645,5.7030196455894959e-04,7.9390917285700709e-05
646,5.6942666744767194e-04,7.9579692558568441e-05
647,5.6855406446747084e-04,7.9768416727319332e-05
648,5.6768414288178555e-04,7.9957089546836167e-05
649,5.6681689003556916e-04,8.0145710774466003e-05
650,5.6595229335460926e-04,8.0334280170460190e-05
651,5.6509034034500063e-04,8.0522797497529304e-05
652,5.6423101859226531e-04,8.0711262521297554e-05
653,5.6337431576096919e-04,8.0899675009633325e-05
654,5.6252021959390984e-04,8.1088034733236341e-05
655,5.6166871791159853e-04,8.1276341465360774e-05
656,5.6081979861160290e-04,8.1464594981884946e-05
657,5.5997344966791603e-04,8.1652795060926258e-05
658,5.5912965913042429e-04,8.1840941483273289e-05
659,5.5828841512415369e-04,8.2029034032349079e-05
660,5.5744970584892055e-04,8.2217072493852354e-05
661,5.5661351957840706e-04,8.2405056655983380e-05
662,5.5577984465996497e-04,8.2592986309267899e-05
663,5.5494866951371854e-04,8.2780861246748198e-05
664,5.5411998263217696e-04,8.2968681263892653e-05
665,5.5329377257946086e-04,8.3156446158372726e-05
666,5.5247002799108059e-04,8.3344155730298998e-05
667,5.5164873757309241e-04,8.3531809782062949e-05
668,5.5082989010158637e-04,8.3719408118441266e-05
669,5.5001347442219458e-04,8.3906950546292061e-05
670,5.4919947944972070e-04,8.4094436875025452e-05
671,5.4838789416710820e-04,8.4281866915994884e-05
672,5.4757870762551977e-04,8.4469240482970540e-05
673,5.4677190894331681e-04,8.4656557391955586e-05
674,5.4596748730590219e-04,8.4843817460951578e-05
675,5.4516543196489670e-04,8.5031020510203026e-05
676,5.4436573223782007e-04,8.5218166362234477e-05
677,5.4356837750759671e-04,8.5405254841490412e-05
678,5.4277335722187011e-04,8.5592285774773938e-05
679,5.4198066089274359e-04,8.5779258990580114e-05
680,5.4119027809602428e-04,8.5966174319978343e-05
681,5.4040219847105941e-04,8.6153031595767167e-05
682,5.3961641171990711e-04,8.6339830652772397e-05
683,5.3883290760710649e-04,8.6526571328069169e-05
684,5.3805167595907929e-04,8.6713253460590970e-05
685,5.3727270666372319e-04,8.6899876891225305e-05
686,5.3649598966987286e-04,8.7086441462786614e-05
687,5.3572151498687353e-04,8.7272947020287765e-05
688,5.3494927268422769e-04,8.7459393410471793e-05
689,5.3417925289090556e-04,8.7645780481957890e-05
690,5.3341144579513292e-04,8.7832108085442732e-05
691,5.3264584164378211e-04,8.8018376073476502e-05
692,5.3188243074200111e-04,8.8204584300263675e-05
693,5.3112120345278062e-04,8.8390732622146325e-05
694,5.3036215019645579e-04,8.8576820897098466e-05
695,5.2960526145044457e-04,8.8762848985084831e-05
696,5.2885052774853290e-04,8.8948816747671464e-05
697,5.2809793968074407e-04,8.9134724048458861e-05
698,5.2734748789271348e-04,8.9320570752612414e-05
699,5.2659916308543902e-04,8.9506356727161516e-05
700,5.2585295601467459e-04,8.9692081840807522e-05
701,5.2510885749076626e-04,8.9877745964054518e-05
702,5.2436685837797868e-04,9.0063348969087170e-05
703,5.2362694959433059e-04,9.0248890729683311e-05
704,5.2288912211107008e-04,9.0434371121642093e-05
705,5.2215336695223978e-04,9.0619790022023109e-05
706,5.2141967519449479e-04,9.0805147309675385e-05
707,5.2068803796647529e-04,9.0990442865236543e-05
708,5.1995844644849335e-04,9.1175676570775851e-05
709,5.1923089187226850e-04,9.1360848310059045e-05
710,5.1850536552048622e-04,9.1545957968498437e-05
711,5.1778185872629985e-04,9.1731005432931536e-05
712,5.1706036287311585e-04,9.1915990591932731e-05
713,5.1634086939423467e-04,9.2100913335495181e-05
714,5.1562336977234707e-04,9.2285773555304842e-05
715,5.1490785553932037e-04,9.2470571144349765e-05
716,5.1419431827574391e-04,9.2655305997371674e-05
717,5.1348274961058650e-04,9.2839978010415109e-05
718,5.1277314122096993e-04,9.3024587081196763e-05
719,5.1206548483159460e-04,9.3209133108727377e-05
720,5.1135977221461958e-04,9.3393615993560473e-05
721,5.1065599518909449e-04,9.3578035637665376e-05
722,5.0995414562100003e-04,9.3762391944551577e-05
723,5.0925421542231735e-04,9.3946684819009915e-05
724,5.0855619655132704e-04,9.4130914167306465e-05
725,5.0786008101183077e-04,9.4315079897037493e-05
726,5.0716586085306490e-04,9.4499181917404620e-05
727,5.0647352816921313e-04,9.4683220138667591e-05
728,5.0578307509925222e-04,9.4867194472627074e-05
729,5.0509449382647872e-04,9.5051104832366510e-05
730,5.0440777657834472e-04,9.5234951132369482e-05
731,5.0372291562593473e-04,9.5418733288376770e-05
732,5.0303990328384621e-04,9.5602451217460663e-05
733,5.0235873190987369e-04,9.5786104837987881e-05
734,5.0167939390455729e-04,9.5969694069678334e-05
735,5.0100188171106196e-04,9.6153218833396647e-05
736,5.0032618781461601e-04,9.6336679051389629e-05
737,4.9965230474259016e-04,9.6520074647007682e-05
738,4.9898022506378531e-04,9.6703405545103344e-05
739,4.9830994138852123e-04,9.6886671671471894e-05
740,4.9764144636811624e-04,9.7069872953248088e-05
741,4.9697473269459495e-04,9.7253009318868985e-05
742,4.9630979310052699e-04,9.7436080697848137e-05
743,4.9564662035864670e-04,9.7619087020785206e-05
744,4.9498520728160321e-04,9.7802028219764290e-05
745,4.9432554672180552e-04,9.7984904227751664e-05
746,4.9366763157073651e-04,9.8167714978973647e-05
747,4.9301145475932266e-04,9.8350460408730026e-05
748,4.9235700925702940e-04,9.8533140453693015e-05
749,4.9170428807206353e-04,9.8715755051232508e-05
750,4.9105328425073989e-04,9.8898304140289479e-05
751,4.9040399087755171e-04,9.9080787660556333e-05
752,4.8975640107465205e-04,9.9263205552989006e-05
753,4.8911050800171292e-04,9.9445557759603959e-05
754,4.8846630485561656e-04,9.9627844223407165e-05
755,4.8782378487026266e-04,9.9810064888588868e-05
756,4.8718294131634942e-04,9.9992219700339790e-05
757,4.8654376750080421e-04,1.0017430860486111e-04
758,4.8590625676706202e-04,1.0035633154941611e-04
759,4.8527040249438715e-04,1.0053828848221661e-04
760,4.8463619809781694e-04,1.0072017935265630e-04
761,4.8400363702784816e-04,1.0090200411093978e-04
762,4.8337271277020471e-04,1.0108376270845888e-04
763,4.8274341884575121e-04,1.0126545509736566e-04
764,4.8211574880992843e-04,1.0144708123102217e-04
765,4.8148969625283857e-04,1.0162864106352255e-04
766,4.8086525479889170e-04,1.0181013455021152e-04
767,4.8024241810649824e-04,1.0199156164699369e-04
768,4.7962117986789565e-04,1.0217292231106676e-04
769,4.7900153380904086e-04,1.0235421650043983e-04
770,4.7838347368919201e-04,1.0253544417397812e-04
771,4.7776699330079683e-04,1.0271660529148329e-04
772,4.7715208646912407e-04,1.0289769981381279e-04
773,4.7653874705241747e-04,1.0307872770249439e-04
774,4.7592696894116450e-04,1.0325968892002206e-04
775,4.7531674605826664e-04,1.0344058342987112e-04
776,4.7470807235859970e-04,1.0362141119628792e-04
777,4.7410094182900598e-04,1.0380217218440436e-04
778,4.7349534848792070e-04,1.0398286636017270e-04
779,4.7289128638509383e-04,1.0416349369046603e-04
780,4.7228874960172809e-04,1.0434405414305633e-04
781,4.7168773224976466e-04,1.0452454768621937e-04
782,4.7108822847220582e-04,1.0470497428951963e-04
783,4.7049023244247689e-04,1.0488533392300966e-04
784,4.6989373836448168e-04,1.0506562655755181e-04
785,4.6929874047239715e-04,1.0524585216498709e-04
786,4.6870523303023392e-04,1.0542601071786321e-04
787,4.6811321033189452e-04,1.0560610218954616e-04
788,4.6752266670094033e-04,1.0578612655402067e-04
789,4.6693359649030663e-04,1.0596608378623523e-04
790,4.6634599408208288e-04,1.0614597386186017e-04
791,4.6575985388751571e-04,1.0632579675719883e-04
792,4.6517517034659904e-04,1.0650555244949504e-04
793,4.6459193792802570e-04,1.0668524091650081e-04
794,4.6401015112896091e-04,1.0686486213700522e-04
795,4.6342980447474909e-04,1.0704441609015919e-04
796,4.6285089251904717e-04,1.0722390275613191e-04
797,4.6227340984318789e-04,1.0740332211569153e-04
798,4.6169735105643041e-04,1.0758267415022511e-04
799,4.6112271079549512e-04,1.0776195884195661e-04
800,4.6054948372445213e-04,1.0794117617388851e-04
801,4.5997766453463514e-04,1.0812032612937494e-04
802,4.5940724794440817e-04,1.0829940869274004e-04
803,4.5883822869891212e-04,1.0847842384879025e-04
804,4.5827060157008941e-04,1.0865737158319579e-04
805,4.5770436135627235e-04,1.0883625188218137e-04
806,4.5713950288220670e-04,1.0901506473254120e-04
807,4.5657602099874277e-04,1.0919381012184113e-04
808,4.5601391058282069e-04,1.0937248803822982e-04
809,4.5545316653712809e-04,1.0955109847062069e-04
810,4.5489378379004881e-04,1.0972964140815302e-04
811,4.5433575729554809e-04,1.0990811684107549e-04
812,4.5377908203285026e-04,1.1008652476004167e-04
813,4.5322375300638619e-04,1.1026486515628499e-04
814,4.5266976524562674e-04,1.1044313802156123e-04
815,4.5211711380492028e-04,1.1062134334852182e-04
816,4.5156579376324715e-04,1.1079948113002724e-04
817,4.5101580022427197e-04,1.1097755135984163e-04
818,4.5046712831596551e-04,1.1115555403218533e-04
819,4.4991977319052225e-04,1.1133348914176596e-04
820,4.4937373002435903e-04,1.1151135668391908e-04
821,4.4882899401768204e-04,1.1168915665460230e-04
822,4.4828556039457719e-04,1.1186688905031772e-04
823,4.4774342440270326e-04,1.1204455386804239e-04
824,4.4720258131330815e-04,1.1222215110529550e-04
825,4.4666302642098885e-04,1.1239968076038419e-04
826,4.4612475504336751e-04,1.1257714283159626e-04
827,4.4558776252138149e-04,1.1275453731841890e-04
828,4.4505204421860120e-04,1.1293186422039061e-04
829,4.4451759552162649e-04,1.1310912353765091e-04
830,4.4398441183953087e-04,1.1328631527112378e-04
831,4.4345248860393357e-04,1.1346343942176862e-04
832,4.4292182126877188e-04,1.1364049599152357e-04
833,4.4239240531021779e-04,1.1381748498255348e-04
834,4.4186423622652248e-04,1.1399440639744388e-04
835,4.4133730953786830e-04,1.1417126023953817e-04
836,4.4081162078623453e-04,1.1434804651251519e-04
837,4.4028716553525432e-04,1.1452476522043812e-04
838,4.3976393937010701e-04,1.1470141636801137e-04
839,4.3924193789743310e-04,1.1487799996031224e-04
840,4.3872115674502054e-04,1.1505451600285649e-04
841,4.3820159156194417e-04,1.1523096450169484e-04
842,4.3768323801815045e-04,1.1540734546323269e-04
843,4.3716609180460500e-04,1.1558365889452682e-04
844,4.3665014863293383e-04,1.1575990480275103e-04
845,4.3613540423540810e-04,1.1593608319582943e-04
846,4.3562185436487000e-04,1.1611219408191715e-04
847,4.3510949479443485e-04,1.1628823746967992e-04
848,4.3459832131753200e-04,1.1646421336823255e-04
849,4.3408832974779603e-04,1.1664012178700779e-04
850,4.3357951591875571e-04,1.1681596273599575e-04
851,4.3307187568384866e-04,1.1699173622546939e-04
852,4.3256540491639836e-04,1.1716744226622418e-04
853,4.3206009950922476e-04,1.1734308086933281e-04
854,4.3155595537473551e-04,1.1751865204632437e-04
855,4.3105296844485975e-04,1.1769415580915697e-04
856,4.3055113467066090e-04,1.1786959217013716e-04
857,4.3005045002250859e-04,1.1804496114202134e-04
858,4.2955091048976941e-04,1.1822026273780087e-04
859,4.2905251208078383e-04,1.1839549697099221e-04
860,4.2855525082277570e-04,1.1857066385540204e-04
861,4.2805912276162189e-04,1.1874576340520457e-04
862,4.2756412396191204e-04,1.1892079563509551e-04
863,4.2707025050662232e-04,1.1909576055982680e-04
864,4.2657749849725474e-04,1.1927065819485668e-04
865,4.2608586405351790e-04,1.1944548855568844e-04
866,4.2559534331328293e-04,1.1962025165845068e-04
867,4.2510593243259739e-04,1.1979494751933579e-04
868,4.2461762758529722e-04,1.1996957615503437e-04
869,4.2413042496332532e-04,1.2014413758263090e-04
870,4.2364432077607756e-04,1.2031863181951673e-04
871,4.2315931125086063e-04,1.2049305888325554e-04
872,4.2267539263238078e-04,1.2066741879189580e-04
873,4.2219256118285940e-04,1.2084171156377572e-04
874,4.2171081318176547e-04,1.2101593721747018e-04
875,4.2123014492590177e-04,1.2119009577211525e-04
876,4.2075055272915759e-04,1.2136418724688381e-04
877,4.2027203292243655e-04,1.2153821166129751e-04
878,4.1979458185365751e-04,1.2171216903538912e-04
879,4.1931819588748962e-04,1.2188605938927440e-04
880,4.1884287140540421e-04,1.2205988274337782e-04
881,4.1836860480548089e-04,1.2223363911865394e-04
882,4.1789539250234274e-04,1.2240732853606236e-04
883,4.1742323092704728e-04,1.2258095101703090e-04
884,4.1695211652710107e-04,1.2275450658310769e-04
885,4.1648204576616600e-04,1.2292799525645239e-04
886,4.1601301512410332e-04,1.2310141705900067e-04
887,4.1554502109680125e-04,1.2327477201349137e-04
888,4.1507806019621632e-04,1.2344806014251650e-04
889,4.1461212895013835e-04,1.2362128146919198e-04
890,4.1414722390213155e-04,1.2379443601675969e-04
891,4.1368334161152572e-04,1.2396752380884564e-04
892,4.1322047865319499e-04,1.2414054486922910e-04
893,4.1275863161765178e-04,1.2431349922197146e-04
894,4.1229779711062225e-04,1.2448638689155830e-04
895,4.1183797175344634e-04,1.2465920790235232e-04
896,4.1137915218253808e-04,1.2483196227932369e-04
897,4.1092133504957838e-04,1.2500465004749122e-04
898,4.1046451702129007e-04,1.2517727123217271e-04
899,4.1000869477938610e-04,1.2534982585902483e-04
900,4.0955386502050900e-04,1.2552231395373362e-04
901,4.0910002445617420e-04,1.2569473554230017e-04
902,4.0864716981258488e-04,1.2586709065105396e-04
903,4.0819529783064418e-04,1.2603937930649083e-04
904,4.0774440526574905e-04,1.2621160153532718e-04
905,4.0729448888794325e-04,1.2638375736441883e-04
906,4.0684554548153036e-04,1.2655584682100577e-04
907,4.0639757184525368e-04,1.2672786993239658e-04
908,4.0595056479208894e-04,1.2689982672625788e-04
909,4.0550452114914180e-04,1.2707171723026127e-04
910,4.0505943775765243e-04,1.2724354147257232e-04
911,4.0461531147283753e-04,1.2741529948120521e-04
912,4.0417213916388501e-04,1.2758699128469515e-04
913,4.0372991771384694e-04,1.2775861691165501e-04
914,4.0328864401948533e-04,1.2793017639090557e-04
915,4.0284831499136191e-04,1.2810166975145225e-04
916,4.0240892755356785e-04,1.2827309702254097e-04
917,4.0197047864385749e-04,1.2844445823340575e-04
918,4.0153296521332432e-04,1.2861575341388583e-04
919,4.0109638422655149e-04,1.2878698259355880e-04
920,4.0066073266147115e-04,1.2895814580241786e-04
921,4.0022600750912884e-04,1.2912924307068922e-04
922,3.9979220577397397e-04,1.2930027442860831e-04
923,3.9935932447329736e-04,1.2947123990667328e-04
924,3.9892736063763400e-04,1.2964213953557121e-04
925,3.9849631131037215e-04,1.2981297334618554e-04
926,3.9806617354779753e-04,1.2998374136950021e-04
927,3.9763694441908578e-04,1.3015444363665400e-04
928,3.9720862100600847e-04,1.3032508017905508e-04
929,3.9678120040322534e-04,1.3049565102818159e-04
930,3.9635467971785537e-04,1.3066615621571429e-04
931,3.9592905606952982e-04,1.3083659577348966e-04
932,3.9550432659046298e-04,1.3100696973351712e-04
933,3.9508048842521192e-04,1.3117727812790513e-04
934,3.9465753873065728e-04,1.3134752098895462e-04
935,3.9423547467601464e-04,1.3151769834912204e-04
936,3.9381429344258233e-04,1.3168781024101229e-04
937,3.9339399222388543e-04,1.3185785669736426e-04
938,3.9297456822550092e-04,1.3202783775105410e-04
939,3.9255601866496515e-04,1.3219775343510502e-04
940,3.9213834077178941e-04,1.3236760378273552e-04
941,3.9172153178739145e-04,1.3253738882721008e-04
942,3.9130558896486353e-04,1.3270710860196737e-04
943,3.9089050956921345e-04,1.3287676314069271e-04
944,3.9047629087702348e-04,1.3304635247696745e-04
945,3.9006293017650678e-04,1.3321587664466902e-04
946,3.8965042476743055e-04,1.3338533567782587e-04
947,3.8923877196108330e-04,1.3355472961047989e-04
948,3.8882796908010686e-04,1.3372405847688403e-04
949,3.8841801345871198e-04,1.3389332231138895e-04
950,3.8800890244213785e-04,1.3406252114851774e-04
951,3.8760063338704663e-04,1.3423165502276144e-04
952,3.8719320366127489e-04,1.3440072396891451e-04
953,3.8678661064373872e-04,1.3456972802180681e-04
954,3.8638085172446371e-04,1.3473866721633936e-04
955,3.8597592430445366e-04,1.3490754158753646e-04
956,3.8557182579564066e-04,1.3507635117064948e-04
957,3.8516855362096599e-04,1.3524509600086051e-04
958,3.8476610521405728e-04,1.3541377611364281e-04
959,3.8436447801941224e-04,1.3558239154446425e-04
960,3.8396366949219239e-04,1.3575094232887939e-04
961,3.8356367709826652e-04,1.3591942850262566e-04
962,3.8316449831410061e-04,1.3608785010147162e-04
963,3.8276613062671538e-04,1.3625620716132414e-04
964,3.8236857153355443e-04,1.3642449971821910e-04
965,3.8197181854261882e-04,1.3659272780828613e-04
966,3.8157586917218663e-04,1.3676089146748993e-04
967,3.8118072095093183e-04,1.3692899073243243e-04
968,3.8078637141782042e-04,1.3709702563923236e-04
969,3.8039281812194732e-04,1.3726499622444471e-04
970,3.8000005862260918e-04,1.3743290252466958e-04
971,3.7960809048934055e-04,1.3760074457650864e-04
972,3.7921691130155650e-04,1.3776852241667318e-04
973,3.7882651864873135e-04,1.3793623608196107e-04
974,3.7843691013037943e-04,1.3810388560931932e-04
975,3.7804808335588493e-04,1.3827147103566737e-04
976,3.7766003594434482e-04,1.3843899239814397e-04
977,3.7727276552491321e-04,1.3860644973384952e-04
978,3.7688626973626007e-04,1.3877384307997646e-04
979,3.7650054622692723e-04,1.3894117247365071e-04
980,3.7611559265494286e-04,1.3910843795258203e-04
981,3.7573140668806546e-04,1.3927563955404382e-04
982,3.7534798600358948e-04,1.3944277731542666e-04
983,3.7496532828822077e-04,1.3960985127441767e-04
984,3.7458343123820677e-04,1.3977686146870956e-04
985,3.7420229255916436e-04,1.3994380793597752e-04
986,3.7382190996605399e-04,1.4011069071396721e-04
987,3.7344228118318056e-04,1.4027750984059120e-04
988,3.7306340394404317e-04,1.4044426535368061e-04
989,3.7268527599141038e-04,1.4061095729129725e-04
990,3.7230789507718218e-04,1.4077758569139547e-04
991,3.7193125896234933e-04,1.4094415059216883e-04
992,3.7155536541712552e-04,1.4111065203173032e-04
993,3.7118021222048894e-04,1.4127709004830761e-04
994,3.7080579716058172e-04,1.4144346468008266e-04
995,3.7043211803447712e-04,1.4160977596551922e-04
996,3.7005917264802853e-04,1.4177602394295375e-04
997,3.6968695881597652e-04,1.4194220865079344e-04
998,3.6931547436195922e-04,1.4210833012756344e-04
999,3.6894471711815160e-04,1.4227438841178517e-04
1000,3.6857468492567383e-04,1.4244038354202808e-04
1001,3.6820537563407189e-04,1.4260631555699810e-04
1002,3.6783678710170301e-04,1.4277218449531800e-04
1003,3.6746891719546452e-04,1.4293799039576149e-04
1004,3.6710176379065994e-04,1.4310373329706671e-04
1005,3.6673532477119765e-04,1.4326941323817915e-04
1006,3.6636959802937853e-04,1.4343503025773872e-04
1007,3.6600458146596627e-04,1.4360058439485919e-04
1008,3.6564027299005176e-04,1.4376607568837953e-04
1009,3.6527667051900408e-04,1.4393150417738585e-04
1010,3.6491377197849076e-04,1.4409686990080327e-04
1011,3.6455157530248969e-04,1.4426217289785010e-04
1012,3.6419007843301141e-04,1.4442741320743092e-04
1013,3.6382927932042131e-04,1.4459259086890296e-04
1014,3.6346917592305976e-04,1.4475770592123921e-04
1015,3.6310976620730374e-04,1.4492275840387751e-04
1016,3.6275104814770872e-04,1.4508774835590710e-04
1017,3.6239301972672625e-04,1.4525267581664848e-04
1018,3.6203567893473355e-04,1.4541754082540709e-04
1019,3.6167902377011414e-04,1.4558234342154123e-04
1020,3.6132305223902532e-04,1.4574708364442353e-04
1021,3.6096776235551304e-04,1.4591176153340907e-04
1022,3.6061315214139543e-04,1.4607637712798341e-04
1023,3.6025921962630801e-04,1.4624093046762630e-04
1024,3.5990596284746359e-04,1.4640542159178230e-04
1025,3.5955337984995084e-04,1.4656985053992523e-04
1026,3.5920146868627552e-04,1.4673421735163675e-04
1027,3.5885022741676713e-04,1.4689852206647142e-04
1028,3.5849965410915093e-04,1.4706276472403553e-04
1029,3.5814974683877755e-04,1.4722694536376942e-04
1030,3.5780050368844048e-04,1.4739106402559320e-04
1031,3.5745192274840904e-04,1.4755512074887203e-04
1032,3.5710400211637279e-04,1.4771911557344452e-04
1033,3.5675673989740329e-04,1.4788304853884351e-04
1034,3.5641013420388383e-04,1.4804691968494261e-04
1035,3.5606418315560056e-04,1.4821072905128033e-04
1036,3.5571888487945978e-04,1.4837447667771135e-04
1037,3.5537423750980587e-04,1.4853816260396575e-04
1038,3.5503023918793356e-04,1.4870178686984093e-04
1039,3.5468688806259606e-04,1.4886534951499535e-04
1040,3.5434418228946399e-04,1.4902885057932407e-04
1041,3.5400212003133233e-04,1.4919229010259847e-04
1042,3.5366069945818722e-04,1.4935566812463366e-04
1043,3.5331991874688206e-04,1.4951898468531805e-04
1044,3.5297977608143318e-04,1.4968223982431497e-04
1045,3.5264026965261549e-04,1.4984543358169991e-04
1046,3.5230139765832778e-04,1.5000856599716364e-04
1047,3.5196315830326373e-04,1.5017163711066546e-04
1048,3.5162554979900412e-04,1.5033464696199479e-04
1049,3.5128857036391452e-04,1.5049759559111875e-04
1050,3.5095221822321524e-04,1.5066048303783445e-04
1051,3.5061649160883664e-04,1.5082330934214556e-04
1052,3.5028138875951663e-04,1.5098607454386070e-04
1053,3.4994690792058313e-04,1.5114877868292501e-04
1054,3.4961304734414442e-04,1.5131142179923589e-04
1055,3.4927980528887500e-04,1.5147400393257689e-04
1056,3.4894718001999463e-04,1.5163652512317205e-04
1057,3.4861516980940670e-04,1.5179898541061227e-04
1058,3.4828377293554371e-04,1.5196138483491298e-04
1059,3.4795298768325789e-04,1.5212372343612158e-04
1060,3.4762281234389849e-04,1.5228600125398347e-04
1061,3.4729324521536812e-04,1.5244821832850476e-04
1062,3.4696428460186341e-04,1.5261037469949150e-04
1063,3.4663592881398349e-04,1.5277247040705992e-04
1064,3.4630817616877789e-04,1.5293450549088019e-04
1065,3.4598102498947412e-04,1.5309647999105377e-04
1066,3.4565447360570211e-04,1.5325839394739031e-04
1067,3.4532852035333344e-04,1.5342024739980440e-04
1068,3.4500316357441240e-04,1.5358204038820659e-04
1069,3.4467840161726495e-04,1.5374377295243147e-04
1070,3.4435423283639128e-04,1.5390544513245311e-04
1071,3.4403065559237639e-04,1.5406705696806210e-04
1072,3.4370766825198240e-04,1.5422860849910241e-04
1073,3.4338526918798915e-04,1.5439009976557459e-04
1074,3.4306345677932292e-04,1.5455153080728821e-04
1075,3.4274222941090362e-04,1.5471290166409462e-04
1076,3.4242158547364784e-04,1.5487421237570705e-04
1077,3.4210152336445169e-04,1.5503546298214360e-04
1078,3.4178204148608329e-04,1.5519665352306230e-04
1079,3.4146313824744785e-04,1.5535778403840076e-04
1080,3.4114481206309134e-04,1.5551885456789401e-04
1081,3.4082706135355584e-04,1.5567986515142854e-04
1082,3.4050988454519617e-04,1.5584081582864273e-04
1083,3.4019328007018929e-04,1.5600170663938900e-04
1084,3.3987724636646188e-04,1.5616253762332804e-04
1085,3.3956178187774749e-04,1.5632330882032127e-04
1086,3.3924688505340656e-04,1.5648402027002391e-04
1087,3.3893255434863851e-04,1.5664467201218857e-04
1088,3.3861878822420563e-04,1.5680526408648650e-04
1089,3.3830558514660707e-04,1.5696579653261386e-04
1090,3.3799294358788389e-04,1.5712626939022595e-04
1091,3.3768086202571072e-04,1.5728668269898960e-04
1092,3.3736933894335739e-04,1.5744703649855528e-04
1093,3.3705837282959136e-04,1.5760733082850016e-04
1094,3.3674796217876389e-04,1.5776756572846406e-04
1095,3.3643810549063364e-04,1.5792774123807519e-04
1096,3.3612880127048507e-04,1.5808785739681553e-04
1097,3.3582004802906236e-04,1.5824791424432221e-04
1098,3.3551184428249042e-04,1.5840791182007057e-04
1099,3.3520418855229067e-04,1.5856785016355796e-04
1100,3.3489707936538548e-04,1.5872772931437240e-04
1101,3.3459051525400348e-04,1.5888754931186170e-04
1102,3.3428449475564960e-04,1.5904731019564548e-04
1103,3.3397901641331698e-04,1.5920701200503647e-04
1104,3.3367407877505056e-04,1.5936665477948839e-04
1105,3.3336968039422992e-04,1.5952623855832528e-04
1106,3.3306581982948849e-04,1.5968576338105123e-04
1107,3.3276249564462540e-04,1.5984522928697812e-04
1108,3.3245970640856821e-04,1.6000463631543431e-04
1109,3.3215745069555382e-04,1.6016398450561630e-04
1110,3.3185572708473409e-04,1.6032327389694790e-04
1111,3.3155453416053201e-04,1.6048250452866877e-04
1112,3.3125387051237491e-04,1.6064167643996339e-04
1113,3.3095373473481041e-04,1.6080078967007990e-04
1114,3.3065412542732428e-04,1.6095984425826753e-04
1115,3.3035504119455493e-04,1.6111884024351420e-04
1116,3.3005648064595561e-04,1.6127777766518884e-04
1117,3.2975844239610861e-04,1.6143665656229600e-04
1118,3.2946092506448026e-04,1.6159547697390943e-04
1119,3.2916392727543346e-04,1.6175423893913563e-04
1120,3.2886744765827389e-04,1.6191294249704640e-04
1121,3.2857148484716670e-04,1.6207158768658919e-04
1122,3.2827603748115686e-04,1.6223017454670228e-04
1123,3.2798110420411282e-04,1.6238870311657103e-04
1124,3.2768668366466957e-04,1.6254717343489608e-04
1125,3.2739277451632594e-04,1.6270558554073793e-04
1126,3.2709937541735472e-04,1.6286393947289050e-04
1127,3.2680648503073689e-04,1.6302223527029505e-04
1128,3.2651410202412832e-04,1.6318047297163947e-04
1129,3.2622222507005556e-04,1.6333865261584341e-04
1130,3.2593085284558765e-04,1.6349677424163826e-04
1131,3.2563998403250892e-04,1.6365483788774351e-04
1132,3.2534961731725949e-04,1.6381284359290617e-04
1133,3.2505975139086125e-04,1.6397079139574236e-04
1134,3.2477038494900154e-04,1.6412868133506786e-04
1135,3.2448151669191831e-04,1.6428651344930082e-04
1136,3.2419314532440222e-04,1.6444428777724477e-04
1137,3.2390526955581293e-04,1.6460200435719038e-04
1138,3.2361788810002484e-04,1.6475966322788846e-04
1139,3.2333099967531560e-04,1.6491726442780674e-04
1140,3.2304460300469862e-04,1.6507480799533787e-04
1141,3.2275869681535631e-04,1.6523229396899432e-04
1142,3.2247327983910874e-04,1.6538972238718097e-04
1143,3.2218835081213574e-04,1.6554709328824927e-04
1144,3.2190390847502043e-04,1.6570440671055049e-04
1145,3.2161995157272680e-04,1.6586166269247577e-04
1146,3.2133647885460010e-04,1.6601886127212982e-04
1147,3.2105348907432636e-04,1.6617600248791740e-04
1148,3.2077098098991024e-04,1.6633308637796994e-04
1149,3.2048895336369258e-04,1.6649011298052347e-04
1150,3.2020740496226476e-04,1.6664708233374425e-04
1151,3.1992633455648083e-04,1.6680399447564418e-04
1152,3.1964574092155210e-04,1.6696084944445782e-04
1153,3.1936562283675347e-04,1.6711764727811511e-04
1154,3.1908597908574486e-04,1.6727438801464011e-04
1155,3.1880680845627543e-04,1.6743107169211167e-04
1156,3.1852810974027161e-04,1.6758769834844845e-04
1157,3.1824988173387813e-04,1.6774426802152129e-04
1158,3.1797212323739617e-04,1.6790078074919120e-04
1159,3.1769483305512053e-04,1.6805723656939159e-04
1160,3.1741800999557878e-04,1.6821363551985575e-04
1161,3.1714165287139389e-04,1.6836997763845573e-04
1162,3.1686576049914971e-04,1.6852626296282285e-04
1163,3.1659033169961466e-04,1.6868249153073703e-04
1164,3.1631536529744676e-04,1.6883866337984342e-04
1165,3.1604086012147233e-04,1.6899477854774545e-04
1166,3.1576681500438796e-04,1.6915083707214372e-04
1167,3.1549322878299751e-04,1.6930683899054889e-04
1168,3.1522010029797512e-04,1.6946278434036449e-04
1169,3.1494742839397849e-04,1.6961867315927581e-04
1170,3.1467521191956224e-04,1.6977450548472553e-04
1171,3.1440344972728497e-04,1.6993028135402894e-04
1172,3.1413214067357159e-04,1.7008600080459525e-04
1173,3.1386128361861570e-04,1.7024166387373833e-04
1174,3.1359087742662093e-04,1.7039727059893717e-04
1175,3.1332092096556744e-04,1.7055282101722583e-04
1176,3.1305141310736994e-04,1.7070831516608907e-04
1177,3.1278235272754265e-04,1.7086375308248547e-04
1178,3.1251373870560195e-04,1.7101913480376227e-04
1179,3.1224556992477399e-04,1.7117446036696928e-04
1180,3.1197784527206026e-04,1.7132972980918161e-04
1181,3.1171056363822261e-04,1.7148494316751556e-04
1182,3.1144372391769825e-04,1.7164010047887414e-04
1183,3.1117732500872788e-04,1.7179520178026831e-04
1184,3.1091136581321932e-04,1.7195024710872691e-04
1185,3.1064584523674791e-04,1.7210523650108519e-04
1186,3.1038076218857372e-04,1.7226016999414328e-04
1187,3.1011611558166607e-04,1.7241504762484372e-04
1188,3.0985190433254389e-04,1.7256986942981069e-04
1189,3.0958812736143495e-04,1.7272463544599039e-04
1190,3.0932478359209159e-04,1.7287934570995681e-04
1191,3.0906187195195705e-04,1.7303400025835093e-04
1192,3.0879939137196935e-04,1.7318859912787490e-04
1193,3.0853734078670030e-04,1.7334314235503600e-04
1194,3.0827571913425068e-04,1.7349762997658367e-04
1195,3.0801452535623248e-04,1.7365206202876374e-04
1196,3.0775375839775038e-04,1.7380643854827813e-04
1197,3.0749341720753587e-04,1.7396075957144867e-04
1198,3.0723350073767568e-04,1.7411502513468922e-04
1199,3.0697400794377455e-04,1.7426923527422231e-04
1200,3.0671493778499916e-04,1.7442339002665501e-04
1201,3.0645628922379388e-04,1.7457748942800467e-04
1202,3.0619806122612713e-04,1.7473153351466159e-04
1203,3.0594025276142988e-04,1.7488552232276125e-04
1204,3.0568286280246559e-04,1.7503945588837345e-04
1205,3.0542589032532644e-04,1.7519333424776689e-04
1206,3.0516933430969374e-04,1.7534715743699859e-04
1207,3.0491319373839303e-04,1.7550092549204930e-04
1208,3.0465746759765830e-04,1.7565463844892044e-04
1209,3.0440215487716931e-04,1.7580829634356227e-04
1210,3.0414725456975579e-04,1.7596189921196176e-04
1211,3.0389276567171559e-04,1.7611544708997105e-04
1212,3.0363868718245006e-04,1.7626894001338369e-04
1213,3.0338501810485072e-04,1.7642237801794119e-04
1214,3.0313175744489911e-04,1.7657576113955389e-04
1215,3.0287890421194758e-04,1.7672908941383103e-04
1216,3.0262645741850527e-04,1.7688236287646212e-04
1217,3.0237441608036060e-04,1.7703558156318485e-04
1218,3.0212277921648636e-04,1.7718874550940714e-04
1219,3.0187154584907519e-04,1.7734185475087066e-04
1220,3.0162071500346502e-04,1.7749490932293199e-04
1221,3.0137028570820137e-04,1.7764790926120237e-04
1222,3.0112025699499125e-04,1.7780085460103511e-04
1223,3.0087062789866374e-04,1.7795374537772938e-04
1224,3.0062139745718765e-04,1.7810658162685281e-04
1225,3.0037256471165908e-04,1.7825936338360557e-04
1226,3.0012412870628990e-04,1.7841209068319665e-04
1227,2.9987608848837730e-04,1.7856476356094899e-04
1228,2.9962844310828094e-04,1.7871738205196686e-04
1229,2.9938119161941964e-04,1.7886994619147471e-04
1230,2.9913433307839104e-04,1.7902245601453015e-04
1231,2.9888786654469306e-04,1.7917491155615810e-04
1232,2.9864179108087462e-04,1.7932731285149369e-04
1233,2.9839610575257031e-04,1.7947965993540018e-04
1234,2.9815080962839960e-04,1.7963195284292146e-04
1235,2.9790590177994022e-04,1.7978419160887360e-04
1236,2.9766138128185012e-04,1.7993637626812514e-04
1237,2.9741724721154384e-04,1.8008850685556890e-04
1238,2.9717349864966439e-04,1.8024058340578480e-04
1239,2.9693013467966222e-04,1.8039260595382396e-04
1240,2.9668715438788015e-04,1.8054457453407107e-04
1241,2.9644455686366779e-04,1.8069648918132283e-04
1242,2.9620234119926168e-04,1.8084834993025426e-04
1243,2.9596050648980458e-04,1.8100015681525369e-04
1244,2.9571905183330523e-04,1.8115190987104819e-04
1245,2.9547797633065742e-04,1.8130360913195528e-04
1246,2.9523727908564609e-04,1.8145525463255236e-04
1247,2.9499695920485075e-04,1.8160684640710739e-04
1248,2.9475701579776504e-04,1.8175838448999438e-04
1249,2.9451744797664715e-04,1.8190986891563360e-04
1250,2.9427825485659875e-04,1.8206129971832288e-04
1251,2.9403943555560163e-04,1.8221267693217721e-04
1252,2.9380098919425525e-04,1.8236400059141509e-04
1253,2.9356291489613837e-04,1.8251527073028667e-04
1254,2.9332521178746700e-04,1.8266648738282112e-04
1255,2.9308787899730168e-04,1.8281765058306821e-04
1256,2.9285091565747502e-04,1.8296876036505660e-04
1257,2.9261432090242384e-04,1.8311981676290897e-04
1258,2.9237809386938122e-04,1.8327081981042001e-04
1259,2.9214223369846819e-04,1.8342176954160385e-04
1260,2.9190673953221507e-04,1.8357266599018166e-04
1261,2.9167161051605749e-04,1.8372350919012255e-04
1262,2.9143684579811054e-04,1.8387429917513242e-04
1263,2.9120244452901723e-04,1.8402503597894607e-04
1264,2.9096840586226216e-04,1.8417571963531392e-04
1265,2.9073472895387958e-04,1.8432635017784946e-04
1266,2.9050141296253822e-04,1.8447692764016161e-04
1267,2.9026845704964113e-04,1.8462745205581905e-04
1268,2.9003586037912641e-04,1.8477792345837469e-04
1269,2.8980362211754448e-04,1.8492834188133011e-04
1270,2.8957174143413519e-04,1.8507870735802361e-04
1271,2.8934021750060386e-04,1.8522901992201426e-04
1272,2.8910904949131677e-04,1.8537927960665673e-04
1273,2.8887823658325880e-04,1.8552948644513323e-04
1274,2.8864777795587399e-04,1.8567964047083490e-04
1275,2.8841767279115489e-04,1.8582974171703481e-04
1276,2.8818792027375295e-04,1.8597979021678859e-04
1277,2.8795851959074320e-04,1.8612978600343128e-04
1278,2.8772946993181641e-04,1.8627972910990363e-04
1279,2.8750077048902257e-04,1.8642961956941555e-04
1280,2.8727242045709778e-04,1.8657945741494926e-04
1281,2.8704441903313699e-04,1.8672924267956311e-04
1282,2.8681676541678552e-04,1.8687897539611899e-04
1283,2.8658945881012034e-04,1.8702865559748000e-04
1284,2.8636249841772606e-04,1.8717828331667224e-04
1285,2.8613588344661976e-04,1.8732785858631011e-04
1286,2.8590961310619785e-04,1.8747738143945795e-04
1287,2.8568368660841987e-04,1.8762685190858709e-04
1288,2.8545810316755955e-04,1.8777627002665952e-04
1289,2.8523286200041599e-04,1.8792563582606853e-04
1290,2.8500796232603336e-04,1.8807494933964272e-04
1291,2.8478340336604639e-04,1.8822421059991998e-04
1292,2.8455918434429871e-04,1.8837341963930961e-04
1293,2.8433530448711145e-04,1.8852257649051003e-04
1294,2.8411176302320097e-04,1.8867168118573532e-04
1295,2.8388855918355188e-04,1.8882073375772767e-04
1296,2.8366569220154462e-04,1.8896973423851408e-04
1297,2.8344316131292561e-04,1.8911868266068124e-04
1298,2.8322096575571746e-04,1.8926757905640126e-04
1299,2.8299910477038440e-04,1.8941642345796778e-04
1300,2.8277757759950095e-04,1.8956521589750405e-04
1301,2.8255638348816375e-04,1.8971395640735687e-04
1302,2.8233552168361665e-04,1.8986264501948848e-04
1303,2.8211499143546473e-04,1.9001128176607200e-04
1304,2.8189479199556980e-04,1.9015986667913397e-04
1305,2.8167492261810240e-04,1.9030839979062680e-04
1306,2.8145538255936896e-04,1.9045688113267597e-04
1307,2.8123617107812880e-04,1.9060531073697797e-04
1308,2.8101728743517136e-04,1.9075368863557472e-04
1309,2.8079873089371823e-04,1.9090201486030839e-04
1310,2.8058050071907688e-04,1.9105028944298744e-04
1311,2.8036259617881301e-04,1.9119851241536072e-04
1312,2.8014501654278877e-04,1.9134668380897297e-04
1313,2.7992776108287572e-04,1.9149480365573886e-04
1314,2.7971082907340131e-04,1.9164287198722245e-04
1315,2.7949421979057873e-04,1.9179088883506496e-04
1316,2.7927793251305498e-04,1.9193885423074393e-04
1317,2.7906196652152041e-04,1.9208676820580886e-04
1318,2.7884632109886117e-04,1.9223463079176960e-04
1319,2.7863099553005903e-04,1.9238244202008240e-04
1320,2.7841598910232132e-04,1.9253020192201448e-04
1321,2.7820130110493407e-04,1.9267791052907210e-04
1322,2.7798693082934864e-04,1.9282556787256132e-04
1323,2.7777287756913582e-04,1.9297317398377916e-04
1324,2.7755914061990366e-04,1.9312072889380300e-04
1325,2.7734571927945432e-04,1.9326823263397718e-04
1326,2.7713261284761779e-04,1.9341568523543087e-04
1327,2.7691982062644612e-04,1.9356308672926337e-04
1328,2.7670734191985539e-04,1.9371043714658435e-04
1329,2.7649517603399177e-04,1.9385773651846191e-04
1330,2.7628332227702191e-04,1.9400498487568175e-04
1331,2.7607177995918103e-04,1.9415218224953074e-04
1332,2.7586054839278740e-04,1.9429932867076654e-04
1333,2.7564962689203637e-04,1.9444642417022388e-04
1334,2.7543901477334416e-04,1.9459346877876590e-04
1335,2.7522871135512045e-04,1.9474046252725575e-04
1336,2.7501871595770618e-04,1.9488740544644891e-04
1337,2.7480902790350979e-04,1.9503429756697685e-04
1338,2.7459964651694105e-04,1.9518113891957975e-04
1339,2.7439057112442402e-04,1.9532792953494757e-04
1340,2.7418180105431963e-04,1.9547466944365029e-04
1341,2.7397333563699357e-04,1.9562135867623142e-04
1342,2.7376517420481803e-04,1.9576799726323289e-04
1343,2.7355731609208448e-04,1.9591458523516496e-04
1344,2.7334976063506664e-04,1.9606112262234504e-04
1345,2.7314250717196803e-04,1.9620760945538910e-04
1346,2.7293555504293682e-04,1.9635404576452898e-04
1347,2.7272890359014213e-04,1.9650043158011600e-04
1348,2.7252255215757008e-04,1.9664676693242466e-04
1349,2.7231650009114567e-04,1.9679305185178568e-04
1350,2.7211074673880338e-04,1.9693928636838479e-04
1351,2.7190529145023782e-04,1.9708547051230138e-04
1352,2.7170013357720072e-04,1.9723160431372815e-04
1353,2.7149527247319447e-04,1.9737768780280469e-04
1354,2.7129070749377438e-04,1.9752372100959210e-04
1355,2.7108643799617495e-04,1.9766970396402727e-04
1356,2.7088246333965274e-04,1.9781563669610201e-04
1357,2.7067878288529598e-04,1.9796151923584532e-04
1358,2.7047539599606613e-04,1.9810735161311516e-04
1359,2.7027230203665735e-04,1.9825313385778457e-04
1360,2.7006950037381590e-04,1.9839886599963273e-04
1361,2.6986699037591881e-04,1.9854454806851005e-04
1362,2.6966477141337033e-04,1.9869018009414742e-04
1363,2.6946284285822011e-04,1.9883576210623843e-04
1364,2.6926120408449759e-04,1.9898129413451838e-04
1365,2.6905985446789974e-04,1.9912677620842738e-04
1366,2.6885879338600953e-04,1.9927220835782076e-04
1367,2.6865802021824213e-04,1.9941759061214406e-04
1368,2.6845753434565696e-04,1.9956292300086161e-04
1369,2.6825733515133224e-04,1.9970820555364617e-04
1370,2.6805742201988923e-04,1.9985343829971049e-04
1371,2.6785779433788240e-04,1.9999862126859454e-04
1372,2.6765845149353271e-04,2.0014375448964211e-04
1373,2.6745939287690419e-04,2.0028883799218697e-04
1374,2.6726061787977877e-04,2.0043387180552314e-04
1375,2.6706212589563185e-04,2.0057885595888505e-04
1376,2.6686391631975781e-04,2.0072379048156940e-04
1377,2.6666598854914729e-04,2.0086867540269020e-04
1378,2.6646834198253974e-04,2.0101351075135161e-04
1379,2.6627097602040565e-04,2.0115829655682784e-04
1380,2.6607389006485442e-04,2.0130303284798660e-04
1381,2.6587708351978281e-04,2.0144771965398953e-04
1382,2.6568055579083265e-04,2.0159235700386541e-04
1383,2.6548430628517270e-04,2.0173694492641760e-04
1384,2.6528833441180329e-04,2.0188148345064231e-04
1385,2.6509263958142274e-04,2.0202597260556612e-04
1386,2.6489722120630528e-04,2.0217041241974194e-04
1387,2.6470207870048061e-04,2.0231480292225176e-04
1388,2.6450721147959965e-04,2.0245914414173148e-04
1389,2.6431261896099037e-04,2.0260343610701426e-04
1390,2.6411830056364779e-04,2.0274767884670452e-04
1391,2.6392425570820446e-04,2.0289187238953547e-04
1392,2.6373048381690895e-04,2.0303601676405566e-04
1393,2.6353698431371163e-04,2.0318011199897023e-04
1394,2.6334375662411945e-04,2.0332415812269149e-04
1395,2.6315080017530435e-04,2.0346815516382948e-04
1396,2.6295811439606812e-04,2.0361210315095749e-04
1397,2.6276569871680331e-04,2.0375600211227832e-04
1398,2.6257355256951255e-04,2.0389985207636943e-04
1399,2.6238167538780260e-04,2.0404365307161046e-04
1400,2.6219006660686448e-04,2.0418740512616896e-04
1401,2.6199872566355891e-04,2.0433110826868295e-04
1402,2.6180765199616411e-04,2.0447476252710299e-04
1403,2.6161684504473340e-04,2.0461836792972510e-04
1404,2.6142630425075516e-04,2.0476192450490744e-04
1405,2.6123602905731859e-04,2.0490543228051294e-04
1406,2.6104601890911990e-04,2.0504889128494059e-04
1407,2.6085627325237625e-04,2.0519230154614980e-04
1408,2.6066679153481496e-04,2.0533566309220889e-04
1409,2.6047757320578222e-04,2.0547897595108545e-04
1410,2.6028861771618334e-04,2.0562224015086423e-04
1411,2.6009992451834520e-04,2.0576545571941113e-04
1412,2.5991149306617061e-04,2.0590862268461734e-04
1413,2.5972332281520047e-04,2.0605174107442335e-04
1414,2.5953541322230059e-04,2.0619481091659530e-04
1415,2.5934776374600345e-04,2.0633783223905660e-04
1416,2.5916037384629065e-04,2.0648080506937904e-04
1417,2.5897324298463921e-04,2.0662372943540877e-04
1418,2.5878637062401764e-04,2.0676660536484337e-04
1419,2.5859975622894522e-04,2.0690943288538508e-04
1420,2.5841339926533144e-04,2.0705221202454245e-04
1421,2.5822729920068439e-04,2.0719494281006909e-04
1422,2.5804145550388172e-04,2.0733762526933629e-04
1423,2.5785586764529912e-04,2.0748025943003124e-04
1424,2.5767053509685977e-04,2.0762284531945717e-04
1425,2.5748545733185349e-04,2.0776538296528351e-04
1426,2.5730063382501018e-04,2.0790787239474402e-04
1427,2.5711606405259634e-04,2.0805031363535384e-04
1428,2.5693174749231139e-04,2.0819270671436688e-04
1429,2.5674768362320886e-04,2.0833505165916751e-04
1430,2.5656387192588307e-04,2.0847734849698080e-04
1431,2.5638031188226552e-04,2.0861959725500668e-04
1432,2.5619700297579100e-04,2.0876179796066197e-04
1433,2.5601394469129901e-04,2.0890395064089817e-04
1434,2.5583113651497064e-04,2.0904605532294127e-04
1435,2.5564857793453674e-04,2.0918811203392745e-04
1436,2.5546626843894938e-04,2.0933012080091474e-04
1437,2.5528420751872951e-04,2.0947208165098967e-04
1438,2.5510239466574274e-04,2.0961399461102834e-04
1439,2.5492082937321269e-04,2.0975585970807925e-04
1440,2.5473951113570502e-04,2.0989767696911316e-04
1441,2.5455843944932691e-04,2.1003944642101899e-04
1442,2.5437761381140391e-04,2.1018116809062154e-04
1443,2.5419703372073373e-04,2.1032284200485441e-04
1444,2.5401669867741538e-04,2.1046446819041295e-04
1445,2.5383660818291518e-04,2.1060604667409472e-04
1446,2.5365676174015094e-04,2.1074757748274663e-04
1447,2.5347715885323238e-04,2.1088906064294685e-04
1448,2.5329779902778365e-04,2.1103049618141238e-04
1449,2.5311868177064161e-04,2.1117188412474647e-04
1450,2.5293980659002962e-04,2.1131322449965923e-04
1451,2.5276117299560124e-04,2.1145451733261265e-04
1452,2.5258278049812235e-04,2.1159576265013447e-04
1453,2.5240462860988985e-04,2.1173696047885955e-04
1454,2.5222671684442023e-04,2.1187811084512882e-04
1455,2.5204904471660196e-04,2.1201921377542816e-04
1456,2.5187161174252879e-04,2.1216026929617778e-04
1457,2.5169441743978175e-04,2.1230127743383087e-04
1458,2.5151746132700501e-04,2.1244223821459580e-04
1459,2.5134074292440159e-04,2.1258315166481631e-04
1460,2.5116426175322316e-04,2.1272401781071400e-04
1461,2.5098801733623759e-04,2.1286483667868684e-04
1462,2.5081200919734660e-04,2.1300560829486226e-04
1463,2.5063623686168141e-04,2.1314633268531565e-04
1464,2.5046069985588064e-04,2.1328700987648973e-04
1465,2.5028539770768958e-04,2.1342763989412540e-04
1466,2.5011032994604472e-04,2.1356822276458111e-04
1467,2.4993549610135933e-04,2.1370875851382392e-04
1468,2.4976089570514479e-04,2.1384924716786935e-04
1469,2.4958652829020975e-04,2.1398968875264166e-04
1470,2.4941239339065487e-04,2.1413008329415772e-04
1471,2.4923849054175944e-04,2.1427043081840121e-04
1472,2.4906481928007663e-04,2.1441073135114105e-04
1473,2.4889137914343860e-04,2.1455098491829713e-04
1474,2.4871816967080983e-04,2.1469119154569977e-04
1475,2.4854519040249040e-04,2.1483135125910849e-04
1476,2.4837244087994167e-04,2.1497146408431183e-04
1477,2.4819992064586017e-04,2.1511153004702969e-04
1478,2.4802762924415949e-04,2.1525154917297908e-04
1479,2.4785556621999678e-04,2.1539152148789789e-04
1480,2.4768373111966118e-04,2.1553144701731399e-04
1481,2.4751212349071589e-04,2.1567132578686468e-04
1482,2.4734074288193996e-04,2.1581115782211480e-04
1483,2.4716958884323794e-04,2.1595094314868452e-04
1484,2.4699866092570588e-04,2.1609068179198962e-04
1485,2.4682795868175114e-04,2.1623037377758265e-04
1486,2.4665748166479161e-04,2.1637001913084260e-04
1487,2.4648722942958529e-04,2.1650961787727201e-04
1488,2.4631720153195396e-04,2.1664917004225769e-04
1489,2.4614739752891051e-04,2.1678867565106945e-04
1490,2.4597781697873611e-04,2.1692813472904839e-04
1491,2.4580845944070464e-04,2.1706754730164892e-04
1492,2.4563932447538506e-04,2.1720691339390365e-04
1493,2.4547041164445639e-04,2.1734623303127005e-04
1494,2.4530172051078994e-04,2.1748550623875253e-04
1495,2.4513325063833422e-04,2.1762473304167708e-04
1496,2.4496500159223392e-04,2.1776391346509116e-04
1497,2.4479697293875352e-04,2.1790304753420252e-04
1498,2.4462916424532405e-04,2.1804213527400746e-04
1499,2.4446157508047111e-04,2.1818117670958568e-04
1500,2.4429420501386828e-04,2.1832017186598345e-04
1501,2.4412705361637072e-04,2.1845912076821558e-04
1502,2.4396012045982320e-04,2.1859802344117405e-04
1503,2.4379340511732580e-04,2.1873687990983328e-04
1504,2.4362690716301874e-04,2.1887569019906798e-04
1505,2.4346062617216951e-04,2.1901445433379754e-04
1506,2.4329456172116447e-04,2.1915317233885785e-04
1507,2.4312871338747860e-04,2.1929184423901695e-04
1508,2.4296308074970590e-04,2.1943047005906042e-04
1509,2.4279766338751831e-04,2.1956904982381697e-04
1510,2.4263246088170081e-04,2.1970758355796511e-04
1511,2.4246747281411518e-04,2.1984607128621011e-04
1512,2.4230269876765576e-04,2.1998451303317288e-04
1513,2.4213813832646251e-04,2.2012290882350382e-04
1514,2.4197379107553175e-04,2.2026125868194779e-04
1515,2.4180965660113105e-04,2.2039956263277932e-04
1516,2.4164573449047362e-04,2.2053782070088895e-04
1517,2.4148202433193626e-04,2.2067603291062751e-04
1518,2.4131852571483077e-04,2.2081419928635603e-04
1519,2.4115523822967858e-04,2.2095231985277893e-04
1520,2.4099216146793856e-04,2.2109039463420624e-04
1521,2.4082929502221068e-04,2.2122842365511077e-04
1522,2.4066663848611804e-04,2.2136640693974600e-04
1523,2.4050419145428984e-04,2.2150434451255588e-04
1524,2.4034195352246604e-04,2.2164223639775931e-04
1525,2.4017992428735548e-04,2.2178008261983847e-04
1526,2.4001810334675972e-04,2.2191788320276811e-04
1527,2.3985649029951059e-04,2.2205563817106284e-04
1528,2.3969508474541590e-04,2.2219334754874578e-04
1529,2.3953388628542051e-04,2.2233101136000575e-04
1530,2.3937289452136411e-04,2.2246862962912772e-04
1531,2.3921210905618860e-04,2.2260620238000764e-04
1532,2.3905152949384829e-04,2.2274372963686516e-04
1533,2.3889115543923595e-04,2.2288121142375553e-04
1534,2.3873098649836082e-04,2.2301864776470126e-04
1535,2.3857102227818988e-04,2.2315603868365436e-04
1536,2.3841126238668321e-04,2.2329338420469568e-04
1537,2.3825170643283614e-04,2.2343068435164094e-04
1538,2.3809235402656183e-04,2.2356793914858608e-04
1539,2.3793320477888183e-04,2.2370514861922976e-04
1540,2.3777425830171436e-04,2.2384231278755308e-04
1541,2.3761551420803978e-04,2.2397943167736607e-04
1542,2.3745697211175433e-04,2.2411650531242966e-04
1543,2.3729863162780216e-04,2.2425353371663496e-04
1544,2.3714049237201105e-04,2.2439051691360373e-04
1545,2.3698255396129429e-04,2.2452745492709103e-04
1546,2.3682481601346557e-04,2.2466434778083572e-04
1547,2.3666727814734067e-04,2.2480119549848503e-04
1548,2.3650993998265522e-04,2.2493799810369868e-04
1549,2.3635280114020209e-04,2.2507475562006513e-04
1550,2.3619586124160922e-04,2.2521146807119976e-04
1551,2.3603911990956365e-04,2.2534813548063197e-04
1552,2.3588257676763054e-04,2.2548475787190293e-04
1553,2.3572623144037713e-04,2.2562133526853159e-04
1554,2.3557008355334967e-04,2.2575786769400753e-04
1555,2.3541413273287616e-04,2.2589435517174247e-04
1556,2.3525837860645081e-04,2.2603079772518233e-04
1557,2.3510282080236390e-04,2.2616719537770123e-04
1558,2.3494745894982066e-04,2.2630354815268141e-04
1559,2.3479229267907935e-04,2.2643985607352266e-04
1560,2.3463732162120579e-04,2.2657611916346561e-04
1561,2.3448254540828068e-04,2.2671233744578316e-04
1562,2.3432796367324645e-04,2.2684851094383117e-04
1563,2.3417357605000138e-04,2.2698463968076849e-04
1564,2.3401938217334294e-04,2.2712072367977071e-04
1565,2.3386538167898097e-04,2.2725676296419820e-04
1566,2.3371157420359998e-04,2.2739275755700311e-04
1567,2.3355795938466528e-04,2.2752870748139569e-04
1568,2.3340453686062843e-04,2.2766461276049632e-04
1569,2.3325130627091433e-04,2.2780047341738728e-04
1570,2.3309826725571758e-04,2.2793628947505483e-04
1571,2.3294541945615050e-04,2.2807206095662645e-04
1572,2.3279276251431395e-04,2.2820778788497359e-04
1573,2.3264029607310009e-04,2.2834347028322143e-04
1574,2.3248801977635811e-04,2.2847910817417846e-04
1575,2.3233593326875174e-04,2.2861470158081377e-04
1576,2.3218403619592294e-04,2.2875025052609835e-04
1577,2.3203232820428880e-04,2.2888575503275080e-04
1578,2.3188080894121291e-04,2.2902121512364434e-04
1579,2.3172947805489961e-04,2.2915663082179167e-04
1580,2.3157833519452120e-04,2.2929200214971056e-04
1581,2.3142738000993062e-04,2.2942732913035810e-04
1582,2.3127661215203437e-04,2.2956261178633789e-04
1583,2.3112603127246976e-04,2.2969785014044074e-04
1584,2.3097563702383054e-04,2.2983304421538662e-04
1585,2.3082542905951761e-04,2.2996819403378895e-04
1586,2.3067540703377827e-04,2.3010329961821487e-04
1587,2.3052557060177875e-04,2.3023836099140874e-04
1588,2.3037591941943065e-04,2.3037337817587492e-04
1589,2.3022645314359105e-04,2.3050835119426527e-04
1590,2.3007717143190470e-04,2.3064328006896427e-04
1591,2.2992807394290059e-04,2.3077816482254131e-04
1592,2.2977916033588861e-04,2.3091300547762933e-04
1593,2.2963043027108697e-04,2.3104780205647523e-04
1594,2.2948188340946748e-04,2.3118255458156678e-04
1595,2.2933351941296543e-04,2.3131726307546704e-04
1596,2.2918533794412708e-04,2.3145192756035484e-04
1597,2.2903733866656750e-04,2.3158654805874822e-04
1598,2.2888952124456099e-04,2.3172112459284017e-04
1599,2.2874188534328658e-04,2.3185565718506388e-04
1600,2.2859443062869732e-04,2.3199014585760465e-04
1601,2.2844715676756714e-04,2.3212459063287516e-04
1602,2.2830006342750253e-04,2.3225899153287626e-04
1603,2.2815315027693652e-04,2.3239334857999821e-04
1604,2.2800641698509296e-04,2.3252766179642967e-04
1605,2.2785986322192183e-04,2.3266193120423861e-04
1606,2.2771348865834235e-04,2.3279615682565759e-04
1607,2.2756729296592794e-04,2.3293033868262652e-04
1608,2.2742127581714595e-04,2.3306447679757907e-04
1609,2.2727543688519291e-04,2.3319857119214732e-04
1610,2.2712977584412233e-04,2.3333262188869256e-04
1611,2.2698429236869222e-04,2.3346662890916849e-04
1612,2.2683898613456486e-04,2.3360059227538644e-04
1613,2.2669385681811009e-04,2.3373451200959275e-04
1614,2.2654890409644525e-04,2.3386838813350069e-04
1615,2.2640412764761224e-04,2.3400222066912113e-04
1616,2.2625952715026344e-04,2.3413600963840392e-04
1617,2.2611510228397132e-04,2.3426975506312021e-04
1618,2.2597085272898032e-04,2.3440345696514926e-04
1619,2.2582677816633789e-04,2.3453711536631296e-04
1620,2.2568287827794110e-04,2.3467073028850640e-04
1621,2.2553915274627331e-04,2.3480430175339866e-04
1622,2.2539560125480734e-04,2.3493782978271918e-04
1623,2.2525222348756694e-04,2.3507131439822262e-04
1624,2.2510901912949877e-04,2.3520475562168564e-04
1625,2.2496598786621498e-04,2.3533815347474585e-04
1626,2.2482312938411822e-04,2.3547150797909722e-04
1627,2.2468044337034038e-04,2.3560481915634100e-04
1628,2.2453792951283323e-04,2.3573808702803645e-04
1629,2.2439558750021491e-04,2.3587131161576969e-04
1630,2.2425341702185351e-04,2.3600449294124213e-04
1631,2.2411141776791719e-04,2.3613763102581955e-04
1632,2.2396958942929264e-04,2.3627072589116671e-04
1633,2.2382793169762954e-04,2.3640377755873397e-04
1634,2.2368644426518552e-04,2.3653678604992976e-04
1635,2.2354512682518530e-04,2.3666975138630323e-04
1636,2.2340397907137045e-04,2.3680267358919981e-04
1637,2.2326300069831152e-04,2.3693555268006661e-04
1638,2.2312219140133513e-04,2.3706838868025866e-04
1639,2.2298155087643686e-04,2.3720118161111976e-04
1640,2.2284107882034293e-04,2.3733393149401316e-04
1641,2.2270077493049905e-04,2.3746663835026954e-04
1642,2.2256063890512782e-04,2.3759930220108034e-04
1643,2.2242067044311541e-04,2.3773192306788854e-04
1644,2.2228086924405940e-04,2.3786450097166417e-04
1645,2.2214123500826168e-04,2.3799703593393524e-04
1646,2.2200176743684025e-04,2.3812952797567220e-04
1647,2.2186246623148460e-04,2.3826197711818446e-04
1648,2.2172333109464173e-04,2.3839438338261470e-04
1649,2.2158436172950836e-04,2.3852674678993840e-04
1650,2.2144555783990406e-04,2.3865906736139761e-04
1651,2.2130691913044962e-04,2.3879134511814367e-04
1652,2.2116844530632249e-04,2.3892358008097684e-04
1653,2.2103013607355468e-04,2.3905577227127374e-04
1654,2.2089199113875700e-04,2.3918792170983430e-04
1655,2.2075401020930441e-04,2.3932002841765566e-04
1656,2.2061619299319470e-04,2.3945209241580659e-04
1657,2.2047853919914730e-04,2.3958411372521673e-04
1658,2.2034104853661509e-04,2.3971609236675184e-04
1659,2.2020372071564613e-04,2.3984802836140423e-04
1660,2.2006655544705122e-04,2.3997992172996877e-04
1661,2.1992955244223288e-04,2.4011177249339517e-04
1662,2.1979271141337275e-04,2.4024358067250873e-04
1663,2.1965603207326062e-04,2.4037534628802549e-04
1664,2.1951951413535687e-04,2.4050706936088644e-04
1665,2.1938315731382383e-04,2.4063874991174885e-04
1666,2.1924696132348629e-04,2.4077038796147977e-04
1667,2.1911092587988237e-04,2.4090198353072579e-04
1668,2.1897505069907468e-04,2.4103353664023841e-04
1669,2.1883933549793458e-04,2.4116504731060541e-04
1670,2.1870377999392158e-04,2.4129651556267513e-04
1671,2.1856838390527664e-04,2.4142794141708218e-04
1672,2.1843314695061964e-04,2.4155932489421916e-04
1673,2.1829806884955257e-04,2.4169066601492645e-04
1674,2.1816314932211089e-04,2.4182196479968326e-04
1675,2.1802838808911040e-04,2.4195322126907185e-04
1676,2.1789378487188830e-04,2.4208443544359277e-04
1677,2.1775933939257588e-04,2.4221560734380150e-04
1678,2.1762505137383131e-04,2.4234673699017077e-04
1679,2.1749092053901370e-04,2.4247782440324392e-04
1680,2.1735694661215190e-04,2.4260886960335911e-04
1681,2.1722312931782465e-04,2.4273987261101752e-04
1682,2.1708946838134354e-04,2.4287083344676390e-04
1683,2.1695596352862040e-04,2.4300175213081489e-04
1684,2.1682261448612648e-04,2.4313262868347015e-04
1685,2.1668942098114274e-04,2.4326346312528846e-04
1686,2.1655638274140836e-04,2.4339425547640687e-04
1687,2.1642349949539007e-04,2.4352500575727364e-04
1688,2.1629077097213168e-04,2.4365571398808061e-04
1689,2.1615819690135030e-04,2.4378638018919064e-04
1690,2.1602577701333638e-04,2.4391700438075782e-04
1691,2.1589351103900158e-04,2.4404758658309362e-04
1692,2.1576139871000167e-04,2.4417812681633543e-04
1693,2.1562943975838794e-04,2.4430862510066686e-04
1694,2.1549763391703018e-04,2.4443908145622446e-04
1695,2.1536598091930959e-04,2.4456949590324857e-04
1696,2.1523448049924978e-04,2.4469986846176352e-04
1697,2.1510313239149145e-04,2.4483019915197960e-04
1698,2.1497193633122409e-04,2.4496048799377659e-04
1699,2.1484089205437364e-04,2.4509073500744868e-04
1700,2.1470999929734121e-04,2.4522094021287521e-04
1701,2.1457925779718383e-04,2.4535110363017176e-04
1702,2.1444866729160262e-04,2.4548122527923280e-04
1703,2.1431822751878364e-04,2.4561130518011763e-04
1704,2.1418793821766763e-04,2.4574134335279694e-04
1705,2.1405779912764451e-04,2.4587133981709031e-04
1706,2.1392780998882066e-04,2.4600129459308292e-04
1707,2.1379797054180214e-04,2.4613120770064912e-04
1708,2.1366828052782761e-04,2.4626107915944626e-04
1709,2.1353873968873888e-04,2.4639090898961045e-04
1710,2.1340934776695536e-04,2.4652069721081818e-04
1711,2.1328010450545021e-04,2.4665044384291457e-04
1712,2.1315100964785122e-04,2.4678014890577822e-04
1713,2.1302206293830482e-04,2.4690981241909328e-04
1714,2.1289326412156953e-04,2.4703943440254389e-04
1715,2.1276461294295705e-04,2.4716901487603334e-04
1716,2.1263610914842238e-04,2.4729855385935895e-04
1717,2.1250775248440380e-04,2.4742805137191579e-04
1718,2.1237954269797774e-04,2.4755750743357110e-04
1719,2.1225147953681133e-04,2.4768692206401629e-04
1720,2.1212356274908324e-04,2.4781629528274247e-04
1721,2.1199579208356218e-04,2.4794562710959701e-04
1722,2.1186816728963398e-04,2.4807491756393362e-04
1723,2.1174068811716159e-04,2.4820416666546314e-04
1724,2.1161335431667909e-04,2.4833337443377169e-04
1725,2.1148616563913179e-04,2.4846254088838749e-04
1726,2.1135912183625408e-04,2.4859166604870381e-04
1727,2.1123222266009869e-04,2.4872074993443694e-04
1728,2.1110546786345108e-04,2.4884979256493132e-04
1729,2.1097885719956289e-04,2.4897879395973976e-04
1730,2.1085239042227877e-04,2.4910775413805115e-04
1731,2.1072606728598427e-04,2.4923667311964337e-04
1732,2.1059988754559860e-04,2.4936555092378243e-04
1733,2.1047385095668877e-04,2.4949438756981528e-04
1734,2.1034795727521106e-04,2.4962318307716847e-04
1735,2.1022220625777229e-04,2.4975193746517004e-04
1736,2.1009659766153501e-04,2.4988065075308538e-04
1737,2.0997113124418857e-04,2.5000932296033202e-04
1738,2.0984580676389631e-04,2.5013795410621932e-04
1739,2.0972062397947962e-04,2.5026654420984805e-04
1740,2.0959558265021131e-04,2.5039509329069683e-04
1741,2.0947068253594276e-04,2.5052360136784544e-04
1742,2.0934592339705497e-04,2.5065206846061676e-04
1743,2.0922130499443725e-04,2.5078049458808894e-04
1744,2.0909682708956652e-04,2.5090887976954778e-04
1745,2.0897248944444789e-04,2.5103722402411302e-04
1746,2.0884829182151067e-04,2.5116552737091839e-04
1747,2.0872423398385695e-04,2.5129378982911821e-04
1748,2.0860031569505942e-04,2.5142201141778789e-04
1749,2.0847653671917694e-04,2.5155019215606825e-04
1750,2.0835289682084729e-04,2.5167833206296824e-04
1751,2.0822939576520272e-04,2.5180643115750286e-04
1752,2.0810603331792449e-04,2.5193448945883635e-04
1753,2.0798280924518760e-04,2.5206250698591679e-04
1754,2.0785972331368642e-04,2.5219048375766696e-04
1755,2.0773677529065536e-04,2.5231841979310953e-04
1756,2.0761396494383211e-04,2.5244631511131283e-04
1757,2.0749129204143861e-04,2.5257416973104794e-04
1758,2.0736875635228892e-04,2.5270198367139009e-04
1759,2.0724635764558975e-04,2.5282975695106876e-04
1760,2.0712409569120723e-04,2.5295748958910911e-04
1761,2.0700197025938798e-04,2.5308518160436897e-04
1762,2.0687998112092832e-04,2.5321283301559308e-04
1763,2.0675812804717193e-04,2.5334044384175860e-04
1764,2.0663641080989181e-04,2.5346801410154553e-04
1765,2.0651482918144845e-04,2.5359554381382233e-04
1766,2.0639338293459229e-04,2.5372303299741879e-04
1767,2.0627207184271986e-04,2.5385048167090728e-04
1768,2.0615089567959245e-04,2.5397788985317656e-04
1769,2.0602985421954139e-04,2.5410525756294994e-04
1770,2.0590894723737391e-04,2.5423258481890599e-04
1771,2.0578817450839240e-04,2.5435987163977328e-04
1772,2.0566753580841891e-04,2.5448711804414062e-04
1773,2.0554703091369393e-04,2.5461432405070794e-04
1774,2.0542665960105946e-04,2.5474148967803635e-04
1775,2.0530642164774159e-04,2.5486861494482553e-04
1776,2.0518631683149504e-04,2.5499569986972066e-04
1777,2.0506634493062335e-04,2.5512274447114894e-04
1778,2.0494650572376277e-04,2.5524974876782371e-04
1779,2.0482679899019355e-04,2.5537671277820834e-04
1780,2.0470722450960138e-04,2.5550363652090030e-04
1781,2.0458778206214028e-04,2.5563052001426897e-04
1782,2.0446847142851246e-04,2.5575736327697991e-04
1783,2.0434929238979574e-04,2.5588416632742861e-04
1784,2.0423024472762192e-04,2.5601092918403439e-04
1785,2.0411132822410275e-04,2.5613765186538554e-04
1786,2.0399254266176842e-04,2.5626433438977685e-04
1787,2.0387388782371977e-04,2.5639097677551833e-04
1788,2.0375536349334126e-04,2.5651757904120170e-04
1789,2.0363696945472070e-04,2.5664414120514360e-04
1790,2.0351870549230731e-04,2.5677066328565055e-04
1791,2.0340057139091409e-04,2.5689714530104346e-04
1792,2.0328256693603398e-04,2.5702358726977897e-04
1793,2.0316469191347214e-04,2.5714998921000409e-04
1794,2.0304694610951091e-04,2.5727635114014818e-04
1795,2.0292932931096559e-04,2.5740267307829080e-04
1796,2.0281184130505170e-04,2.5752895504290319e-04
1797,2.0269448187950882e-04,2.5765519705195903e-04
1798,2.0257725082241013e-04,2.5778139912400051e-04
1799,2.0246014792246980e-04,2.5790756127695193e-04
1800,2.0234317296867821e-04,2.5803368352919100e-04
1801,2.0222632575058865e-04,2.5815976589875668e-04
1802,2.0210960605819437e-04,2.5828580840382568e-04
1803,2.0199301368189403e-04,2.5841181106265438e-04
1804,2.0187654841261461e-04,2.5853777389305162e-04
1805,2.0176021004168193e-04,2.5866369691347930e-04
1806,2.0164399836083402e-04,2.5878958014185886e-04
1807,2.0152791316237277e-04,2.5891542359623206e-04
1808,2.0141195423892304e-04,2.5904122729465001e-04
1809,2.0129612138361961e-04,2.5916699125523140e-04
1810,2.0118041439003939e-04,2.5929271549591506e-04
1811,2.0106483305219449e-04,2.5941840003473583e-04
1812,2.0094937716455809e-04,2.5954404488967689e-04
1813,2.0083404652198496e-04,2.5966965007867782e-04
1814,2.0071884091980838e-04,2.5979521561968514e-04
1815,2.0060376015383966e-04,2.5992074153076205e-04
1816,2.0048880402027727e-04,2.6004622782965304e-04
1817,2.0037397231570411e-04,2.6017167453426239e-04
1818,2.0025926483727887e-04,2.6029708166264176e-04
1819,2.0014468138248787e-04,2.6042244923255486e-04
1820,2.0003022174925087e-04,2.6054777726185603e-04
1821,1.9991588573599532e-04,2.6067306576834347e-04
1822,1.9980167314145975e-04,2.6079831476990764e-04
1823,1.9968758376496615e-04,2.6092352428429603e-04
1824,1.9957361740608764e-04,2.6104869432936722e-04
1825,1.9945977386496416e-04,2.6117382492292117e-04
1826,1.9934605294213371e-04,2.6129891608258287e-04
1827,1.9923245443846579e-04,2.6142396782604250e-04
1828,1.9911897815536373e-04,2.6154898017130985e-04
1829,1.9900562389461792e-04,2.6167395313583000e-04
1830,1.9889239145841166e-04,2.6179888673738712e-04
1831,1.9877928064939904e-04,2.6192378099365631e-04
1832,1.9866629127061151e-04,2.6204863592228333e-04
1833,1.9855342312548533e-04,2.6217345154093034e-04
1834,1.9844067601792751e-04,2.6229822786725664e-04
1835,1.9832804975222990e-04,2.6242296491880632e-04
1836,1.9821554413305463e-04,2.6254766271319706e-04
1837,1.9810315896561634e-04,2.6267232126796409e-04
1838,1.9799089405535093e-04,2.6279694060074582e-04
1839,1.9787874920822158e-04,2.6292152072918151e-04
1840,1.9776672423063428e-04,2.6304606167055919e-04
1841,1.9765481892927583e-04,2.6317056344251965e-04
1842,1.9754303311135790e-04,2.6329502606257406e-04
1843,1.9743136658448797e-04,2.6341944954825586e-04
1844,1.9731981915656671e-04,2.6354383391698438e-04
1845,1.9720839063603100e-04,2.6366817918617848e-04
1846,1.9709708083161625e-04,2.6379248537332898e-04
1847,1.9698588955262164e-04,2.6391675249580823e-04
1848,1.9687481660851333e-04,2.6404098057104770e-04
1849,1.9676386180935229e-04,2.6416516961647258e-04
1850,1.9665302496551561e-04,2.6428931964942652e-04
1851,1.9654230588776931e-04,2.6441343068728517e-04
1852,1.9643170438732657e-04,2.6453750274735136e-04
1853,1.9632122027576619e-04,2.6466153584701115e-04
1854,1.9621085336503542e-04,2.6478553000362976e-04
1855,1.9610060346755124e-04,2.6490948523429688e-04
1856,1.9599047039600088e-04,2.6503340155655984e-04
1857,1.9588045396360694e-04,2.6515727898752570e-04
1858,1.9577055398385527e-04,2.6528111754444214e-04
1859,1.9566077027074544e-04,2.6540491724467562e-04
1860,1.9555110263855838e-04,2.6552867810523322e-04
1861,1.9544155090196427e-04,2.6565240014357128e-04
1862,1.9533211487614619e-04,2.6577608337666962e-04
1863,1.9522279437652259e-04,2.6589972782192420e-04
1864,1.9511358921894885e-04,2.6602333349627741e-04
1865,1.9500449921972524e-04,2.6614690041702456e-04
1866,1.9489552419547053e-04,2.6627042860121256e-04
1867,1.9478666396315631e-04,2.6639391806597477e-04
1868,1.9467791834018567e-04,2.6651736882851848e-04
1869,1.9456928714436754e-04,2.6664078090582433e-04
1870,1.9446077019383572e-04,2.6676415431486108e-04
1871,1.9435236730710095e-04,2.6688748907296479e-04
1872,1.9424407830308642e-04,2.6701078519702668e-04
1873,1.9413590300106120e-04,2.6713404270394897e-04
1874,1.9402784122067343e-04,2.6725726161099238e-04
1875,1.9391989278198302e-04,2.6738044193497153e-04
1876,1.9381205750531837e-04,2.6750358369291550e-04
1877,1.9370433521155068e-04,2.6762668690186506e-04
1878,1.9359672572174207e-04,2.6774975157857901e-04
1879,1.9348922885741875e-04,2.6787277774024303e-04
1880,1.9338184444050373e-04,2.6799576540369494e-04
1881,1.9327457229317450e-04,2.6811871458574813e-04
1882,1.9316741223809444e-04,2.6824162530341149e-04
1883,1.9306036409827469e-04,2.6836449757349645e-04
1884,1.9295342769697286e-04,2.6848733141293310e-04
1885,1.9284660285797986e-04,2.6861012683848938e-04
1886,1.9273988940526578e-04,2.6873288386704936e-04
1887,1.9263328716339953e-04,2.6885560251544810e-04
1888,1.9252679595705937e-04,2.6897828280055908e-04
1889,1.9242041561149404e-04,2.6910092473896794e-04
1890,1.9231414595212296e-04,2.6922352834759795e-04
1891,1.9220798680488391e-04,2.6934609364324410e-04
1892,1.9210193799596920e-04,2.6946862064256591e-04
1893,1.9199599935200220e-04,2.6959110936237659e-04
1894,1.9189017069988032e-04,2.6971355981935384e-04
1895,1.9178445186693755e-04,2.6983597203017608e-04
1896,1.9167884268080426e-04,2.6995834601152260e-04
1897,1.9157334296947577e-04,2.7008068178024019e-04
1898,1.9146795256132654e-04,2.7020297935278348e-04
1899,1.9136267128503945e-04,2.7032523874592323e-04
1900,1.9125749896966944e-04,2.7044745997629164e-04
1901,1.9115243544465951e-04,2.7056964306041559e-04
1902,1.9104748053969136e-04,2.7069178801505494e-04
1903,1.9094263408492187e-04,2.7081389485663222e-04
1904,1.9083789591074613e-04,2.7093596360182418e-04
1905,1.9073326584802440e-04,2.7105799426714177e-04
1906,1.9062874372783277e-04,2.7117998686926559e-04
1907,1.9052432938165985e-04,2.7130194142456986e-04
1908,1.9042002264135153e-04,2.7142385794959615e-04
1909,1.9031582333904561e-04,2.7154573646094181e-04
1910,1.9021173130726938e-04,2.7166757697512177e-04
1911,1.9010774637885237e-04,2.7178937950847481e-04
1912,1.9000386838694653e-04,2.7191114407756596e-04
1913,1.8990009716512865e-04,2.7203287069880902e-04
1914,1.8979643254726189e-04,2.7215455938868493e-04
1915,1.8969287436750877e-04,2.7227621016364420e-04
1916,1.8958942246038852e-04,2.7239782303992274e-04
1917,1.8948607666084864e-04,2.7251939803413011e-04
1918,1.8938283680397264e-04,2.7264093516254174e-04
1919,1.8927970272536774e-04,2.7276243444157290e-04
1920,1.8917667426093300e-04,2.7288389588753221e-04
1921,1.8907375124681576e-04,2.7300531951674568e-04
1922,1.8897093351952416e-04,2.7312670534567840e-04
1923,1.8886822091597979e-04,2.7324805339049685e-04
1924,1.8876561327333888e-04,2.7336936366746699e-04
1925,1.8866311042909202e-04,2.7349063619307558e-04
1926,1.8856071222117927e-04,2.7361187098335287e-04
1927,1.8845841848764622e-04,2.7373306805484449e-04
1928,1.8835622906709871e-04,2.7385422742346550e-04
1929,1.8825414379825486e-04,2.7397534910573995e-04
1930,1.8815216252035148e-04,2.7409643311773226e-04
1931,1.8805028507280869e-04,2.7421747947569151e-04
1932,1.8794851129546157e-04,2.7433848819575943e-04
1933,1.8784684102833346e-04,2.7445945929416993e-04
1934,1.8774527411196244e-04,2.7458039278708808e-04
1935,1.8764381038705819e-04,2.7470128869066537e-04
1936,1.8754244969466883e-04,2.7482214702098201e-04
1937,1.8744119187622725e-04,2.7494296779414899e-04
1938,1.8734003677344286e-04,2.7506375102652318e-04
1939,1.8723898422830050e-04,2.7518449673395289e-04
1940,1.8713803408316389e-04,2.7530520493250033e-04
1941,1.8703718618072872e-04,2.7542587563845209e-04
1942,1.8693644036386686e-04,2.7554650886763878e-04
1943,1.8683579647598401e-04,2.7566710463611206e-04
1944,1.8673525436061755e-04,2.7578766296008737e-04
1945,1.8663481386167811e-04,2.7590818385553578e-04
1946,1.8653447482337322e-04,2.7602866733844090e-04
1947,1.8643423709029209e-04,2.7614911342465102e-04
1948,1.8633410050719647e-04,2.7626952213036162e-04
1949,1.8623406491930525e-04,2.7638989347134274e-04
1950,1.8613413017205653e-04,2.7651022746379389e-04
1951,1.8603429611115628e-04,2.7663052412334161e-04
1952,1.8593456258278544e-04,2.7675078346614865e-04
1953,1.8583492943326606e-04,2.7687100550809749e-04
1954,1.8573539650926539e-04,2.7699119026504491e-04
1955,1.8563596365780925e-04,2.7711133775280540e-04
1956,1.8553663072615959e-04,2.7723144798736185e-04
1957,1.8543739756192641e-04,2.7735152098455021e-04
1958,1.8533826401301231e-04,2.7747155676027048e-04
1959,1.8523922992759058e-04,2.7759155533022570e-04
1960,1.8514029515417449e-04,2.7771151671032127e-04
1961,1.8504145954156923e-04,2.7783144091635934e-04
1962,1.8494272293885131e-04,2.7795132796417776e-04
1963,1.8484408519549059e-04,2.7807117786946180e-04
1964,1.8474554616102981e-04,2.7819099064805837e-04
1965,1.8464710568560610e-04,2.7831076631568602e-04
1966,1.8454876361942253e-04,2.7843050488818028e-04
1967,1.8445051981309674e-04,2.7855020638119427e-04
1968,1.8435237411750711e-04,2.7866987081044892e-04
1969,1.8425432638379267e-04,2.7878949819167936e-04
1970,1.8415637646345171e-04,2.7890908854052044e-04
1971,1.8405852420820722e-04,2.7902864187271054e-04
1972,1.8396076947012409e-04,2.7914815820389812e-04
1973,1.8386311210156407e-04,2.7926763754978102e-04
1974,1.8376555195508910e-04,2.7938707992602042e-04
1975,1.8366808888369755e-04,2.7950648534797828e-04
1976,1.8357072274054025e-04,2.7962585383169679e-04
1977,1.8347345337914474e-04,2.7974518539250752e-04
1978,1.8337628065325675e-04,2.7986448004605044e-04
1979,1.8327920441698622e-04,2.7998373780800000e-04
1980,1.8318222452467570e-04,2.8010295869379434e-04
1981,1.8308534083097665e-04,2.8022214271906140e-04
1982,1.8298855319075558e-04,2.8034128989929427e-04
1983,1.8289186145927395e-04,2.8046040025011480e-04
1984,1.8279526549205130e-04,2.8057947378701416e-04
1985,1.8269876514480994e-04,2.8069851052541406e-04
1986,1.8260236027361329e-04,2.8081751048093773e-04
1987,1.8250605073479742e-04,2.8093647366899684e-04
1988,1.8240983638504851e-04,2.8105540010497866e-04
1989,1.8231371708118959e-04,2.8117428980449727e-04
1990,1.8221769268038092e-04,2.8129314278287310e-04
1991,1.8212176304016698e-04,2.8141195905557017e-04
1992,1.8202592801819852e-04,2.8153073863811475e-04
1993,1.8193018747252537e-04,2.8164948154572802e-04
1994,1.8183454126143267e-04,2.8176818779396170e-04
1995,1.8173898924349823e-04,2.8188685739815277e-04
1996,1.8164353127750633e-04,2.8200549037361660e-04
1997,1.8154816722261118e-04,2.8212408673583837e-04
1998,1.8145289693819735e-04,2.8224264650000700e-04
1999,1.8135772028390941e-04,2.8236116968148519e-04
2000,1.8126263711968203e-04,2.8247965629573263e-04
2001,1.8116764730575287e-04,2.8259810635791174e-04
2002,1.8107275070249613e-04,2.8271651988343683e-04
2003,1.8097794717079340e-04,2.8283489688746884e-04
2004,1.8088323657154746e-04,2.8295323738548487e-04
2005,1.8078861876609259e-04,2.8307154139246523e-04
2006,1.8069409361598420e-04,2.8318980892385313e-04
2007,1.8059966098301974e-04,2.8330803999480989e-04
2008,1.8050532072926362e-04,2.8342623462058807e-04
2009,1.8041107271713448e-04,2.8354439281643844e-04
2010,1.8031691680921492e-04,2.8366251459752806e-04
2011,1.8022285286838107e-04,2.8378059997901414e-04
2012,1.8012888075776055e-04,2.8389864897615795e-04
2013,1.8003500034083440e-04,2.8401666160397462e-04
2014,1.7994121148121777e-04,2.8413463787789234e-04
2015,1.7984751404285271e-04,2.8425257781272922e-04
2016,1.7975390788996733e-04,2.8437048142384387e-04
2017,1.7966039288703101e-04,2.8448834872625751e-04
2018,1.7956696889871176e-04,2.8460617973505244e-04
2019,1.7947363579004069e-04,2.8472397446547529e-04
2020,1.7938039342622617e-04,2.8484173293234706e-04
2021,1.7928724167280723e-04,2.8495945515110885e-04
2022,1.7919418039550393e-04,2.8507714113642937e-04
2023,1.7910120946037629e-04,2.8519479090353668e-04
2024,1.7900832873364036e-04,2.8531240446755203e-04
2025,1.7891553808185211e-04,2.8542998184335274e-04
2026,1.7882283737183049e-04,2.8554752304598265e-04
2027,1.7873022647057034e-04,2.8566502809060205e-04
2028,1.7863770524538536e-04,2.8578249699195730e-04
2029,1.7854527356383077e-04,2.8589992976513331e-04
2030,1.7845293129368136e-04,2.8601732642519363e-04
2031,1.7836067830301130e-04,2.8613468698693485e-04
2032,1.7826851446015846e-04,2.8625201146542352e-04
2033,1.7817643963363223e-04,2.8636929987550254e-04
2034,1.7808445369224546e-04,2.8648655223214865e-04
2035,1.7799255650510244e-04,2.8660376855021660e-04
2036,1.7790074794146613e-04,2.8672094884469516e-04
2037,1.7780902787092669e-04,2.8683809313038912e-04
2038,1.7771739616327602e-04,2.8695520142214413e-04
2039,1.7762585268854951e-04,2.8707227373492452e-04
2040,1.7753439731709293e-04,2.8718931008351966e-04
2041,1.7744302991944174e-04,2.8730631048273162e-04
2042,1.7735175036635617e-04,2.8742327494753618e-04
2043,1.7726055852891037e-04,2.8754020349264567e-04
2044,1.7716945427841640e-04,2.8765709613274551e-04
2045,1.7707843748631161e-04,2.8777395288292356e-04
2046,1.7698750802447766e-04,2.8789077375771042e-04
2047,1.7689666576489830e-04,2.8800755877197103e-04
2048,1.7680591057979848e-04,2.8812430794045938e-04
2049,1.7671524234169324e-04,2.8824102127794957e-04
2050,1.7662466092335555e-04,2.8835769879919770e-04
2051,1.7653416619775131e-04,2.8847434051882558e-04
2052,1.7644375803809367e-04,2.8859094645163855e-04
2053,1.7635343631786722e-04,2.8870751661231133e-04
2054,1.7626320091077583e-04,2.8882405101555986e-04
2055,1.7617305169076368e-04,2.8894054967606813e-04
2056,1.7608298853198314e-04,2.8905701260838678e-04
2057,1.7599301130887088e-04,2.8917343982738739e-04
2058,1.7590311989611868e-04,2.8928983134753842e-04
2059,1.7581331416852754e-04,2.8940618718359038e-04
2060,1.7572359400135239e-04,2.8952250735014915e-04
2061,1.7563395926983820e-04,2.8963879186179119e-04
2062,1.7554440984964961e-04,2.8975504073303190e-04
2063,1.7545494561660766e-04,2.8987125397866587e-04
2064,1.7536556644676875e-04,2.8998743161316189e-04
2065,1.7527627221645915e-04,2.9010357365106523e-04
2066,1.7518706280213197e-04,2.9021968010709513e-04
2067,1.7509793808066239e-04,2.9033575099564812e-04
2068,1.7500889792897324e-04,2.9045178633122778e-04
2069,1.7491994222432026e-04,2.9056778612847757e-04
2070,1.7483107084410702e-04,2.9068375040191522e-04
2071,1.7474228366611667e-04,2.9079967916584596e-04
2072,1.7465358056817495e-04,2.9091557243508749e-04
2073,1.7456496142847369e-04,2.9103143022390758e-04
2074,1.7447642612539318e-04,2.9114725254674974e-04
2075,1.7438797453747909e-04,2.9126303941826178e-04
2076,1.7429960654362776e-04,2.9137879085267232e-04
2077,1.7421132202285377e-04,2.9149450686462525e-04
2078,1.7412312085442693e-04,2.9161018746836362e-04
2079,1.7403500291790882e-04,2.9172583267848579e-04
2080,1.7394696809297231e-04,2.9184144250925823e-04
2081,1.7385901625961023e-04,2.9195701697523179e-04
2082,1.7377114729798528e-04,2.9207255609063685e-04
2083,1.7368336108851016e-04,2.9218805986987628e-04
2084,1.7359565751178378e-04,2.9230352832736075e-04
2085,1.7350803644872965e-04,2.9241896147749302e-04
2086,1.7342049778031515e-04,2.9253435933442235e-04
2087,1.7333304138790980e-04,2.9264972191280430e-04
2088,1.7324566715301880e-04,2.9276504922656332e-04
2089,1.7315837495735076e-04,2.9288034129029179e-04
2090,1.7307116468287531e-04,2.9299559811824330e-04
2091,1.7298403621176058e-04,2.9311081972466631e-04
2092,1.7289698942641183e-04,2.9322600612382329e-04
2093,1.7281002420940406e-04,2.9334115733015381e-04
2094,1.7272314044359816e-04,2.9345627335754622e-04
2095,1.7263633801204939e-04,2.9357135422076813e-04
2096,1.7254961679798181e-04,2.9368639993343661e-04
2097,1.7246297668492531e-04,2.9380141051030956e-04
2098,1.7237641755654131e-04,2.9391638596533724e-04
2099,1.7228993929672135e-04,2.9403132631284897e-04
2100,1.7220354178966226e-04,2.9414623156693014e-04
2101,1.7211722491962091e-04,2.9426110174185440e-04
2102,1.7203098857120443e-04,2.9437593685170547e-04
2103,1.7194483262915537e-04,2.9449073691076148e-04
2104,1.7185875697846257e-04,2.9460550193308155e-04
2105,1.7177276150435943e-04,2.9472023193286153e-04
2106,1.7168684609216369e-04,2.9483492692421415e-04
2107,1.7160101062757378e-04,2.9494958692120703e-04
2108,1.7151525499636900e-04,2.9506421193806079e-04
2109,1.7142957908461068e-04,2.9517880198877107e-04
2110,1.7134398277852535e-04,2.9529335708750623e-04
2111,1.7125846596459447e-04,2.9540787724836360e-04
2112,1.7117302852946362e-04,2.9552236248536225e-04
2113,1.7108767036001302e-04,2.9563681281252079e-04
2114,1.7100239134333912e-04,2.9575122824393419e-04
2115,1.7091719136672941e-04,2.9586560879369609e-04
2116,1.7083207031766648e-04,2.9597995447576230e-04
2117,1.7074702808388928e-04,2.9609426530422808e-04
2118,1.7066206455326467e-04,2.9620854129301427e-04
2119,1.7057717961391184e-04,2.9632278245615273e-04
2120,1.7049237315418377e-04,2.9643698880767096e-04
2121,1.7040764506260947e-04,2.9655116036147251e-04
2122,1.7032299522789010e-04,2.9666529713158788e-04
2123,1.7023842353895374e-04,2.9677939913202420e-04
2124,1.7015392988503739e-04,2.9689346637655858e-04
2125,1.7006951415532429e-04,2.9700749887917686e-04
2126,1.6998517623945512e-04,2.9712149665392173e-04
2127,1.6990091602719296e-04,2.9723545971474877e-04
2128,1.6981673340841361e-04,2.9734938807532473e-04
2129,1.6973262827331949e-04,2.9746328174981790e-04
2130,1.6964860051225022e-04,2.9757714075188019e-04
2131,1.6956465001573620e-04,2.9769096509554496e-04
2132,1.6948077667457590e-04,2.9780475479464382e-04
2133,1.6939698037963778e-04,2.9791850986297247e-04
2134,1.6931326102215093e-04,2.9803223031443495e-04
2135,1.6922961849339931e-04,2.9814591616290811e-04
2136,1.6914605268493647e-04,2.9825956742206500e-04
2137,1.6906256348857250e-04,2.9837318410594837e-04
2138,1.6897915079614842e-04,2.9848676622814825e-04
2139,1.6889581449984560e-04,2.9860031380262532e-04
2140,1.6881255449200346e-04,2.9871382684307294e-04
2141,1.6872937066514878e-04,2.9882730536334333e-04
2142,1.6864626291196799e-04,2.9894074937712593e-04
2143,1.6856323112542584e-04,2.9905415889819244e-04
2144,1.6848027519859057e-04,2.9916753394031311e-04
2145,1.6839739502479270e-04,2.9928087451721864e-04
2146,1.6831459049753162e-04,2.9939418064265093e-04
2147,1.6823186151049553e-04,2.9950745233037212e-04
2148,1.6814920795755567e-04,2.9962068959402035e-04
2149,1.6806662973282546e-04,2.9973389244731678e-04
2150,1.6798412673052742e-04,2.9984706090387125e-04
2151,1.6790169884514322e-04,2.9996019497748505e-04
2152,1.6781934597136518e-04,3.0007329468187361e-04
2153,1.6773706800394072e-04,3.0018636003042976e-04
2154,1.6765486483799372e-04,3.0029939103708945e-04
2155,1.6757273636871140e-04,3.0041238771529120e-04
2156,1.6749068249146746e-04,3.0052535007880909e-04
2157,1.6740870310190633e-04,3.0063827814119420e-04
2158,1.6732679809581706e-04,3.0075117191613403e-04
2159,1.6724496736915075e-04,3.0086403141720973e-04
2160,1.6716321081809528e-04,3.0097685665793377e-04
2161,1.6708152833898589e-04,3.0108964765183450e-04
2162,1.6699991982835306e-04,3.0120240441263140e-04
2163,1.6691838518294487e-04,3.0131512695384243e-04
2164,1.6683692429964028e-04,3.0142781528900791e-04
2165,1.6675553707558543e-04,3.0154046943177843e-04
2166,1.6667422340799578e-04,3.0165308939551002e-04
2167,1.6659298319436730e-04,3.0176567519381764e-04
2168,1.6651181633239203e-04,3.0187822684023176e-04
2169,1.6643072271979920e-04,3.0199074434816473e-04
2170,1.6634970225470628e-04,3.0210322773117524e-04
2171,1.6626875483525120e-04,3.0221567700277350e-04
2172,1.6618788035985203e-04,3.0232809217646138e-04
2173,1.6610707872704019e-04,3.0244047326565210e-04
2174,1.6602634983561238e-04,3.0255282028381102e-04
2175,1.6594569358442944e-04,3.0266513324431438e-04
2176,1.6586510987264357e-04,3.0277741216079568e-04
2177,1.6578459859953304e-04,3.0288965704659718e-04
2178,1.6570415966459581e-04,3.0300186791498452e-04
2179,1.6562379296742021e-04,3.0311404477958005e-04
2180,1.6554349840790369e-04,3.0322618765360899e-04
2181,1.6546327588597590e-04,3.0333829655060536e-04
2182,1.6538312530190995e-04,3.0345037148396395e-04
2183,1.6530304655597012e-04,3.0356241246692970e-04
2184,1.6522303954882742e-04,3.0367441951295940e-04
2185,1.6514310418106484e-04,3.0378639263527532e-04
2186,1.6506324035369367e-04,3.0389833184745526e-04
2187,1.6498344796771457e-04,3.0401023716265048e-04
2188,1.6490372692439816e-04,3.0412210859435376e-04
2189,1.6482407712518530e-04,3.0423394615569416e-04
2190,1.6474449847166494e-04,3.0434574985998479e-04
2191,1.6466499086559202e-04,3.0445751972075651e-04
2192,1.6458555420897203e-04,3.0456925575105952e-04
2193,1.6450618840385770e-04,3.0468095796424806e-04
2194,1.6442689335260076e-04,3.0479262637365348e-04
2195,1.6434766895766565e-04,3.0490426099243257e-04
2196,1.6426851512172603e-04,3.0501586183388920e-04
2197,1.6418943174751819e-04,3.0512742891133156e-04
2198,1.6411041873811200e-04,3.0523896223785840e-04
2199,1.6403147599664764e-04,3.0535046182690140e-04
2200,1.6395260342643101e-04,3.0546192769145391e-04
2201,1.6387380093103366e-04,3.0557335984484648e-04
2202,1.6379506841405998e-04,3.0568475830023827e-04
2203,1.6371640577942146e-04,3.0579612307081016e-04
2204,1.6363781293107465e-04,3.0590745416984465e-04
2205,1.6355928977326999e-04,3.0601875161030684e-04
2206,1.6348083621032738e-04,3.0613001540557720e-04
2207,1.6340245214676319e-04,3.0624124556866660e-04
2208,1.6332413748729887e-04,3.0635244211271566e-04
2209,1.6324589213681932e-04,3.0646360505102402e-04
2210,1.6316771600029156e-04,3.0657473439649403e-04
2211,1.6308960898295916e-04,3.0668583016239695e-04
2212,1.6301157099020904e-04,3.0679689236171991e-04
2213,1.6293360192752202e-04,3.0690792100770004e-04
2214,1.6285570170062005e-04,3.0701891611342242e-04
2215,1.6277787021539499e-04,3.0712987769180872e-04
2216,1.6270010737782953e-04,3.0724080575603543e-04
2217,1.6262241309418236e-04,3.0735170031915193e-04
2218,1.6254478727076798e-04,3.0746256139418455e-04
2219,1.6246722981412152e-04,3.0757338899430921e-04
2220,1.6238974063095395e-04,3.0768418313239219e-04
2221,1.6231231962808814e-04,3.0779494382156866e-04
2222,1.6223496671258618e-04,3.0790567107476935e-04
2223,1.6215768179161547e-04,3.0801636490508915e-04
2224,1.6208046477249238e-04,3.0812702532539044e-04
2225,1.6200331556276461e-04,3.0823765234888416e-04
2226,1.6192623407007634e-04,3.0834824598842078e-04
2227,1.6184922020230508e-04,3.0845880625692131e-04
2228,1.6177227386737796e-04,3.0856933316744726e-04
2229,1.6169539497350695e-04,3.0867982673292340e-04
2230,1.6161858342897577e-04,3.0879028696636861e-04
2231,1.6154183914227391e-04,3.0890071388054157e-04
2232,1.6146516202204542e-04,3.0901110748849872e-04
2233,1.6138855197705504e-04,3.0912146780305973e-04
2234,1.6131200891633568e-04,3.0923179483740041e-04
2235,1.6123553274888667e-04,3.0934208860414474e-04
2236,1.6115912338409246e-04,3.0945234911633837e-04
2237,1.6108278073131944e-04,3.0956257638676892e-04
2238,1.6100650470018897e-04,3.0967277042838991e-04
2239,1.6093029520042226e-04,3.0978293125398320e-04
2240,1.6085415214196056e-04,3.0989305887643503e-04
2241,1.6077807543484650e-04,3.1000315330871294e-04
2242,1.6070206498928872e-04,3.1011321456354845e-04
2243,1.6062612071572434e-04,3.1022324265368956e-04
2244,1.6055024252459608e-04,3.1033323759221173e-04
2245,1.6047443032663137e-04,3.1044319939170864e-04
2246,1.6039868403272303e-04,3.1055312806509800e-04
2247,1.6032300355381827e-04,3.1066302362514901e-04
2248,1.6024738880105878e-04,3.1077288608471435e-04
2249,1.6017183968579371e-04,3.1088271545637476e-04
2250,1.6009635611944717e-04,3.1099251175313038e-04
2251,1.6002093801368444e-04,3.1110227498770075e-04
2252,1.5994558528022000e-04,3.1121200517268883e-04
2253,1.5987029783102609e-04,3.1132170232105015e-04
2254,1.5979507557815074e-04,3.1143136644541235e-04
2255,1.5971991843381815e-04,3.1154099755847323e-04
2256,1.5964482631043917e-04,3.1165059567309062e-04
2257,1.5956979912047008e-04,3.1176016080176276e-04
2258,1.5949483677670781e-04,3.1186969295742906e-04
2259,1.5941993919187957e-04,3.1197919215266649e-04
2260,1.5934510627907278e-04,3.1208865840010107e-04
2261,1.5927033795133492e-04,3.1219809171255288e-04
2262,1.5919563412201152e-04,3.1230749210263485e-04
2263,1.5912099470449467e-04,3.1241685958300470e-04
2264,1.5904641961241533e-04,3.1252619416630568e-04
2265,1.5897190875947047e-04,3.1263549586514703e-04
2266,1.5889746205957064e-04,3.1274476469221471e-04
2267,1.5882307942674547e-04,3.1285400066020073e-04
2268,1.5874876077514672e-04,3.1296320378165667e-04
2269,1.5867450601916199e-04,3.1307237406913836e-04
2270,1.5860031507316722e-04,3.1318151153536099e-04
2271,1.5852618785194240e-04,3.1329061619289074e-04
2272,1.5845212427011913e-04,3.1339968805426343e-04
2273,1.5837812424268096e-04,3.1350872713204641e-04
2274,1.5830418768469077e-04,3.1361773343893977e-04
2275,1.5823031451131335e-04,3.1372670698732964e-04
2276,1.5815650463799638e-04,3.1383564778988200e-04
2277,1.5808275798015459e-04,3.1394455585922305e-04
2278,1.5800907445342506e-04,3.1405343120766399e-04
2279,1.5793545397373358e-04,3.1416227384788495e-04
2280,1.5786189645688190e-04,3.1427108379244344e-04
2281,1.5778840181897592e-04,3.1437986105370549e-04
2282,1.5771496997629735e-04,3.1448860564430145e-04
2283,1.5764160084516307e-04,3.1459731757667813e-04
2284,1.5756829434211540e-04,3.1470599686337676e-04
2285,1.5749505038380299e-04,3.1481464351668364e-04
2286,1.5742186888702338e-04,3.1492325754936470e-04
2287,1.5734874976870383e-04,3.1503183897374672e-04
2288,1.5727569294594329e-04,3.1514038780218603e-04
2289,1.5720269833597924e-04,3.1524890404717389e-04
2290,1.5712976585615805e-04,3.1535738772135008e-04
2291,1.5705689542399749e-04,3.1546583883687238e-04
2292,1.5698408695712223e-04,3.1557425740632699e-04
2293,1.5691134037336464e-04,3.1568264344201220e-04
2294,1.5683865559065085e-04,3.1579099695644322e-04
2295,1.5676603252701125e-04,3.1589931796198646e-04
2296,1.5669347110068923e-04,3.1600760647101543e-04
2297,1.5662097123003978e-04,3.1611586249594647e-04
2298,1.5654853283351823e-04,3.1622408604898146e-04
2299,1.5647615582981640e-04,3.1633227714281120e-04
2300,1.5640384013762147e-04,3.1644043578955589e-04
2301,1.5633158567592372e-04,3.1654856200163327e-04
2302,1.5625939236366392e-04,3.1665665579130674e-04
2303,1.5618726012011654e-04,3.1676471717108725e-04
2304,1.5611518886456975e-04,3.1687274615310425e-04
2305,1.5604317851648469e-04,3.1698074274978639e-04
2306,1.5597122899543462e-04,3.1708870697339404e-04
2307,1.5589934022118061e-04,3.1719663883626932e-04
2308,1.5582751211357110e-04,3.1730453835068599e-04
2309,1.5575574459260452e-04,3.1741240552896175e-04
2310,1.5568403757840603e-04,3.1752024038333716e-04
2311,1.5561239099129816e-04,3.1762804292612861e-04
2312,1.5554080475167962e-04,3.1773581316940945e-04
2313,1.5546927877999969e-04,3.1784355112571158e-04
2314,1.5539781299711870e-04,3.1795125680715867e-04
2315,1.5532640732367618e-04,3.1805893022592474e-04
2316,1.5525506168074445e-04,3.1816657139433955e-04
2317,1.5518377598930952e-04,3.1827418032458475e-04
2318,1.5511255017064196e-04,3.1838175702890556e-04
2319,1.5504138414611671e-04,3.1848930151932907e-04
2320,1.5497027783711802e-04,3.1859681380830794e-04
2321,1.5489923116536271e-04,3.1870429390791797e-04
2322,1.5482824405255025e-04,3.1881174183032141e-04
2323,1.5475731642058071e-04,3.1891915758775055e-04
2324,1.5468644819142000e-04,3.1902654119240787e-04
2325,1.5461563928727859e-04,3.1913389265636390e-04
2326,1.5454488963037477e-04,3.1924121199167666e-04
2327,1.5447419914314559e-04,3.1934849921065351e-04
2328,1.5440356774810708e-04,3.1945575432549780e-04
2329,1.5433299536796269e-04,3.1956297734812985e-04
2330,1.5426248192546141e-04,3.1967016829079231e-04
2331,1.5419202734355092e-04,3.1977732716551585e-04
2332,1.5412163154532237e-04,3.1988445398448151e-04
2333,1.5405129445392329e-04,3.1999154875984490e-04
2334,1.5398101599267168e-04,3.2009861150350560e-04
2335,1.5391079608503350e-04,3.2020564222768526e-04
2336,1.5384063465456420e-04,3.2031264094445664e-04
2337,1.5377053162499667e-04,3.2041960766585672e-04
2338,1.5370048692012886e-04,3.2052654240396225e-04
2339,1.5363050046394704e-04,3.2063344517078507e-04
2340,1.5356057218048378e-04,3.2074031597831363e-04
2341,1.5349070199404205e-04,3.2084715483876293e-04
2342,1.5342088982888663e-04,3.2095396176399029e-04
2343,1.5335113560953389e-04,3.2106073676616020e-04
2344,1.5328143926053044e-04,3.2116747985711847e-04
2345,1.5321180070664611e-04,3.2127419104903090e-04
2346,1.5314221987268892e-04,3.2138087035383313e-04
2347,1.5307269668368356e-04,3.2148751778338271e-04
2348,1.5300323106469355e-04,3.2159413334983760e-04
2349,1.5293382294095093e-04,3.2170071706518150e-04
2350,1.5286447223779640e-04,3.2180726894131130e-04
2351,1.5279517888069737e-04,3.2191378899016092e-04
2352,1.5272594279529435e-04,3.2202027722370049e-04
2353,1.5265676390723921e-04,3.2212673365389886e-04
2354,1.5258764214250218e-04,3.2223315829274372e-04
2355,1.5251857742693106e-04,3.2233955115198532e-04
2356,1.5244956968667634e-04,3.2244591224367077e-04
2357,1.5238061884795295e-04,3.2255224157971807e-04
2358,1.5231172483708572e-04,3.2265853917206152e-04
2359,1.5224288758057791e-04,3.2276480503256211e-04
2360,1.5217410700498195e-04,3.2287103917312716e-04
2361,1.5210538303699682e-04,3.2297724160559703e-04
2362,1.5203671560349446e-04,3.2308341234191815e-04
2363,1.5196810463141572e-04,3.2318955139381872e-04
2364,1.5189955004783995e-04,3.2329565877327630e-04
2365,1.5183105177993147e-04,3.2340173449212008e-04
2366,1.5176260975504496e-04,3.2350777856221980e-04
2367,1.5169422390058868e-04,3.2361379099538924e-04
2368,1.5162589414417283e-04,3.2371977180346785e-04
2369,1.5155762041341823e-04,3.2382572099831945e-04
2370,1.5148940263616777e-04,3.2393163859162019e-04
2371,1.5142124074031223e-04,3.2403752459544564e-04
2372,1.5135313465389929e-04,3.2414337902125795e-04
2373,1.5128508430508865e-04,3.2424920188106409e-04
2374,1.5121708962219892e-04,3.2435499318668438e-04
2375,1.5114915053356443e-04,3.2446075294983529e-04
2376,1.5108126696772208e-04,3.2456648118208618e-04
2377,1.5101343885334540e-04,3.2467217789563206e-04
2378,1.5094566611915204e-04,3.2477784310193034e-04
2379,1.5087794869397578e-04,3.2488347681269847e-04
2380,1.5081028650686527e-04,3.2498907903993543e-04
2381,1.5074267948693261e-04,3.2509464979511014e-04
2382,1.5067512756335153e-04,3.2520018909006217e-04
2383,1.5060763066547487e-04,3.2530569693656533e-04
2384,1.5054018872280169e-04,3.2541117334624031e-04
2385,1.5047280166485613e-04,3.2551661833084191e-04
2386,1.5040546942139029e-04,3.2562203190205329e-04
2387,1.5033819192209757e-04,3.2572741407158479e-04
2388,1.5027096909704101e-04,3.2583276485113096e-04
2389,1.5020380087617271e-04,3.2593808425234735e-04
2390,1.5013668718963244e-04,3.2604337228692105e-04
2391,1.5006962796775651e-04,3.2614862896638728e-04
2392,1.5000262314087217e-04,3.2625385430261930e-04
2393,1.4993567263952637e-04,3.2635904830718271e-04
2394,1.4986877639428897e-04,3.2646421099165042e-04
2395,1.4980193433588497e-04,3.2656934236768463e-04
2396,1.4973514639517524e-04,3.2667444244701473e-04
2397,1.4966841250315890e-04,3.2677951124114715e-04
2398,1.4960173259081635e-04,3.2688454876176671e-04
2399,1.4953510658940338e-04,3.2698955502033684e-04
2400,1.4946853443014588e-04,3.2709453002861545e-04
2401,1.4940201604453010e-04,3.2719947379810364e-04
2402,1.4933555136403579e-04,3.2730438634047149e-04
2403,1.4926914032026127e-04,3.2740926766716721e-04
2404,1.4920278284503516e-04,3.2751411778995921e-04
2405,1.4913647887015264e-04,3.2761893672021854e-04
2406,1.4907022832760629e-04,3.2772372446958950e-04
2407,1.4900403114947449e-04,3.2782848104960256e-04
2408,1.4893788726792477e-04,3.2793320647176913e-04
2409,1.4887179661532207e-04,3.2803790074765506e-04
2410,1.4880575912401271e-04,3.2814256388880134e-04
2411,1.4873977472658586e-04,3.2824719590671602e-04
2412,1.4867384335560458e-04,3.2835179681296300e-04
2413,1.4860796494390083e-04,3.2845636661890014e-04
2414,1.4854213942425222e-04,3.2856090533614881e-04
2415,1.4847636672967298e-04,3.2866541297625498e-04
2416,1.4841064679323060e-04,3.2876988955063115e-04
2417,1.4834497954811736e-04,3.2887433507061762e-04
2418,1.4827936492756185e-04,3.2897874954786259e-04
2419,1.4821380286504467e-04,3.2908313299385929e-04
2420,1.4814829329407909e-04,3.2918748541991259e-04
2421,1.4808283614824139e-04,3.2929180683757223e-04
2422,1.4801743136126172e-04,3.2939609725817881e-04
2423,1.4795207886702150e-04,3.2950035669338104e-04
2424,1.4788677859946023e-04,3.2960458515443462e-04
2425,1.4782153049255512e-04,3.2970878265283155e-04
2426,1.4775633448055922e-04,3.2981294919985226e-04
2427,1.4769119049769336e-04,3.2991708480706913e-04
2428,1.4762609847834355e-04,3.3002118948584618e-04
2429,1.4756105835697127e-04,3.3012526324762201e-04
2430,1.4749607006820035e-04,3.3022930610362544e-04
2431,1.4743113354673062e-04,3.3033331806528964e-04
2432,1.4736624872728612e-04,3.3043729914414332e-04
2433,1.4730141554486216e-04,3.3054124935139457e-04
2434,1.4723663393441977e-04,3.3064516869843919e-04
2435,1.4717190383112044e-04,3.3074905719662995e-04
2436,1.4710722517013070e-04,3.3085291485735217e-04
2437,1.4704259788682992e-04,3.3095674169187630e-04
2438,1.4697802191661772e-04,3.3106053771163205e-04
2439,1.4691349719505483e-04,3.3116430292787777e-04
2440,1.4684902365777781e-04,3.3126803735191238e-04
2441,1.4678460124052640e-04,3.3137174099508236e-04
2442,1.4672022987917058e-04,3.3147541386873954e-04
2443,1.4665590950961927e-04,3.3157905598410974e-04
2444,1.4659164006797972e-04,3.3168266735245452e-04
2445,1.4652742149044839e-04,3.3178624798520375e-04
2446,1.4646325371319232e-04,3.3188979789353947e-04
2447,1.4639913667266352e-04,3.3199331708864391e-04
2448,1.4633507030527502e-04,3.3209680558192586e-04
2449,1.4627105454766178e-04,3.3220026338467404e-04
2450,1.4620708933642197e-04,3.3230369050788134e-04
2451,1.4614317460845310e-04,3.3240708696311705e-04
2452,1.4607931030051382e-04,3.3251045276144395e-04
2453,1.4601549634968376e-04,3.3261378791413676e-04
2454,1.4595173269297087e-04,3.3271709243232271e-04
2455,1.4588801926762176e-04,3.3282036632735577e-04
2456,1.4582435601091131e-04,3.3292360961038203e-04
2457,1.4576074286019961e-04,3.3302682229264689e-04
2458,1.4569717975300599e-04,3.3313000438525621e-04
2459,1.4563366662691322e-04,3.3323315589946380e-04
2460,1.4557020341962617e-04,3.3333627684653218e-04
2461,1.4550679006892486e-04,3.3343936723745468e-04
2462,1.4544342651272009e-04,3.3354242708357601e-04
2463,1.4538011268894815e-04,3.3364545639594473e-04
2464,1.4531684853578779e-04,3.3374845518571988e-04
2465,1.4525363399134954e-04,3.3385142346418253e-04
2466,1.4519046899399317e-04,3.3395436124236146e-04
2467,1.4512735348205596e-04,3.3405726853135320e-04
2468,1.4506428739405108e-04,3.3416014534243943e-04
2469,1.4500127066858484e-04,3.3426299168653616e-04
2470,1.4493830324430965e-04,3.3436580757503027e-04
2471,1.4487538506004834e-04,3.3446859301879486e-04
2472,1.4481251605463373e-04,3.3457134802911169e-04
2473,1.4474969616709013e-04,3.3467407261702500e-04
2474,1.4468692533650655e-04,3.3477676679346733e-04
2475,1.4462420350202609e-04,3.3487943056966174e-04
2476,1.4456153060291537e-04,3.3498206395666933e-04
2477,1.4449890657859470e-04,3.3508466696552597e-04
2478,1.4443633136850890e-04,3.3518723960747972e-04
2479,1.4437380491223698e-04,3.3528978189331502e-04
2480,1.4431132714939624e-04,3.3539229383430162e-04
2481,1.4424889801979116e-04,3.3549477544140150e-04
2482,1.4418651746329398e-04,3.3559722672555964e-04
2483,1.4412418541980660e-04,3.3569964769796862e-04
2484,1.4406190182940774e-04,3.3580203836966357e-04
2485,1.4399966663223736e-04,3.3590439875141968e-04
2486,1.4393747976851844e-04,3.3600672885449306e-04
2487,1.4387534117863847e-04,3.3610902868986560e-04
2488,1.4381325080295565e-04,3.3621129826842488e-04
2489,1.4375120858206933e-04,3.3631353760118273e-04
2490,1.4368921445653097e-04,3.3641574669921050e-04
2491,1.4362726836710397e-04,3.3651792557342497e-04
2492,1.4356537025458614e-04,3.3662007423479489e-04
2493,1.4350352005988940e-04,3.3672219269437388e-04
2494,1.4344171772397537e-04,3.3682428096307621e-04
2495,1.4337996318797096e-04,3.3692633905180918e-04
2496,1.4331825639306113e-04,3.3702836697149764e-04
2497,1.4325659728051991e-04,3.3713036473322099e-04
2498,1.4319498579171142e-04,3.3723233234779829e-04
2499,1.4313342186814140e-04,3.3733426982624480e-04
2500,1.4307190545131818e-04,3.3743617717936221e-04
2501,1.4301043648293763e-04,3.3753805441812302e-04
2502,1.4294901490470590e-04,3.3763990155351526e-04
2503,1.4288764065848440e-04,3.3774171859638408e-04
2504,1.4282631368621178e-04,3.3784350555755404e-04
2505,1.4276503392989158e-04,3.3794526244800233e-04
2506,1.4270380133165809e-04,3.3804698927868539e-04
2507,1.4264261583369603e-04,3.3814868606029161e-04
2508,1.4258147737832041e-04,3.3825035280377763e-04
2509,1.4252038590793547e-04,3.3835198952003121e-04
2510,1.4245934136497519e-04,3.3845359621992744e-04
2511,1.4239834369205969e-04,3.3855517291432320e-04
2512,1.4233739283184664e-04,3.3865671961402332e-04
2513,1.4227648872702596e-04,3.3875823632979074e-04
2514,1.4221563132055452e-04,3.3885972307266766e-04
2515,1.4215482055530900e-04,3.3896117985329885e-04
2516,1.4209405637429808e-04,3.3906260668259912e-04
2517,1.4203333872064600e-04,3.3916400357136633e-04
2518,1.4197266753757969e-04,3.3926537053041147e-04
2519,1.4191204276837844e-04,3.3936670757045060e-04
2520,1.4185146435645481e-04,3.3946801470238102e-04
2521,1.4179093224524011e-04,3.3956929193702410e-04
2522,1.4173044637834595e-04,3.3967053928506314e-04
2523,1.4167000669940860e-04,3.3977175675728124e-04
2524,1.4160961315212557e-04,3.3987294436453651e-04
2525,1.4154926568040751e-04,3.3997410211755166e-04
2526,1.4148896422811513e-04,3.4007523002704712e-04
2527,1.4142870873928485e-04,3.4017632810386740e-04
2528,1.4136849915799465e-04,3.4027739635862105e-04
2529,1.4130833542844913e-04,3.4037843480209321e-04
2530,1.4124821749492993e-04,3.4047944344513411e-04
2531,1.4118814530174751e-04,3.4058042229839650e-04
2532,1.4112811879339043e-04,3.4068137137254720e-04
2533,1.4106813791439068e-04,3.4078229067832774e-04
2534,1.4100820260939026e-04,3.4088318022656755e-04
2535,1.4094831282303327e-04,3.4098404002780275e-04
2536,1.4088846850020942e-04,3.4108487009275107e-04
2537,1.4082866958570761e-04,3.4118567043217661e-04
2538,1.4076891602459395e-04,3.4128644105680458e-04
2539,1.4070920776183715e-04,3.4138718197720416e-04
2540,1.4064954474263407e-04,3.4148789320415476e-04
2541,1.4058992691219982e-04,3.4158857474820263e-04
2542,1.4053035421586794e-04,3.4168922662004814e-04
2543,1.4047082659898296e-04,3.4178984883043292e-04
2544,1.4041134400708782e-04,3.4189044138985118e-04
2545,1.4035190638578095e-04,3.4199100430903158e-04
2546,1.4029251368063170e-04,3.4209153759865411e-04
2547,1.4023316583745122e-04,3.4219204126928536e-04
2548,1.4017386280204487e-04,3.4229251533158340e-04
2549,1.4011460452032331e-04,3.4239295979618509e-04
2550,1.4005539093828176e-04,3.4249337467356206e-04
2551,1.3999622200200964e-04,3.4259375997459690e-04
2552,1.3993709765772189e-04,3.4269411570957251e-04
2553,1.3987801785154968e-04,3.4279444188930672e-04
2554,1.3981898252994930e-04,3.4289473852420447e-04
2555,1.3975999163926865e-04,3.4299500562504613e-04
2556,1.3970104512605182e-04,3.4309524320232299e-04
2557,1.3964214293684475e-04,3.4319545126654911e-04
2558,1.3958328501837417e-04,3.4329562982836527e-04
2559,1.3952447131730615e-04,3.4339577889821185e-04
2560,1.3946570178058584e-04,3.4349589848686117e-04
2561,1.3940697635503305e-04,3.4359598860467092e-04
2562,1.3934829498770196e-04,3.4369604926228847e-04
2563,1.3928965762568160e-04,3.4379608047014612e-04
2564,1.3923106421612541e-04,3.4389608223876653e-04
2565,1.3917251470626721e-04,3.4399605457881440e-04
2566,1.3911400904347774e-04,3.4409599750067970e-04
2567,1.3905554717515842e-04,3.4419591101491254e-04
2568,1.3899712904875386e-04,3.4429579513201518e-04
2569,1.3893875461190797e-04,3.4439564986241686e-04
2570,1.3888042381225997e-04,3.4449547521686830e-04
2571,1.3882213659753583e-04,3.4459527120551221e-04
2572,1.3876389291559655e-04,3.4469503783895214e-04
2573,1.3870569271429704e-04,3.4479477512784054e-04
2574,1.3864753594163313e-04,3.4489448308235580e-04
2575,1.3858942254569778e-04,3.4499416171317854e-04
2576,1.3853135247461612e-04,3.4509381103070710e-04
2577,1.3847332567660861e-04,3.4519343104530946e-04
2578,1.3841534209999275e-04,3.4529302176746130e-04
2579,1.3835740169317807e-04,3.4539258320774233e-04
2580,1.3829950440455915e-04,3.4549211537648260e-04
2581,1.3824165018277960e-04,3.4559161828409972e-04
2582,1.3818383897638893e-04,3.4569109194097899e-04
2583,1.3812607073413057e-04,3.4579053635762184e-04
2584,1.3806834540478993e-04,3.4588995154435454e-04
2585,1.3801066293722068e-04,3.4598933751166716e-04
2586,1.3795302328037737e-04,3.4608869426994723e-04
2587,1.3789542638327010e-04,3.4618802182942660e-04
2588,1.3783787219504522e-04,3.4628732020071807e-04
2589,1.3778036066479352e-04,3.4638658939410206e-04
2590,1.3772289174187116e-04,3.4648582941994961e-04
2591,1.3766546537556217e-04,3.4658504028861674e-04
2592,1.3760808151532287e-04,3.4668422201042756e-04
2593,1.3755074011059988e-04,3.4678337459592581e-04
2594,1.3749344111102174e-04,3.4688249805529564e-04
2595,1.3743618446617511e-04,3.4698159239896214e-04
2596,1.3737897012584685e-04,3.4708065763716059e-04
2597,1.3732179803978777e-04,3.4717969378033313e-04
2598,1.3726466815796811e-04,3.4727870083878107e-04
2599,1.3720758043024242e-04,3.4737767882278038e-04
2600,1.3715053480673319e-04,3.4747662774273832e-04
2601,1.3709353123753839e-04,3.4757554760884757e-04
2602,1.3703656967283218e-04,3.4767443843154873e-04
2603,1.3697965006288131e-04,3.4777330022101570e-04
2604,1.3692277235803185e-04,3.4787213298761229e-04
2605,1.3686593650874009e-04,3.4797093674164862e-04
2606,1.3680914246547369e-04,3.4806971149330384e-04
2607,1.3675239017881053e-04,3.4816845725301881e-04
2608,1.3669567959941520e-04,3.4826717403094838e-04
2609,1.3663901067799525e-04,3.4836586183732384e-04
2610,1.3658238336538105e-04,3.4846452068252275e-04
2611,1.3652579761241662e-04,3.4856315057677498e-04
2612,1.3646925337008878e-04,3.4866175153019105e-04
2613,1.3641275058940962e-04,3.4876032355320521e-04
2614,1.3635628922150188e-04,3.4885886665595399e-04
2615,1.3629986921753596e-04,3.4895738084864553e-04
2616,1.3624349052873314e-04,3.4905586614160768e-04
2617,1.3618715310649598e-04,3.4915432254497658e-04
2618,1.3613085690212357e-04,3.4925275006896975e-04
2619,1.3607460186722159e-04,3.4935114872388143e-04
2620,1.3601838795325539e-04,3.4944951851986902e-04
2621,1.3596221511186086e-04,3.4954785946701494e-04
2622,1.3590608329479254e-04,3.4964617157566265e-04
2623,1.3584999245376132e-04,3.4974445485593062e-04
2624,1.3579394254066161e-04,3.4984270931799318e-04
2625,1.3573793350741103e-04,3.4994093497213539e-04
2626,1.3568196530596387e-04,3.5003913182834762e-04
2627,1.3562603788846479e-04,3.5013729989693843e-04
2628,1.3557015120699379e-04,3.5023543918807226e-04
2629,1.3551430521381041e-04,3.5033354971177418e-04
2630,1.3545849986116865e-04,3.5043163147828601e-04
2631,1.3540273510145694e-04,3.5052968449767857e-04
2632,1.3534701088712902e-04,3.5062770878035066e-04
2633,1.3529132717062659e-04,3.5072570433597049e-04
2634,1.3523568390459934e-04,3.5082367117503807e-04
2635,1.3518008104169101e-04,3.5092160930761112e-04
2636,1.3512451853459471e-04,3.5101951874366596e-04
2637,1.3506899633612909e-04,3.5111739949335877e-04
2638,1.3501351439916572e-04,3.5121525156691063e-04
2639,1.3495807267664011e-04,3.5131307497430608e-04
2640,1.3490267112157815e-04,3.5141086972565767e-04
2641,1.3484730968703123e-04,3.5150863583112424e-04
2642,1.3479198832621833e-04,3.5160637330071805e-04
2643,1.3473670699232909e-04,3.5170408214445475e-04
2644,1.3468146563864848e-04,3.5180176237253148e-04
2645,1.3462626421858323e-04,3.5189941399493645e-04
2646,1.3457110268553271e-04,3.5199703702178196e-04
2647,1.3451598099305316e-04,3.5209463146296173e-04
2648,1.3446089909471929e-04,3.5219219732886574e-04
2649,1.3440585694415589e-04,3.5228973462924555e-04
2650,1.3435085449514170e-04,3.5238724337423441e-04
2651,1.3429589170138663e-04,3.5248472357375909e-04
2652,1.3424096851684413e-04,3.5258217523806206e-04
2653,1.3418608489540901e-04,3.5267959837694267e-04
2654,1.3413124079108134e-04,3.5277699300055251e-04
2655,1.3407643615794560e-04,3.5287435911894453e-04
2656,1.3402167095016081e-04,3.5297169674196349e-04
2657,1.3396694512191583e-04,3.5306900587967632e-04
2658,1.3391225862748803e-04,3.5316628654207525e-04
2659,1.3385761142127798e-04,3.5326353873918985e-04
2660,1.3380300345767091e-04,3.5336076248101826e-04
2661,1.3374843469113275e-04,3.5345795777755068e-04
2662,1.3369390507630513e-04,3.5355512463865549e-04
2663,1.3363941456774776e-04,3.5365226307435937e-04
2664,1.3358496312015702e-04,3.5374937309462013e-04
2665,1.3353055068838381e-04,3.5384645470944295e-04
2666,1.3347617722715108e-04,3.5394350792856792e-04
2667,1.3342184269140954e-04,3.5404053276234847e-04
2668,1.3336754703616741e-04,3.5413752922035984e-04
2669,1.3331329021641451e-04,3.5423449731267014e-04
2670,1.3325907218729915e-04,3.5433143704923149e-04
2671,1.3320489290396579e-04,3.5442834843992497e-04
2672,1.3315075232162114e-04,3.5452523149471214e-04
2673,1.3309665039569198e-04,3.5462208622344778e-04
2674,1.3304258708143955e-04,3.5471891263610738e-04
2675,1.3298856233437100e-04,3.5481571074249900e-04
2676,1.3293457610999697e-04,3.5491248055263933e-04
2677,1.3288062836388809e-04,3.5500922207627739e-04
2678,1.3282671905167051e-04,3.5510593532349399e-04
2679,1.3277284812910297e-04,3.5520262030406581e-04
2680,1.3271901555191219e-04,3.5529927702782494e-04
2681,1.3266522127600657e-04,3.5539590550473347e-04
2682,1.3261146525723081e-04,3.5549250574460993e-04
2683,1.3255774745164132e-04,3.5558907775723111e-04
2684,1.3250406781525415e-04,3.5568562155263261e-04
2685,1.3245042630414142e-04,3.5578213714053094e-04
2686,1.3239682287453729e-04,3.5587862453082203e-04
2687,1.3234325748268038e-04,3.5597508373327316e-04
2688,1.3228973008486331e-04,3.5607151475793540e-04
2689,1.3223624063745971e-04,3.5616791761438000e-04
2690,1.3218278909690306e-04,3.5626429231266205e-04
2691,1.3212937541975191e-04,3.5636063886236379e-04
2692,1.3207599956253235e-04,3.5645695727347057e-04
2693,1.3202266148191032e-04,3.5655324755571704e-04
2694,1.3196936113453643e-04,3.5664950971891574e-04
2695,1.3191609847726301e-04,3.5674574377293951e-04
2696,1.3186287346686660e-04,3.5684194972738690e-04
2697,1.3180968606025945e-04,3.5693812759237276e-04
2698,1.3175653621437747e-04,3.5703427737735123e-04
2699,1.3170342388631859e-04,3.5713039909220703e-04
2700,1.3165034903310445e-04,3.5722649274679734e-04
2701,1.3159731161191602e-04,3.5732255835083072e-04
2702,1.3154431157997340e-04,3.5741859591405993e-04
2703,1.3149134889458287e-04,3.5751460544628856e-04
2704,1.3143842351306340e-04,3.5761058695718724e-04
2705,1.3138553539283256e-04,3.5770654045657414e-04
2706,1.3133268449135475e-04,3.5780246595415867e-04
2707,1.3127987076622791e-04,3.5789836345972168e-04
2708,1.3122709417497558e-04,3.5799423298295220e-04
2709,1.3117435467532162e-04,3.5809007453347849e-04
2710,1.3112165222499273e-04,3.5818588812124068e-04
2711,1.3106898678172735e-04,3.5828167375586513e-04
2712,1.3101635830345071e-04,3.5837743144698036e-04
2713,1.3096376674804545e-04,3.5847316120431324e-04
2714,1.3091121207349258e-04,3.5856886303760462e-04
2715,1.3085869423787376e-04,3.5866453695659775e-04
2716,1.3080621319924577e-04,3.5876018297094185e-04
2717,1.3075376891577561e-04,3.5885580109025836e-04
2718,1.3070136134576800e-04,3.5895139132435474e-04
2719,1.3064899044742609e-04,3.5904695368277947e-04
2720,1.3059665617919225e-04,3.5914248817525327e-04
2721,1.3054435849943664e-04,3.5923799481142198e-04
2722,1.3049209736663308e-04,3.5933347360100204e-04
2723,1.3043987273936511e-04,3.5942892455364633e-04
2724,1.3038768457616611e-04,3.5952434767890537e-04
2725,1.3033553283583202e-04,3.5961974298660197e-04
2726,1.3028341747691591e-04,3.5971511048615780e-04
2727,1.3023133845835216e-04,3.5981045018735366e-04
2728,1.3017929573891880e-04,3.5990576209977716e-04
2729,1.3012728927755984e-04,3.6000104623308570e-04
2730,1.3007531903322511e-04,3.6009630259685888e-04
2731,1.3002338496498879e-04,3.6019153120066586e-04
2732,1.2997148703187012e-04,3.6028673205414704e-04
2733,1.2991962519310962e-04,3.6038190516707563e-04
2734,1.2986779940786245e-04,3.6047705054888582e-04
2735,1.2981600963543616e-04,3.6057216820911783e-04
2736,1.2976425583516248e-04,3.6066725815747853e-04
2737,1.2971253796643524e-04,3.6076232040353350e-04
2738,1.2966085598869098e-04,3.6085735495680398e-04
2739,1.2960920986150891e-04,3.6095236182692264e-04
2740,1.2955759954439805e-04,3.6104734102340876e-04
2741,1.2950602499706883e-04,3.6114229255589396e-04
2742,1.2945448617913852e-04,3.6123721643388035e-04
2743,1.2940298305039641e-04,3.6133211266694578e-04
2744,1.2935151557069084e-04,3.6142698126470445e-04
2745,1.2930008369988180e-04,3.6152182223656373e-04
2746,1.2924868739787584e-04,3.6161663559212433e-04
2747,1.2919732662470767e-04,3.6171142134097867e-04
2748,1.2914600134041610e-04,3.6180617949262719e-04
2749,1.2909471150512617e-04,3.6190091005658008e-04
2750,1.2904345707895855e-04,3.6199561304223974e-04
2751,1.2899223802222931e-04,3.6209028845940472e-04
2752,1.2894105429516606e-04,3.6218493631729777e-04
2753,1.2888990585813040e-04,3.6227955662564452e-04
2754,1.2883879267154761e-04,3.6237414939382971e-04
2755,1.2878771469588212e-04,3.6246871463127100e-04
2756,1.2873667189163939e-04,3.6256325234766218e-04
2757,1.2868566421940175e-04,3.6265776255228960e-04
2758,1.2863469163986656e-04,3.6275224525478961e-04
2759,1.2858375411364529e-04,3.6284670046462185e-04
2760,1.2853285160155942e-04,3.6294112819113184e-04
2761,1.2848198406439074e-04,3.6303552844385361e-04
2762,1.2843115146301366e-04,3.6312990123232955e-04
2763,1.2838035375840550e-04,3.6322424656585366e-04
2764,1.2832959091148849e-04,3.6331856445406124e-04
2765,1.2827886288335264e-04,3.6341285490624846e-04
2766,1.2822816963508116e-04,3.6350711793197257e-04
2767,1.2817751112783894e-04,3.6360135354060734e-04
2768,1.2812688732283476e-04,3.6369556174152925e-04
2769,1.2807629818137504e-04,3.6378974254435575e-04
2770,1.2802574366474036e-04,3.6388389595824478e-04
2771,1.2797522373438872e-04,3.6397802199276947e-04
2772,1.2792473835169607e-04,3.6407212065737190e-04
2773,1.2787428747818369e-04,3.6416619196144074e-04
2774,1.2782387107543403e-04,3.6426023591430842e-04
2775,1.2777348910502913e-04,3.6435425252548013e-04
2776,1.2772314152868043e-04,3.6444824180424727e-04
2777,1.2767282830806234e-04,3.6454220375998841e-04
2778,1.2762254940503319e-04,3.6463613840221059e-04
2779,1.2757230478134313e-04,3.6473004574026212e-04
2780,1.2752209439895656e-04,3.6482392578336383e-04
2781,1.2747191821979538e-04,3.6491777854106666e-04
2782,1.2742177620588823e-04,3.6501160402269747e-04
2783,1.2737166831928225e-04,3.6510540223754428e-04
2784,1.2732159452205800e-04,3.6519917319500318e-04
2785,1.2727155477648209e-04,3.6529291690443825e-04
2786,1.2722154904468304e-04,3.6538663337524368e-04
2787,1.2717157728903429e-04,3.6548032261659626e-04
2788,1.2712163947182798e-04,3.6557398463802390e-04
2789,1.2707173555546685e-04,3.6566761944870877e-04
2790,1.2702186550239794e-04,3.6576122705808770e-04
2791,1.2697202927511769e-04,3.6585480747545356e-04
2792,1.2692222683620679e-04,3.6594836071009753e-04
2793,1.2687245814828774e-04,3.6604188677132488e-04
2794,1.2682272317400190e-04,3.6613538566847845e-04
2795,1.2677302187610523e-04,3.6622885741084731e-04
2796,1.2672335421734933e-04,3.6632230200760906e-04
2797,1.2667372016057137e-04,3.6641571946828593e-04
2798,1.2662411966865903e-04,3.6650910980213331e-04
2799,1.2657455270456697e-04,3.6660247301820907e-04
2800,1.2652501923129161e-04,3.6669580912607755e-04
2801,1.2647551921187201e-04,3.6678911813480637e-04
2802,1.2642605260939442e-04,3.6688240005380997e-04
2803,1.2637661938704367e-04,3.6697565489217105e-04
2804,1.2632721950803778e-04,3.6706888265937849e-04
2805,1.2627785293562699e-04,3.6716208336445703e-04
2806,1.2622851963309102e-04,3.6725525701691993e-04
2807,1.2617921956386053e-04,3.6734840362574110e-04
2808,1.2612995269134538e-04,3.6744152320034376e-04
2809,1.2608071897901970e-04,3.6753461574989983e-04
2810,1.2603151839042157e-04,3.6762768128366532e-04
2811,1.2598235088908907e-04,3.6772071981095811e-04
2812,1.2593321643872507e-04,3.6781373134079341e-04
2813,1.2588411500299122e-04,3.6790671588248240e-04
2814,1.2583504654560960e-04,3.6799967344537069e-04
2815,1.2578601103041450e-04,3.6809260403846566e-04
2816,1.2573700842126147e-04,3.6818550767102494e-04
2817,1.2568803868198930e-04,3.6827838435240536e-04
2818,1.2563910177660703e-04,3.6837123409159587e-04
2819,1.2559019766911111e-04,3.6846405689796099e-04
2820,1.2554132632355011e-04,3.6855685278059676e-04
2821,1.2549248770400972e-04,3.6864962174858244e-04
2822,1.2544368177472070e-04,3.6874236381133623e-04
2823,1.2539490849985206e-04,3.6883507897785440e-04
2824,1.2534616784362523e-04,3.6892776725734806e-04
2825,1.2529745977047266e-04,3.6902042865896332e-04
2826,1.2524878424466232e-04,3.6911306319194269e-04
2827,1.2520014123062676e-04,3.6920567086532721e-04
2828,1.2515153069292937e-04,3.6929825168839983e-04
2829,1.2510295259597642e-04,3.6939080567011497e-04
2830,1.2505440690441328e-04,3.6948333281979363e-04
2831,1.2500589358286748e-04,3.6957583314647398e-04
2832,1.2495741259598819e-04,3.6966830665943566e-04
2833,1.2490896390850915e-04,3.6976075336745697e-04
2834,1.2486054748523637e-04,3.6985317328014876e-04
2835,1.2481216329096058e-04,3.6994556640622720e-04
2836,1.2476381129060797e-04,3.7003793275495718e-04
2837,1.2471549144909790e-04,3.7013027233548346e-04
2838,1.2466720373138288e-04,3.7022258515686634e-04
2839,1.2461894810254353e-04,3.7031487122815955e-04
2840,1.2457072452763196e-04,3.7040713055846194e-04
2841,1.2452253297179418e-04,3.7049936315711055e-04
2842,1.2447437340024390e-04,3.7059156903286074e-04
2843,1.2442624577813674e-04,3.7068374819494167e-04
2844,1.2437815007084721e-04,3.7077590065243935e-04
2845,1.2433008624367775e-04,3.7086802641437611e-04
2846,1.2428205426199968e-04,3.7096012548986377e-04
2847,1.2423405409125240e-04,3.7105219788799546e-04
2848,1.2418608569696114e-04,3.7114424361768224e-04
2849,1.2413814904459867e-04,3.7123626268815882e-04
2850,1.2409024409980448e-04,3.7132825510841018e-04
2851,1.2404237082820272e-04,3.7142022088753474e-04
2852,1.2399452919543012e-04,3.7151216003438500e-04
2853,1.2394671916730125e-04,3.7160407255815001e-04
2854,1.2389894070950508e-04,3.7169595846790868e-04
2855,1.2385119378795995e-04,3.7178781777254569e-04
2856,1.2380347836851553e-04,3.7187965048125662e-04
2857,1.2375579441706601e-04,3.7197145660286405e-04
2858,1.2370814189963515e-04,3.7206323614648405e-04
2859,1.2366052078224160e-04,3.7215498912118153e-04
2860,1.2361293103096873e-04,3.7224671553595114e-04
2861,1.2356537261192871e-04,3.7233841539960897e-04
2862,1.2351784549128757e-04,3.7243008872138959e-04
2863,1.2347034963530013e-04,3.7252173551022131e-04
2864,1.2342288501020250e-04,3.7261335577505551e-04
2865,1.2337545158234167e-04,3.7270494952480445e-04
2866,1.2332804931809200e-04,3.7279651676860160e-04
2867,1.2328067818382138e-04,3.7288805751535309e-04
2868,1.2323333814604596e-04,3.7297957177395724e-04
2869,1.2318602917124963e-04,3.7307105955351939e-04
2870,1.2313875122601226e-04,3.7316252086283226e-04
2871,1.2309150427692987e-04,3.7325395571111348e-04
2872,1.2304428829065938e-04,3.7334536410696785e-04
2873,1.2299710323392197e-04,3.7343674605958314e-04
2874,1.2294994907344084e-04,3.7352810157793360e-04
2875,1.2290282577606684e-04,3.7361943067082100e-04
2876,1.2285573330855527e-04,3.7371073334729009e-04
2877,1.2280867163788438e-04,3.7380200961609743e-04
2878,1.2276164073098540e-04,3.7389325948635897e-04
2879,1.2271464055480275e-04,3.7398448296692562e-04
2880,1.2266767107642351e-04,3.7407568006678682e-04
2881,1.2262073226288565e-04,3.7416685079463092e-04
2882,1.2257382408137509e-04,3.7425799515965175e-04
2883,1.2252694649898756e-04,3.7434911317065227e-04
2884,1.2248009948304513e-04,3.7444020483642931e-04
2885,1.2243328300073447e-04,3.7453127016596073e-04
2886,1.2238649701942474e-04,3.7462230916822739e-04
2887,1.2233974150648293e-04,3.7471332185195821e-04
2888,1.2229301642926587e-04,3.7480430822612535e-04
2889,1.2224632175532161e-04,3.7489526829949415e-04
2890,1.2219965745204417e-04,3.7498620208119293e-04
2891,1.2215302348705457e-04,3.7507710957979297e-04
2892,1.2210641982796105e-04,3.7516799080442704e-04
2893,1.2205984644233719e-04,3.7525884576368788e-04
2894,1.2201330329796092e-04,3.7534967446678334e-04
2895,1.2196679036249543e-04,3.7544047692218360e-04
2896,1.2192030760375667e-04,3.7553125313899221e-04
2897,1.2187385498955580e-04,3.7562200312597955e-04
2898,1.2182743248777408e-04,3.7571272689193298e-04
2899,1.2178104006632347e-04,3.7580342444581678e-04
2900,1.2173467769317745e-04,3.7589409579630209e-04
2901,1.2168834533633157e-04,3.7598474095233892e-04
2902,1.2164204296384930e-04,3.7607535992275601e-04
2903,1.2159577054381703e-04,3.7616595271625715e-04
2904,1.2154952804443425e-04,3.7625651934174436e-04
2905,1.2150331543381056e-04,3.7634705980798590e-04
2906,1.2145713268022209e-04,3.7643757412386691e-04
2907,1.2141097975199652e-04,3.7652806229809496e-04
2908,1.2136485661736202e-04,3.7661852433955377e-04
2909,1.2131876324476471e-04,3.7670896025701779e-04
2910,1.2127269960260117e-04,3.7679937005922072e-04
2911,1.2122666565932193e-04,3.7688975375491291e-04
2912,1.2118066138343077e-04,3.7698011135308426e-04
2913,1.2113468674349198e-04,3.7707044286225042e-04
2914,1.2108874170811248e-04,3.7716074829135436e-04
2915,1.2104282624587960e-04,3.7725102764914913e-04
2916,1.2099694032553634e-04,3.7734128094430954e-04
2917,1.2095108391575979e-04,3.7743150818567736e-04
2918,1.2090525698539990e-04,3.7752170938200487e-04
2919,1.2085945950316927e-04,3.7761188454191159e-04
2920,1.2081369143800705e-04,3.7770203367432434e-04
2921,1.2076795275875768e-04,3.7779215678785592e-04
2922,1.2072224343443300e-04,3.7788225389131765e-04
2923,1.2067656343399405e-04,3.7797232499352034e-04
2924,1.2063091272649531e-04,3.7806237010305462e-04
2925,1.2058529128096038e-04,3.7815238922862392e-04
2926,1.2053969906656972e-04,3.7824238237911724e-04
2927,1.2049413605248685e-04,3.7833234956313885e-04
2928,1.2044860220790702e-04,3.7842229078944092e-04
2929,1.2040309750209110e-04,3.7851220606660899e-04
2930,1.2035762190432297e-04,3.7860209540358685e-04
2931,1.2031217538396260e-04,3.7869195880885264e-04
2932,1.2026675791040081e-04,3.7878179629124851e-04
2933,1.2022136945301972e-04,3.7887160785942428e-04
2934,1.2017600998133913e-04,3.7896139352196575e-04
2935,1.2013067946485537e-04,3.7905115328778789e-04
2936,1.2008537787314891e-04,3.7914088716530111e-04
2937,1.2004010517575860e-04,3.7923059516336752e-04
2938,1.1999486134240185e-04,3.7932027729056122e-04
2939,1.1994964634269501e-04,3.7940993355566548e-04
2940,1.1990446014643559e-04,3.7949956396724085e-04
2941,1.1985930272331630e-04,3.7958916853401102e-04
2942,1.1981417404321876e-04,3.7967874726460484e-04
2943,1.1976907407596486e-04,3.7976830016762529e-04
2944,1.1972400279146225e-04,3.7985782725177440e-04
2945,1.1967896015963045e-04,3.7994732852566013e-04
2946,1.1963394615049141e-04,3.8003680399803866e-04
2947,1.1958896073405195e-04,3.8012625367742883e-04
2948,1.1954400388036773e-04,3.8021567757232203e-04
2949,1.1949907555954051e-04,3.8030507569172562e-04
2950,1.1945417574177114e-04,3.8039444804395235e-04
2951,1.1940930439719730e-04,3.8048379463774865e-04
2952,1.1936446149607361e-04,3.8057311548159921e-04
2953,1.1931964700867088e-04,3.8066241058433680e-04
2954,1.1927486090533672e-04,3.8075167995441203e-04
2955,1.1923010315638073e-04,3.8084092360046718e-04
2956,1.1918537373226205e-04,3.8093014153106668e-04
2957,1.1914067260339373e-04,3.8101933375479406e-04
2958,1.1909599974024726e-04,3.8110850028042528e-04
2959,1.1905135511336388e-04,3.8119764111621177e-04
2960,1.1900673869329932e-04,3.8128675627102610e-04
2961,1.1896215045069767e-04,3.8137584575340697e-04
2962,1.1891759035617567e-04,3.8146490957173773e-04
2963,1.1887305838043244e-04,3.8155394773471706e-04
2964,1.1882855449416794e-04,3.8164296025098925e-04
2965,1.1878407866821580e-04,3.8173194712900924e-04
2966,1.1873963087336943e-04,3.8182090837742618e-04
2967,1.1869521108041664e-04,3.8190984400451959e-04
2968,1.1865081926039227e-04,3.8199875401922958e-04
2969,1.1860645538408497e-04,3.8208763842991302e-04
2970,1.1856211942255841e-04,3.8217649724510731e-04
2971,1.1851781134677975e-04,3.8226533047339541e-04
2972,1.1847353112789613e-04,3.8235413812326131e-04
2973,1.1842927873687068e-04,3.8244292020324540e-04
2974,1.1838505414492955e-04,3.8253167672194511e-04
2975,1.1834085732325284e-04,3.8262040768771054e-04
2976,1.1829668824304412e-04,3.8270911310925727e-04
2977,1.1825254687555383e-04,3.8279779299498233e-04
2978,1.1820843319208297e-04,3.8288644735340934e-04
2979,1.1816434716396336e-04,3.8297507619305384e-04
2980,1.1812028876259786e-04,3.8306367952247106e-04
2981,1.1807625795938668e-04,3.8315225735010270e-04
2982,1.1803225472579082e-04,3.8324080968438450e-04
2983,1.1798827903331578e-04,3.8332933653394580e-04
2984,1.1794433085351408e-04,3.8341783790721539e-04
2985,1.1790041015793082e-04,3.8350631381254912e-04
2986,1.1785651691820219e-04,3.8359476425873753e-04
2987,1.1781265110594412e-04,3.8368318925397453e-04
2988,1.1776881269294042e-04,3.8377158880671225e-04
2989,1.1772500165083226e-04,3.8385996292558488e-04
2990,1.1768121795148616e-04,3.8394831161898534e-04
2991,1.1763746156664891e-04,3.8403663489541178e-04
2992,1.1759373246818200e-04,3.8412493276321791e-04
2993,1.1755003062799653e-04,3.8421320523094867e-04
2994,1.1750635601802478e-04,3.8430145230698015e-04
2995,1.1746270861019874e-04,3.8438967399989296e-04
2996,1.1741908837659778e-04,3.8447787031798146e-04
2997,1.1737549528920881e-04,3.8456604126964463e-04
2998,1.1733192932015774e-04,3.8465418686345159e-04
2999,1.1728839044153470e-04,3.8474230710778851e-04
3000,1.1724487862554570e-04,3.8483040201108091e-04
3001,1.1720139384435708e-04,3.8491847158163815e-04
3002,1.1715793607026247e-04,3.8500651582808594e-04
3003,1.1711450527543699e-04,3.8509453475869912e-04
3004,1.1707110143230914e-04,3.8518252838185869e-04
3005,1.1702772451318650e-04,3.8527049670594114e-04
3006,1.1698437449050184e-04,3.8535843973955979e-04
3007,1.1694105133661115e-04,3.8544635749090180e-04
3008,1.1689775502403613e-04,3.8553424996844258e-04
3009,1.1685448552531226e-04,3.8562211718054756e-04
3010,1.1681124281295277e-04,3.8570995913558799e-04
3011,1.1676802685952467e-04,3.8579777584196148e-04
3012,1.1672483763772832e-04,3.8588556730809740e-04
3013,1.1668167512012685e-04,3.8597333354224088e-04
3014,1.1663853927949831e-04,3.8606107455285205e-04
3015,1.1659543008852018e-04,3.8614879034840771e-04
3016,1.1655234752003115e-04,3.8623648093694227e-04
3017,1.1650929154678451e-04,3.8632414632708441e-04
3018,1.1646626214164894e-04,3.8641178652722380e-04
3019,1.1642325927750588e-04,3.8649940154553787e-04
3020,1.1638028292735031e-04,3.8658699139035139e-04
3021,1.1633733306402071e-04,3.8667455607017454e-04
3022,1.1629440966062164e-04,3.8676209559324493e-04
3023,1.1625151269011363e-04,3.8684960996784087e-04
3024,1.1620864212563372e-04,3.8693709920251031e-04
3025,1.1616579794025868e-04,3.8702456330525159e-04
3026,1.1612298010715929e-04,3.8711200228467587e-04
3027,1.1608018859945215e-04,3.8719941614906374e-04
3028,1.1603742339048465e-04,3.8728680490651365e-04
3029,1.1599468445338405e-04,3.8737416856555649e-04
3030,1.1595197176152885e-04,3.8746150713449713e-04
3031,1.1590928528824246e-04,3.8754882062150156e-04
3032,1.1586662500687368e-04,3.8763610903489284e-04
3033,1.1582399089082007e-04,3.8772337238299356e-04
3034,1.1578138291353624e-04,3.8781061067427405e-04
3035,1.1573880104851232e-04,3.8789782391674424e-04
3036,1.1569624526927089e-04,3.8798501211880729e-04
3037,1.1565371554933272e-04,3.8807217528877920e-04
3038,1.1561121186230555e-04,3.8815931343493242e-04
3039,1.1556873418182062e-04,3.8824642656541946e-04
3040,1.1552628248150636e-04,3.8833351468867290e-04
3041,1.1548385673509387e-04,3.8842057781279771e-04
3042,1.1544145691632132e-04,3.8850761594617759e-04
3043,1.1539908299892496e-04,3.8859462909705681e-04
3044,1.1535673495671015e-04,3.8868161727362879e-04
3045,1.1531441276357460e-04,3.8876858048422173e-04
3046,1.1527211639331278e-04,3.8885551873699814e-04
3047,1.1522984581989609e-04,3.8894243204036104e-04
3048,1.1518760101723856e-04,3.8902932040237628e-04
3049,1.1514538195939259e-04,3.8911618383126662e-04
3050,1.1510318862029617e-04,3.8920302233543989e-04
3051,1.1506102097402123e-04,3.8928983592291603e-04
3052,1.1501887899469722e-04,3.8937662460209285e-04
3053,1.1497676265641715e-04,3.8946338838110109e-04
3054,1.1493467193335235e-04,3.8955012726822342e-04
3055,1.1489260679972456e-04,3.8963684127153286e-04
3056,1.1485056722970896e-04,3.8972353039930170e-04
3057,1.1480855319761871e-04,3.8981019465990059e-04
3058,1.1476656467775182e-04,3.8989683406135420e-04
3059,1.1472460164445302e-04,3.8998344861186440e-04
3060,1.1468266407204418e-04,3.9007003831970088e-04
3061,1.1464075193500797e-04,3.9015660319303828e-04
3062,1.1459886520773386e-04,3.9024314323999752e-04
3063,1.1455700386473581e-04,3.9032965846889488e-04
3064,1.1451516788049145e-04,3.9041614888764780e-04
3065,1.1447335722958512e-04,3.9050261450476699e-04
3066,1.1443157188655874e-04,3.9058905532812982e-04
3067,1.1438981182607587e-04,3.9067547136610305e-04
3068,1.1434807702274277e-04,3.9076186262688301e-04
3069,1.1430636745128168e-04,3.9084822911845398e-04
3070,1.1426468308638505e-04,3.9093457084899146e-04
3071,1.1422302390285540e-04,3.9102088782682281e-04
3072,1.1418138987538627e-04,3.9110718005986911e-04
3073,1.1413978097894619e-04,3.9119344755653173e-04
3074,1.1409819718825392e-04,3.9127969032472178e-04
3075,1.1405663847829461e-04,3.9136590837272444e-04
3076,1.1401510482394384e-04,3.9145210170855524e-04
3077,1.1397359620020208e-04,3.9153827034046267e-04
3078,1.1393211258200552e-04,3.9162441427653108e-04
3079,1.1389065394446365e-04,3.9171053352481057e-04
3080,1.1384922026257227e-04,3.9179662809360168e-04
3081,1.1380781151146862e-04,3.9188269799088148e-04
3082,1.1376642766625277e-04,3.9196874322471753e-04
3083,1.1372506870212526e-04,3.9205476380325287e-04
3084,1.1368373459423153e-04,3.9214075973481631e-04
3085,1.1364242531787577e-04,3.9222673102722429e-04
3086,1.1360114084827504e-04,3.9231267768870785e-04
3087,1.1355988116070712e-04,3.9239859972736788e-04
3088,1.1351864623055749e-04,3.9248449715115793e-04
3089,1.1347743603319270e-04,3.9257036996830379e-04
3090,1.1343625054396732e-04,3.9265621818685174e-04
3091,1.1339508973834263e-04,3.9274204181493445e-04
3092,1.1335395359177462e-04,3.9282784086054027e-04
3093,1.1331284207979640e-04,3.9291361533184781e-04
3094,1.1327175517788517e-04,3.9299936523679908e-04
3095,1.1323069286165985e-04,3.9308509058358875e-04
3096,1.1318965510668812e-04,3.9317079138012981e-04
3097,1.1314864188859297e-04,3.9325646763462566e-04
3098,1.1310765318309808e-04,3.9334211935500589e-04
3099,1.1306668896582083e-04,3.9342774654949520e-04
3100,1.1302574921255132e-04,3.9351334922591231e-04
3101,1.1298483389903671e-04,3.9359892739246593e-04
3102,1.1294394300108606e-04,3.9368448105716344e-04
3103,1.1290307649447356e-04,3.9377001022805537e-04
3104,1.1286223435513067e-04,3.9385551491320732e-04
3105,1.1282141655894502e-04,3.9394099512046754e-04
3106,1.1278062308177788e-04,3.9402645085807094e-04
3107,1.1273985389967751e-04,3.9411188213394287e-04
3108,1.1269910898855887e-04,3.9419728895610367e-04
3109,1.1265838832451686e-04,3.9428267133261822e-04
3110,1.1261769188356415e-04,3.9436802927137908e-04
3111,1.1257701964176958e-04,3.9445336278064088e-04
3112,1.1253637157533214e-04,3.9453867186813626e-04
3113,1.1249574766033345e-04,3.9462395654200108e-04
3114,1.1245514787300714e-04,3.9470921681024438e-04
3115,1.1241457218950755e-04,3.9479445268083397e-04
3116,1.1237402058618340e-04,3.9487966416172345e-04
3117,1.1233349303923313e-04,3.9496485126089232e-04
3118,1.1229298952500571e-04,3.9505001398649521e-04
3119,1.1225251001985086e-04,3.9513515234625748e-04
3120,1.1221205450013999e-04,3.9522026634842698e-04
3121,1.1217162294225412e-04,3.9530535600066285e-04
3122,1.1213121532270449e-04,3.9539042131119483e-04
3123,1.1209083161788009e-04,3.9547546228777984e-04
3124,1.1205047180434645e-04,3.9556047893865608e-04
3125,1.1201013585864402e-04,3.9564547127159626e-04
3126,1.1196982375729810e-04,3.9573043929447651e-04
3127,1.1192953547691578e-04,3.9581538301551128e-04
3128,1.1188927099418519e-04,3.9590030244238957e-04
3129,1.1184903028569730e-04,3.9598519758324529e-04
3130,1.1180881332819562e-04,3.9607006844582707e-04
3131,1.1176862009836281e-04,3.9615491503830513e-04
3132,1.1172845057297952e-04,3.9623973736842765e-04
3133,1.1168830472885727e-04,3.9632453544413812e-04
3134,1.1164818254277362e-04,3.9640930927343663e-04
3135,1.1160808399159922e-04,3.9649405886431620e-04
3136,1.1156800905223869e-04,3.9657878422461621e-04
3137,1.1152795770154784e-04,3.9666348536210479e-04
3138,1.1148792991651480e-04,3.9674816228488501e-04
3139,1.1144792567406880e-04,3.9683281500088260e-04
3140,1.1140794495128713e-04,3.9691744351784349e-04
3141,1.1136798772515632e-04,3.9700204784375677e-04
3142,1.1132805397272706e-04,3.9708662798675873e-04
3143,1.1128814367113595e-04,3.9717118395429210e-04
3144,1.1124825679750538e-04,3.9725571575457454e-04
3145,1.1120839332895610e-04,3.9734022339528332e-04
3146,1.1116855324272987e-04,3.9742470688457318e-04
3147,1.1112873651600850e-04,3.9750916623007397e-04
3148,1.1108894312608590e-04,3.9759360143976470e-04
3149,1.1104917305015430e-04,3.9767801252152608e-04
3150,1.1100942626562738e-04,3.9776239948317957e-04
3151,1.1096970274978751e-04,3.9784676233276493e-04
3152,1.1093000248001882e-04,3.9793110107790573e-04
3153,1.1089032543375787e-04,3.9801541572659718e-04
3154,1.1085067158834685e-04,3.9809970628676243e-04
3155,1.1081104092136007e-04,3.9818397276605963e-04
3156,1.1077143341020634e-04,3.9826821517249269e-04
3157,1.1073184903242327e-04,3.9835243351387772e-04
3158,1.1069228776561174e-04,3.9843662779809298e-04
3159,1.1065274958730467e-04,3.9852079803290861e-04
3160,1.1061323447512807e-04,3.9860494422611938e-04
3161,1.1057374240673685e-04,3.9868906638566176e-04
3162,1.1053427335978106e-04,3.9877316451934780e-04
3163,1.1049482731196030e-04,3.9885723863500295e-04
3164,1.1045540424104380e-04,3.9894128874040419e-04
3165,1.1041600412475816e-04,3.9902531484334129e-04
3166,1.1037662694088580e-04,3.9910931695180175e-04
3167,1.1033727266726831e-04,3.9919329507350865e-04
3168,1.1029794128176338e-04,3.9927724921621312e-04
3169,1.1025863276225366e-04,3.9936117938775540e-04
3170,1.1021934708661444e-04,3.9944508559590765e-04
3171,1.1018008423279169e-04,3.9952896784868245e-04
3172,1.1014084417877282e-04,3.9961282615359967e-04
3173,1.1010162690256574e-04,3.9969666051850280e-04
3174,1.1006243238215645e-04,3.9978047095127838e-04
3175,1.1002326059560940e-04,3.9986425745968562e-04
3176,1.0998411152102926e-04,3.9994802005152664e-04
3177,1.0994498513654390e-04,4.0003175873452943e-04
3178,1.0990588142021374e-04,4.0011547351643249e-04
3179,1.0986680035034001e-04,4.0019916440515437e-04
3180,1.0982774190501310e-04,4.0028283140834881e-04
3181,1.0978870606248420e-04,4.0036647453376556e-04
3182,1.0974969280107630e-04,4.0045009378923512e-04
3183,1.0971070209897178e-04,4.0053368918252334e-04
3184,1.0967173393460295e-04,4.0061726072129365e-04
3185,1.0963278828621564e-04,4.0070080841342272e-04
3186,1.0959386513224420e-04,4.0078433226664741e-04
3187,1.0955496445107991e-04,4.0086783228857309e-04
3188,1.0951608622110633e-04,4.0095130848702605e-04
3189,1.0947723042083924e-04,4.0103476086978697e-04
3190,1.0943839702875356e-04,4.0111818944455922e-04
3191,1.0939958602334969e-04,4.0120159421903878e-04
3192,1.0936079738319968e-04,4.0128497520108152e-04
3193,1.0932203108686061e-04,4.0136833239824113e-04
3194,1.0928328711290853e-04,4.0145166581836316e-04
3195,1.0924456544003312e-04,4.0153497546910257e-04
3196,1.0920586604681408e-04,4.0161826135821368e-04
3197,1.0916718891201877e-04,4.0170152349349223e-04
3198,1.0912853401432818e-04,4.0178476188233698e-04
3199,1.0908990133243802e-04,4.0186797653288622e-04
3200,1.0905129084520591e-04,4.0195116745241489e-04
3201,1.0901270253136759e-04,4.0203433464896756e-04
3202,1.0897413636975040e-04,4.0211747813003265e-04
3203,1.0893559233926402e-04,4.0220059790345067e-04
3204,1.0889707041872430e-04,4.0228369397669081e-04
3205,1.0885857058708536e-04,4.0236676635777089e-04
3206,1.0882009282329243e-04,4.0244981505411029e-04
3207,1.0878163710627278e-04,4.0253284007342384e-04
3208,1.0874320341503357e-04,4.0261584142344290e-04
3209,1.0870479172861917e-04,4.0269881911189853e-04
3210,1.0866640202605908e-04,4.0278177314629162e-04
3211,1.0862803428641913e-04,4.0286470353438820e-04
3212,1.0858968848882507e-04,4.0294761028392817e-04
3213,1.0855136461240719e-04,4.0303049340246089e-04
3214,1.0851306263632067e-04,4.0311335289761372e-04
3215,1.0847478253971797e-04,4.0319618877709599e-04
3216,1.0843652430187938e-04,4.0327900104857836e-04
3217,1.0839828790202149e-04,4.0336178971970584e-04
3218,1.0836007331936904e-04,4.0344455479807086e-04
3219,1.0832188053325560e-04,4.0352729629145257e-04
3220,1.0828370952304614e-04,4.0361001420729213e-04
3221,1.0824556026801817e-04,4.0369270855336690e-04
3222,1.0820743274756645e-04,4.0377537933712594e-04
3223,1.0816932694114430e-04,4.0385802656651125e-04
3224,1.0813124282811520e-04,4.0394065024873505e-04
3225,1.0809318038798592e-04,4.0402325039179350e-04
3226,1.0805513960021364e-04,4.0410582700314693e-04
3227,1.0801712044432084e-04,4.0418838009040879e-04
3228,1.0797912289988840e-04,4.0427090966115074e-04
3229,1.0794114694639291e-04,4.0435341572308897e-04
3230,1.0790319256351128e-04,4.0443589828370125e-04
3231,1.0786525973081826e-04,4.0451835735065729e-04
3232,1.0782734842797766e-04,4.0460079293162495e-04
3233,1.0778945863466344e-04,4.0468320503405123e-04
3234,1.0775159033056548e-04,4.0476559366557082e-04
3235,1.0771374349541636e-04,4.0484795883382620e-04
3236,1.0767591810897119e-04,4.0493030054643839e-04
3237,1.0763811415098995e-04,4.0501261881080707e-04
3238,1.0760033160131733e-04,4.0509491363477563e-04
3239,1.0756257043975900e-04,4.0517718502563343e-04
3240,1.0752483064619131e-04,4.0525943299113800e-04
3241,1.0748711220045765e-04,4.0534165753884789e-04
3242,1.0744941508254354e-04,4.0542385867621501e-04
3243,1.0741173927228550e-04,4.0550603641103053e-04
3244,1.0737408474975687e-04,4.0558819075058646e-04
3245,1.0733645149485352e-04,4.0567032170251284e-04
3246,1.0729883948767583e-04,4.0575242927446645e-04
3247,1.0726124870820404e-04,4.0583451347396516e-04
3248,1.0722367913651830e-04,4.0591657430848909e-04
3249,1.0718613075274981e-04,4.0599861178562159e-04
3250,1.0714860353696728e-04,4.0608062591292697e-04
3251,1.0711109746934112e-04,4.0616261669784335e-04
3252,1.0707361253005962e-04,4.0624458414810765e-04
3253,1.0703614869929117e-04,4.0632652827100283e-04
3254,1.0699870595728890e-04,4.0640844907405775e-04
3255,1.0696128428426766e-04,4.0649034656507028e-04
3256,1.0692388366056339e-04,4.0657222075133129e-04
3257,1.0688650406638834e-04,4.0665407164054690e-04
3258,1.0684914548214571e-04,4.0673589923994111e-04
3259,1.0681180788814911e-04,4.0681770355728629e-04
3260,1.0677449126479732e-04,4.0689948459997864e-04
3261,1.0673719559249229e-04,4.0698124237553181e-04
3262,1.0669992085164203e-04,4.0706297689148581e-04
3263,1.0666266702272516e-04,4.0714468815529665e-04
3264,1.0662543408621529e-04,4.0722637617446105e-04
3265,1.0658822202259764e-04,4.0730804095648733e-04
3266,1.0655103081244665e-04,4.0738968250877072e-04
3267,1.0651386043627593e-04,4.0747130083908066e-04
3268,1.0647671087467078e-04,4.0755289595461122e-04
3269,1.0643958210827346e-04,4.0763446786293755e-04
3270,1.0640247411767383e-04,4.0771601657157996e-04
3271,1.0636538688357353e-04,4.0779754208789047e-04
3272,1.0632832038659435e-04,4.0787904441947037e-04
3273,1.0629127460750312e-04,4.0796052357365152e-04
3274,1.0625424952698941e-04,4.0804197955806535e-04
3275,1.0621724512583765e-04,4.0812341238003521e-04
3276,1.0618026138479158e-04,4.0820482204709062e-04
3277,1.0614329828472209e-04,4.0828620856668617e-04
3278,1.0610635580642198e-04,4.0836757194614477e-04
3279,1.0606943393076411e-04,4.0844891219319983e-04
3280,1.0603253263855405e-04,4.0853022931498784e-04
3281,1.0599565191082662e-04,4.0861152331918700e-04
3282,1.0595879172843107e-04,4.0869279421302173e-04
3283,1.0592195207232971e-04,4.0877404200410211e-04
3284,1.0588513292350617e-04,4.0885526669984338e-04
3285,1.0584833426299067e-04,4.0893646830740657e-04
3286,1.0581155607179208e-04,4.0901764683465400e-04
3287,1.0577479833096589e-04,4.0909880228869717e-04
3288,1.0573806102157383e-04,4.0917993467708992e-04
3289,1.0570134412477135e-04,4.0926104400715134e-04
3290,1.0566464762162146e-04,4.0934213028646113e-04
3291,1.0562797149331121e-04,4.0942319352218944e-04
3292,1.0559131572102402e-04,4.0950423372202024e-04
3293,1.0555468028592930e-04,4.0958525089325692e-04
3294,1.0551806516929856e-04,4.0966624504303495e-04
3295,1.0548147035233685e-04,4.0974721617917153e-04
3296,1.0544489581631539e-04,4.0982816430881058e-04
3297,1.0540834154257909e-04,4.0990908943931817e-04
3298,1.0537180751240694e-04,4.0998999157824522e-04
3299,1.0533529370715744e-04,4.1007087073296854e-04
3300,1.0529880010820951e-04,4.1015172691062293e-04
3301,1.0526232669693892e-04,4.1023256011891388e-04
3302,1.0522587345477546e-04,4.1031337036504510e-04
3303,1.0518944036316116e-04,4.1039415765644087e-04
3304,1.0515302740356763e-04,4.1047492200045724e-04
3305,1.0511663455744731e-04,4.1055566340437831e-04
3306,1.0508026180637415e-04,4.1063638187569977e-04
3307,1.0504390913183175e-04,4.1071707742165329e-04
3308,1.0500757651538633e-04,4.1079775004971571e-04
3309,1.0497126393865681e-04,4.1087839976729998e-04
3310,1.0493497138325872e-04,4.1095902658144496e-04
3311,1.0489869883074743e-04,4.1103963049994813e-04
3312,1.0486244626286530e-04,4.1112021152979786e-04
3313,1.0482621366123881e-04,4.1120076967843391e-04
3314,1.0479000100757341e-04,4.1128130495328441e-04
3315,1.0475380828364328e-04,4.1136181736160283e-04
3316,1.0471763547112398e-04,4.1144230691077098e-04
3317,1.0468148255184124e-04,4.1152277360811056e-04
3318,1.0464534950757372e-04,4.1160321746085783e-04
3319,1.0460923632017355e-04,4.1168363847641853e-04
3320,1.0457314297139350e-04,4.1176403666213417e-04
3321,1.0453706944322838e-04,4.1184441202530913e-04
3322,1.0450101571745016e-04,4.1192476457325500e-04
3323,1.0446498177605594e-04,4.1200509431327768e-04
3324,1.0442896760094824e-04,4.1208540125257259e-04
3325,1.0439297317405379e-04,4.1216568539874788e-04
3326,1.0435699847740829e-04,4.1224594675881961e-04
3327,1.0432104349300707e-04,4.1232618534018566e-04
3328,1.0428510820283595e-04,4.1240640115015230e-04
3329,1.0424919258900911e-04,4.1248659419600197e-04
3330,1.0421329663355444e-04,4.1256676448509400e-04
3331,1.0417742031858063e-04,4.1264691202456922e-04
3332,1.0414156362622205e-04,4.1272703682189140e-04
3333,1.0410572653860324e-04,4.1280713888411878e-04
3334,1.0406990903791163e-04,4.1288721821877808e-04
3335,1.0403411110631143e-04,4.1296727483306286e-04
3336,1.0399833272602783e-04,4.1304730873411861e-04
3337,1.0396257387930212e-04,4.1312731992928424e-04
3338,1.0392683454835949e-04,4.1320730842593482e-04
3339,1.0389111471550067e-04,4.1328727423130268e-04
3340,1.0385541436306532e-04,4.1336721735253201e-04
3341,1.0381973347332148e-04,4.1344713779689580e-04
3342,1.0378407202861003e-04,4.1352703557183130e-04
3343,1.0374843001137575e-04,4.1360691068435286e-04
3344,1.0371280740391530e-04,4.1368676314190581e-04
3345,1.0367720418870914e-04,4.1376659295156256e-04
3346,1.0364162034819101e-04,4.1384640012083164e-04
3347,1.0360605586479765e-04,4.1392618465667342e-04
3348,1.0357051072099998e-04,4.1400594656647912e-04
3349,1.0353498489934778e-04,4.1408568585735227e-04
3350,1.0349947838232845e-04,4.1416540253668912e-04
3351,1.0346399115251664e-04,4.1424509661156222e-04
3352,1.0342852319245156e-04,4.1432476808936683e-04
3353,1.0339307448473636e-04,4.1440441697713603e-04
3354,1.0335764501203304e-04,4.1448404328241450e-04
3355,1.0332223475691806e-04,4.1456364701197119e-04
3356,1.0328684370205855e-04,4.1464322817327966e-04
3357,1.0325147183018808e-04,4.1472278677356672e-04
3358,1.0321611912393317e-04,4.1480232281990365e-04
3359,1.0318078556610353e-04,4.1488183631970617e-04
3360,1.0314547113936984e-04,4.1496132728001953e-04
3361,1.0311017582653571e-04,4.1504079570783706e-04
3362,1.0307489961040116e-04,4.1512024161088424e-04
3363,1.0303964247376645e-04,4.1519966499587585e-04
3364,1.0300440439951517e-04,4.1527906587031924e-04
3365,1.0296918537036962e-04,4.1535844424127821e-04
3366,1.0293398536934607e-04,4.1543780011581188e-04
3367,1.0289880437930251e-04,4.1551713350132492e-04
3368,1.0286364238313171e-04,4.1559644440482507e-04
3369,1.0282849936381455e-04,4.1567573283370399e-04
3370,1.0279337530433096e-04,4.1575499879484333e-04
3371,1.0275827018758772e-04,4.1583424229555652e-04
3372,1.0272318399665259e-04,4.1591346334301973e-04
3373,1.0268811671457949e-04,4.1599266194446372e-04
3374,1.0265306832433162e-04,4.1607183810690127e-04
3375,1.0261803880908432e-04,4.1615099183758180e-04
3376,1.0258302815186645e-04,4.1623012314359311e-04
3377,1.0254803633583549e-04,4.1630923203225161e-04
3378,1.0251306334405424e-04,4.1638831851046286e-04
3379,1.0247810915977621e-04,4.1646738258559060e-04
3380,1.0244317376611076e-04,4.1654642426467694e-04
3381,1.0240825714628999e-04,4.1662544355481072e-04
3382,1.0237335928351635e-04,4.1670444046330298e-04
3383,1.0233848016107107e-04,4.1678341499708005e-04
3384,1.0230361976218298e-04,4.1686236716334941e-04
3385,1.0226877807016225e-04,4.1694129696934147e-04
3386,1.0223395506825055e-04,4.1702020442210049e-04
3387,1.0219915073989182e-04,4.1709908952879517e-04
3388,1.0216436506835085e-04,4.1717795229645742e-04
3389,1.0212959803698451e-04,4.1725679273229232e-04
3390,1.0209484962923939e-04,4.1733561084327750e-04
3391,1.0206011982848876e-04,4.1741440663677824e-04
3392,1.0202540861820455e-04,4.1749318011963910e-04
3393,1.0199071598179308e-04,4.1757193129902882e-04
3394,1.0195604190275337e-04,4.1765066018217877e-04
3395,1.0192138636458528e-04,4.1772936677603130e-04
3396,1.0188674935079483e-04,4.1780805108794148e-04
3397,1.0185213084490026e-04,4.1788671312466014e-04
3398,1.0181753083050400e-04,4.1796535289350420e-04
3399,1.0178294929115521e-04,4.1804397040149342e-04
3400,1.0174838621044478e-04,4.1812256565570066e-04
3401,1.0171384157198837e-04,4.1820113866327302e-04
3402,1.0167931535950813e-04,4.1827968943125842e-04
3403,1.0164480755654269e-04,4.1835821796671019e-04
3404,1.0161031814681187e-04,4.1843672427665417e-04
3405,1.0157584711406656e-04,4.1851520836831192e-04
3406,1.0154139444200183e-04,4.1859367024861061e-04
3407,1.0150696011432702e-04,4.1867210992463204e-04
3408,1.0147254411485340e-04,4.1875052740351709e-04
3409,1.0143814642732734e-04,4.1882892269225869e-04
3410,1.0140376703556697e-04,4.1890729579797015e-04
3411,1.0136940592340406e-04,4.1898564672768332e-04
3412,1.0133506307468564e-04,4.1906397548849473e-04
3413,1.0130073847323933e-04,4.1914228208738070e-04
3414,1.0126643210300354e-04,4.1922056653137150e-04
3415,1.0123214394784790e-04,4.1929882882756671e-04
3416,1.0119787399169241e-04,4.1937706898290746e-04
3417,1.0116362221851480e-04,4.1945528700464650e-04
3418,1.0112938861225539e-04,4.1953348289968474e-04
3419,1.0109517315687681e-04,4.1961165667491737e-04
3420,1.0106097583643863e-04,4.1968980833757580e-04
3421,1.0102679663493207e-04,4.1976793789469174e-04
3422,1.0099263553642146e-04,4.1984604535312911e-04
3423,1.0095849252495996e-04,4.1992413072003756e-04
3424,1.0092436758461396e-04,4.2000219400230337e-04
3425,1.0089026069952514e-04,4.2008023520719766e-04
3426,1.0085617185379278e-04,4.2015825434150457e-04
3427,1.0082210103157984e-04,4.2023625141229056e-04
3428,1.0078804821705376e-04,4.2031422642654795e-04
3429,1.0075401339436487e-04,4.2039217939125300e-04
3430,1.0071999654774527e-04,4.2047011031350740e-04
3431,1.0068599766141803e-04,4.2054801920027556e-04
3432,1.0065201671962488e-04,4.2062590605858460e-04
3433,1.0061805370662673e-04,4.2070377089522886e-04
3434,1.0058410860668357e-04,4.2078161371739262e-04
3435,1.0055018140413952e-04,4.2085943453202092e-04
3436,1.0051627208329392e-04,4.2093723334612045e-04
3437,1.0048238062848635e-04,4.2101501016681157e-04
3438,1.0044850702411097e-04,4.2109276500057469e-04
3439,1.0041465125448540e-04,4.2117049785491794e-04
3440,1.0038081330405596e-04,4.2124820873652073e-04
3441,1.0034699315724468e-04,4.2132589765254616e-04
3442,1.0031319079846313e-04,4.2140356460972469e-04
3443,1.0027940621220354e-04,4.2148120961524565e-04
3444,1.0024563938288012e-04,4.2155883267602459e-04
3445,1.0021189029507165e-04,4.2163643379894411e-04
3446,1.0017815893322669e-04,4.2171401299090469e-04
3447,1.0014444528193248e-04,4.2179157025903555e-04
3448,1.0011074932572857e-04,4.2186910561028626e-04
3449,1.0007707104913657e-04,4.2194661905128016e-04
3450,1.0004341043685718e-04,4.2202411058931837e-04
3451,1.0000976747339543e-04,4.2210158023132124e-04
3452,9.9976142143429385e-05,4.2217902798402798e-04
3453,9.9942534431619022e-05,4.2225645385453932e-04
3454,9.9908944322607286e-05,4.2233385784965990e-04
3455,9.9875371801104581e-05,4.2241123997633051e-04
3456,9.9841816851794899e-05,4.2248860024174747e-04
3457,9.9808279459447707e-05,4.2256593865245342e-04
3458,9.9774759608757917e-05,4.2264325521569103e-04
3459,9.9741257284525478e-05,4.2272054993819157e-04
3460,9.9707772471516006e-05,4.2279782282687254e-04
3461,9.9674305154518511e-05,4.2287507388866186e-04
3462,9.9640855318379356e-05,4.2295230313056968e-04
3463,9.9607422947949284e-05,4.2302951055942363e-04
3464,9.9574008028034610e-05,4.2310669618211621e-04
3465,9.9540610543573515e-05,4.2318386000566910e-04
3466,9.9507230479424521e-05,4.2326100203677827e-04
3467,9.9473867820502066e-05,4.2333812228256969e-04
3468,9.9440522551739425e-05,4.2341522074980484e-04
3469,9.9407194658111901e-05,4.2349229744533955e-04
3470,9.9373884124571608e-05,4.2356935237619327e-04
3471,9.9340590936103444e-05,4.2364638554914270e-04
3472,9.9307315077718829e-05,4.2372339697119017e-04
3473,9.9274056534462060e-05,4.2380038664900502e-04
3474,9.9240815291343543e-05,4.2387735458964516e-04
3475,9.9207591333443841e-05,4.2395430080001146e-04
3476,9.9174384645880030e-05,4.2403122528692676e-04
3477,9.9141195213673993e-05,4.2410812805714602e-04
3478,9.9108023021997476e-05,4.2418500911768902e-04
3479,9.9074868055961686e-05,4.2426186847540303e-04
3480,9.9041730300782212e-05,4.2433870613710464e-04
3481,9.9008609741549933e-05,4.2441552210961209e-04
3482,9.8975506363505671e-05,4.2449231639987608e-04
3483,9.8942420151828641e-05,4.2456908901474552e-04
3484,9.8909351091803455e-05,4.2464583996096881e-04
3485,9.8876299168585175e-05,4.2472256924551150e-04
3486,9.8843264367493854e-05,4.2479927687521656e-04
3487,9.8810246673848635e-05,4.2487596285677512e-04
3488,9.8777246072903244e-05,4.2495262719725673e-04
3489,9.8744262549936966e-05,4.2502926990336881e-04
3490,9.8711296090387557e-05,4.2510589098188848e-04
3491,9.8678346679504351e-05,4.2518249043978288e-04
3492,9.8645414302740310e-05,4.2525906828374204e-04
3493,9.8612498945436979e-05,4.2533562452075954e-04
3494,9.8579600593027709e-05,4.2541215915758513e-04
3495,9.8546719230933452e-05,4.2548867220094645e-04
3496,9.8513854844592299e-05,4.2556516365790687e-04
3497,9.8481007419465766e-05,4.2564163353494373e-04
3498,9.8448176941051441e-05,4.2571808183909253e-04
3499,9.8415363394828117e-05,4.2579450857718846e-04
3500,9.8382566766328796e-05,4.2587091375596007e-04
3501,9.8349787041051868e-05,4.2594729738216320e-04
3502,9.8317024204603654e-05,4.2602365946270361e-04
3503,9.8284278242509988e-05,4.2610000000439097e-04
3504,9.8251549140372787e-05,4.2617631901400917e-04
3505,9.8218836883780822e-05,4.2625261649811873e-04
3506,9.8186141458407255e-05,4.2632889246393523e-04
3507,9.8153462849794265e-05,4.2640514691787558e-04
3508,9.8120801043716916e-05,4.2648137986695900e-04
3509,9.8088156025746373e-05,4.2655759131795921e-04
3510,9.8055527781635326e-05,4.2663378127748243e-04
3511,9.8022916297098666e-05,4.2670994975240459e-04
3512,9.7990321557811074e-05,4.2678609674958660e-04
3513,9.7957743549566628e-05,4.2686222227579360e-04
3514,9.7925182258087279e-05,4.2693832633759402e-04
3515,9.7892637669219813e-05,4.2701440894198756e-04
3516,9.7860109768676341e-05,4.2709047009562728e-04
3517,9.7827598542337259e-05,4.2716650980527632e-04
3518,9.7795103975995655e-05,4.2724252807772921e-04
3519,9.7762626055518655e-05,4.2731852491970351e-04
3520,9.7730164766736727e-05,4.2739450033809116e-04
3521,9.7697720095583351e-05,4.2747045433943212e-04
3522,9.7665292027952717e-05,4.2754638693066806e-04
3523,9.7632880549723675e-05,4.2762229811842123e-04
3524,9.7600485646879239e-05,4.2769818790957674e-04
3525,9.7568107305336950e-05,4.2777405631061883e-04
3526,9.7535745511066665e-05,4.2784990332854847e-04
3527,9.7503400250079924e-05,4.2792572896992507e-04
3528,9.7471071508346827e-05,4.2800153324161407e-04
3529,9.7438759271927474e-05,4.2807731615025052e-04
3530,9.7406463526835739e-05,4.2815307770270789e-04
3531,9.7374184259101405e-05,4.2822881790553682e-04
3532,9.7341921454862867e-05,4.2830453676561688e-04
3533,9.7309675100129472e-05,4.2838023428950150e-04
3534,9.7277445181070675e-05,4.2845591048398292e-04
3535,9.7245231683758341e-05,4.2853156535585442e-04
3536,9.7213034594377838e-05,4.2860719891170504e-04
3537,9.7180853899073738e-05,4.2868281115829646e-04
3538,9.7148689583985873e-05,4.2875840210245485e-04
3539,9.7116541635336513e-05,4.2883397175069911e-04
3540,9.7084410039310361e-05,4.2890952010985525e-04
3541,9.7052294782163027e-05,4.2898504718654384e-04
3542,9.7020195850086883e-05,4.2906055298756230e-04
3543,9.6988113229378551e-05,4.2913603751947179e-04
3544,9.6956046906289262e-05,4.2921150078904812e-04
3545,9.6923996867128958e-05,4.2928694280298794e-04
3546,9.6891963098181560e-05,4.2936236356797388e-04
3547,9.6859945585782203e-05,4.2943776309061822e-04
3548,9.6827944316282857e-05,4.2951314137776249e-04
3549,9.6795959275979354e-05,4.2958849843584431e-04
3550,9.6763990451356898e-05,4.2966383427181379e-04
3551,9.6732037828686806e-05,4.2973914889214379e-04
3552,9.6700101394448561e-05,4.2981444230356551e-04
3553,9.6668181135020466e-05,4.2988971451291528e-04
3554,9.6636277036899580e-05,4.2996496552655266e-04
3555,9.6604389086465641e-05,4.3004019535132455e-04
3556,9.6572517270232639e-05,4.3011540399379448e-04
3557,9.6540661574707486e-05,4.3019059146072263e-04
3558,9.6508821986331856e-05,4.3026575775871557e-04
3559,9.6476998491714213e-05,4.3034090289446587e-04
3560,9.6445191077295875e-05,4.3041602687468415e-04
3561,9.6413399729681037e-05,4.3049112970588673e-04
3562,9.6381624435438914e-05,4.3056621139482071e-04
3563,9.6349865181164499e-05,4.3064127194792647e-04
3564,9.6318121953409673e-05,4.3071631137208170e-04
3565,9.6286394738862561e-05,4.3079132967393011e-04
3566,9.6254683524075682e-05,4.3086632685993687e-04
3567,9.6222988295792481e-05,4.3094130293673484e-04
3568,9.6191309040587366e-05,4.3101625791111287e-04
3569,9.6159645745213227e-05,4.3109119178957791e-04
3570,9.6127998396337741e-05,4.3116610457885396e-04
3571,9.6096366980656634e-05,4.3124099628544374e-04
3572,9.6064751484923626e-05,4.3131586691615658e-04
3573,9.6033151895861971e-05,4.3139071647737632e-04
3574,9.6001568200305049e-05,4.3146554497584881e-04
3575,9.5970000384944495e-05,4.3154035241821777e-04
3576,9.5938448436613203e-05,4.3161513881097795e-04
3577,9.5906912342112190e-05,4.3168990416081677e-04
3578,9.5875392088293839e-05,4.3176464847428648e-04
3579,9.5843887661950763e-05,4.3183937175804199e-04
3580,9.5812399049983687e-05,4.3191407401868629e-04
3581,9.5780926239238758e-05,4.3198875526282506e-04
3582,9.5749469216604909e-05,4.3206341549697591e-04
3583,9.5718027969022302e-05,4.3213805472781613e-04
3584,9.5686602483383392e-05,4.3221267296200423e-04
3585,9.5655192746600396e-05,4.3228727020584430e-04
3586,9.5623798745685481e-05,4.3236184646611934e-04
3587,9.5592420467559711e-05,4.3243640174949670e-04
3588,9.5561057899192712e-05,4.3251093606243123e-04
3589,9.5529711027641482e-05,4.3258544941144396e-04
3590,9.5498379839869369e-05,4.3265994180321610e-04
3591,9.5467064322931800e-05,4.3273441324429815e-04
3592,9.5435764463858749e-05,4.3280886374135472e-04
3593,9.5404480249725577e-05,4.3288329330059226e-04
3594,9.5373211667595679e-05,4.3295770192908071e-04
3595,9.5341958704576928e-05,4.3303208963304363e-04
3596,9.5310721347766466e-05,4.3310645641911875e-04
3597,9.5279499584274347e-05,4.3318080229378156e-04
3598,9.5248293401276643e-05,4.3325512726379055e-04
3599,9.5217102785872133e-05,4.3332943133563841e-04
3600,9.5185927725276379e-05,4.3340371451582022e-04
3601,9.5154768206654353e-05,4.3347797681079158e-04
3602,9.5123624217205069e-05,4.3355221822717361e-04
3603,9.5092495744155826e-05,4.3362643877161149e-04
3604,9.5061382774722146e-05,4.3370063845051682e-04
3605,9.5030285296140692e-05,4.3377481727049650e-04
3606,9.4999203295703652e-05,4.3384897523807028e-04
3607,9.4968136760661487e-05,4.3392311235970131e-04
3608,9.4937085678311209e-05,4.3399722864198847e-04
3609,9.4906050035966150e-05,4.3407132409138010e-04
3610,9.4875029820927969e-05,4.3414539871462071e-04
3611,9.4844025020563667e-05,4.3421945251793676e-04
3612,9.4813035622216184e-05,4.3429348550803632e-04
3613,9.4782061613202551e-05,4.3436749769142969e-04
3614,9.4751102980992021e-05,4.3444148907451237e-04
3615,9.4720159712918781e-05,4.3451545966392092e-04
3616,9.4689231796397453e-05,4.3458940946603810e-04
3617,9.4658319218877962e-05,4.3466333848754128e-04
3618,9.4627421967777452e-05,4.3473724673481865e-04
3619,9.4596540030605615e-05,4.3481113421439763e-04
3620,9.4565673394761082e-05,4.3488500093266392e-04
3621,9.4534822047779660e-05,4.3495884689636488e-04
3622,9.4503985977113282e-05,4.3503267211181544e-04
3623,9.4473165170351614e-05,4.3510647658554695e-04
3624,9.4442359614971822e-05,4.3518026032393799e-04
3625,9.4411569298540101e-05,4.3525402333375018e-04
3626,9.4380794208596662e-05,4.3532776562121346e-04
3627,9.4350034332751068e-05,4.3540148719289678e-04
3628,9.4319289658560446e-05,4.3547518805537265e-04
3629,9.4288560173649833e-05,4.3554886821500679e-04
3630,9.4257845865613340e-05,4.3562252767818282e-04
3631,9.4227146722118793e-05,4.3569616645151605e-04
3632,9.4196462730786309e-05,4.3576978454150118e-04
3633,9.4165793879321633e-05,4.3584338195457820e-04
3634,9.4135140155340464e-05,4.3591695869719369e-04
3635,9.4104501546557546e-05,4.3599051477576350e-04
3636,9.4073878040735001e-05,4.3606405019674184e-04
3637,9.4043269625543877e-05,4.3613756496668071e-04
3638,9.4012676288697088e-05,4.3621105909201122e-04
3639,9.3982098017993335e-05,4.3628453257903686e-04
3640,9.3951534801190551e-05,4.3635798543442727e-04
3641,9.3920986626041888e-05,4.3643141766446793e-04
3642,9.3890453480380075e-05,4.3650482927577662e-04
3643,9.3859935351966545e-05,4.3657822027455843e-04
3644,9.3829432228677734e-05,4.3665159066742836e-04
3645,9.3798944098279994e-05,4.3672494046079798e-04
3646,9.3768470948724653e-05,4.3679826966105912e-04
3647,9.3738012767799177e-05,4.3687157827457810e-04
3648,9.3707569543381521e-05,4.3694486630802486e-04
3649,9.3677141263417973e-05,4.3701813376773344e-04
3650,9.3646727915798565e-05,4.3709138065988986e-04
3651,9.3616329488418082e-05,4.3716460699119264e-04
3652,9.3585945969265532e-05,4.3723781276788754e-04
3653,9.3555577346232313e-05,4.3731099799656527e-04
3654,9.3525223607359825e-05,4.3738416268357725e-04
3655,9.3494884740544983e-05,4.3745730683521596e-04
3656,9.3464560733847238e-05,4.3753043045800929e-04
3657,9.3434251575232977e-05,4.3760353355838276e-04
3658,9.3403957252750130e-05,4.3767661614264490e-04
3659,9.3373677754427276e-05,4.3774967821730044e-04
3660,9.3343413068318879e-05,4.3782271978874763e-04
3661,9.3313163182478495e-05,4.3789574086326293e-04
3662,9.3282928085014729e-05,4.3796874144735930e-04
3663,9.3252707763963357e-05,4.3804172154742187e-04
3664,9.3222502207507347e-05,4.3811468116981378e-04
3665,9.3192311403691067e-05,4.3818762032085624e-04
3666,9.3162135340736258e-05,4.3826053900706895e-04
3667,9.3131974006698036e-05,4.3833343723475844e-04
3668,9.3101827389812048e-05,4.3840631501034481e-04
3669,9.3071695478191060e-05,4.3847917234015991e-04
3670,9.3041578260097540e-05,4.3855200923056812e-04
3671,9.3011475723676307e-05,4.3862482568804559e-04
3672,9.2981387857180085e-05,4.3869762171896634e-04
3673,9.2951314648844169e-05,4.3877039732946854e-04
3674,9.2921256086895125e-05,4.3884315252619720e-04
3675,9.2891212159563357e-05,4.3891588731541267e-04
3676,9.2861182855207163e-05,4.3898860170335713e-04
3677,9.2831168162035708e-05,4.3906129569669703e-04
3678,9.2801168068383492e-05,4.3913396930136300e-04
3679,9.2771182562579661e-05,4.3920662252410403e-04
3680,9.2741211632910847e-05,4.3927925537108620e-04
3681,9.2711255267741488e-05,4.3935186784870912e-04
3682,9.2681313455434829e-05,4.3942445996322468e-04
3683,9.2651386184363233e-05,4.3949703172109608e-04
3684,9.2621473442898146e-05,4.3956958312869584e-04
3685,9.2591575219417652e-05,4.3964211419213845e-04
3686,9.2561691502370457e-05,4.3971462491804630e-04
3687,9.2531822280159028e-05,4.3978711531256350e-04
3688,9.2501967541216566e-05,4.3985958538213943e-04
3689,9.2472127273996062e-05,4.3993203513309611e-04
3690,9.2442301466976864e-05,4.4000446457163883e-04
3691,9.2412490108614834e-05,4.4007687370407856e-04
3692,9.2382693187437190e-05,4.4014926253694794e-04
3693,9.2352910691901975e-05,4.4022163107644292e-04
3694,9.2323142610552873e-05,4.4029397932889621e-04
3695,9.2293388931920895e-05,4.4036630730070466e-04
3696,9.2263649644546688e-05,4.4043861499801950e-04
3697,9.2233924736960586e-05,4.4051090242724959e-04
3698,9.2204214197803863e-05,4.4058316959468040e-04
3699,9.2174518015605009e-05,4.4065541650668545e-04
3700,9.2144836178955603e-05,4.4072764316944926e-04
3701,9.2115168676509617e-05,4.4079984958942807e-04
3702,9.2085515496876261e-05,4.4087203577270942e-04
3703,9.2055876628675777e-05,4.4094420172580476e-04
3704,9.2026252060572003e-05,4.4101634745491718e-04
3705,9.1996641781207542e-05,4.4108847296634975e-04
3706,9.1967045779311164e-05,4.4116057826649481e-04
3707,9.1937464043505767e-05,4.4123266336140807e-04
3708,9.1907896562568855e-05,4.4130472825750308e-04
3709,9.1878343325193867e-05,4.4137677296104808e-04
3710,9.1848804320022293e-05,4.4144879747845870e-04
3711,9.1819279535919134e-05,4.4152080181582753e-04
3712,9.1789768961616521e-05,4.4159278597948986e-04
3713,9.1760272585817500e-05,4.4166474997579943e-04
3714,9.1730790397357472e-05,4.4173669381091234e-04
3715,9.1701322385036630e-05,4.4180861749108514e-04
3716,9.1671868537640446e-05,4.4188052102278136e-04
3717,9.1642428844018267e-05,4.4195240441218377e-04
3718,9.1613003292921537e-05,4.4202426766531277e-04
3719,9.1583591873310719e-05,4.4209611078869024e-04
3720,9.1554194573988945e-05,4.4216793378851302e-04
3721,9.1524811383824793e-05,4.4223973667106419e-04
3722,9.1495442291704513e-05,4.4231151944257004e-04
3723,9.1466087286558916e-05,4.4238328210929900e-04
3724,9.1436746357241211e-05,4.4245502467737073e-04
3725,9.1407419492749159e-05,4.4252674715323181e-04
3726,9.1378106681974552e-05,4.4259844954294431e-04
3727,9.1348807913847429e-05,4.4267013185291096e-04
3728,9.1319523177413865e-05,4.4274179408924853e-04
3729,9.1290252461514329e-05,4.4281343625827800e-04
3730,9.1260995755270777e-05,4.4288505836624875e-04
3731,9.1231753047616988e-05,4.4295666041929379e-04
3732,9.1202524327584916e-05,4.4302824242371439e-04
3733,9.1173309584177781e-05,4.4309980438571100e-04
3734,9.1144108806480366e-05,4.4317134631149360e-04
3735,9.1114921983488927e-05,4.4324286820736510e-04
3736,9.1085749104303571e-05,4.4331437007942337e-04
3737,9.1056590157994173e-05,4.4338585193403750e-04
3738,9.1027445133639049e-05,4.4345731377727296e-04
3739,9.0998314020377543e-05,4.4352875561545806e-04
3740,9.0969196807276614e-05,4.4360017745463800e-04
3741,9.0940093483479048e-05,4.4367157930117493e-04
3742,9.0911004038128079e-05,4.4374296116140590e-04
3743,9.0881928460385248e-05,4.4381432304120636e-04
3744,9.0852866739403519e-05,4.4388566494705004e-04
3745,9.0823818864362271e-05,4.4395698688502689e-04
3746,9.0794784824457103e-05,4.4402828886123979e-04
3747,9.0765764608875024e-05,4.4409957088212992e-04
3748,9.0736758206845893e-05,4.4417083295361572e-04
3749,9.0707765607606417e-05,4.4424207508208559e-04
3750,9.0678786800357873e-05,4.4431329727363594e-04
3751,9.0649821774388994e-05,4.4438449953453448e-04
3752,9.0620870518944293e-05,4.4445568187084946e-04
3753,9.0591933023301632e-05,4.4452684428879019e-04
3754,9.0563009276762457e-05,4.4459798679462884e-04
3755,9.0534099268615447e-05,4.4466910939446611e-04
3756,9.0505202988155935e-05,4.4474021209446932e-04
3757,9.0476320424761518e-05,4.4481129490083393e-04
3758,9.0447451567726283e-05,4.4488235781977800e-04
3759,9.0418596406400734e-05,4.4495340085739209e-04
3760,9.0389754930192556e-05,4.4502442401990114e-04
3761,9.0360927128404657e-05,4.4509542731336374e-04
3762,9.0332112990488238e-05,4.4516641074410029e-04
3763,9.0303312505805514e-05,4.4523737431815960e-04
3764,9.0274525663750643e-05,4.4530831804170994e-04
3765,9.0245752453811228e-05,4.4537924192097000e-04
3766,9.0216992865372510e-05,4.4545014596198942e-04
3767,9.0188246887896626e-05,4.4552103017089719e-04
3768,9.0159514510837908e-05,4.4559189455405264e-04
3769,9.0130795723639262e-05,4.4566273911744042e-04
3770,9.0102090515858032e-05,4.4573356386714110e-04
3771,9.0073398876917894e-05,4.4580436880945948e-04
3772,9.0044720796363657e-05,4.4587515395036871e-04
3773,9.0016056263696922e-05,4.4594591929617879e-04
3774,8.9987405268443889e-05,4.4601666485292242e-04
3775,8.9958767800194349e-05,4.4608739062672645e-04
3776,8.9930143848438736e-05,4.4615809662372562e-04
3777,8.9901533402772938e-05,4.4622878285005129e-04
3778,8.9872936452794130e-05,4.4629944931194089e-04
3779,8.9844352988087140e-05,4.4637009601526407e-04
3780,8.9815782998233152e-05,4.4644072296641914e-04
3781,8.9787226472834531e-05,4.4651133017122068e-04
3782,8.9758683401570960e-05,4.4658191763611666e-04
3783,8.9730153774044438e-05,4.4665248536695460e-04
3784,8.9701637579892745e-05,4.4672303337007190e-04
3785,8.9673134808831734e-05,4.4679356165132670e-04
3786,8.9644645450438835e-05,4.4686407021705282e-04
3787,8.9616169494513711e-05,4.4693455907316538e-04
3788,8.9587706930665856e-05,4.4700502822600828e-04
3789,8.9559257748659900e-05,4.4707547768134165e-04
3790,8.9530821938203011e-05,4.4714590744559504e-04
3791,8.9502399488981444e-05,4.4721631752472652e-04
3792,8.9473990390791569e-05,4.4728670792469686e-04
3793,8.9445594633387541e-05,4.4735707865181922e-04
3794,8.9417212206508863e-05,4.4742742971211607e-04
3795,8.9388843099957299e-05,4.4749776111155382e-04
3796,8.9360487303484347e-05,4.4756807285634853e-04
3797,8.9332144806956239e-05,4.4763836495258843e-04
3798,8.9303815600139558e-05,4.4770863740632927e-04
3799,8.9275499672868987e-05,4.4777889022361696e-04
3800,8.9247197014988722e-05,4.4784912341036320e-04
3801,8.9218907616323513e-05,4.4791933697296577e-04
3802,8.9190631466757605e-05,4.4798953091731335e-04
3803,8.9162368556176095e-05,4.4805970524953461e-04
3804,8.9134118874407717e-05,4.4812985997568037e-04
3805,8.9105882411409697e-05,4.4819999510181945e-04
3806,8.9077659157029971e-05,4.4827011063385680e-04
3807,8.9049449101222513e-05,4.4834020657812920e-04
3808,8.9021252233909663e-05,4.4841028294053114e-04
3809,8.8993068545013896e-05,4.4848033972705396e-04
3810,8.8964898024517444e-05,4.4855037694392245e-04
3811,8.8936740662381961e-05,4.4862039459707956e-04
3812,8.8908596448525738e-05,4.4869039269257487e-04
3813,8.8880465372966335e-05,4.4876037123648787e-04
3814,8.8852347425745395e-05,4.4883033023493705e-04
3815,8.8824242596805873e-05,4.4890026969376939e-04
3816,8.8796150876194454e-05,4.4897018961921695e-04
3817,8.8768072253938809e-05,4.4904009001710331e-04
3818,8.8740006720086788e-05,4.4910997089365746e-04
3819,8.8711954264674819e-05,4.4917983225495480e-04
3820,8.8683914877789633e-05,4.4924967410676496e-04
3821,8.8655888549488582e-05,4.4931949645533398e-04
3822,8.8627875269867737e-05,4.4938929930674840e-04
3823,8.8599875029002866e-05,4.4945908266677396e-04
3824,8.8571887817048682e-05,4.4952884654159164e-04
3825,8.8543913624068837e-05,4.4959859093709163e-04
3826,8.8515952440223466e-05,4.4966831585951939e-04
3827,8.8488004255672621e-05,4.4973802131478792e-04
3828,8.8460069060536630e-05,4.4980770730888527e-04
3829,8.8432146844998370e-05,4.4987737384775229e-04
3830,8.8404237599216834e-05,4.4994702093751915e-04
3831,8.8376341313393884e-05,4.5001664858415255e-04
3832,8.8348457977722588e-05,4.5008625679360774e-04
3833,8.8320587582416094e-05,4.5015584557197934e-04
3834,8.8292730117680996e-05,4.5022541492515701e-04
3835,8.8264885573745541e-05,4.5029496485935014e-04
3836,8.8237053940890046e-05,4.5036449538025458e-04
3837,8.8209235209305478e-05,4.5043400649410359e-04
3838,8.8181429369314112e-05,4.5050349820675167e-04
3839,8.8153636411154822e-05,4.5057297052424939e-04
3840,8.8125856325096215e-05,4.5064242345247129e-04
3841,8.8098089101482400e-05,4.5071185699760912e-04
3842,8.8070334730598154e-05,4.5078127116556996e-04
3843,8.8042593202728280e-05,4.5085066596220425e-04
3844,8.8014864508295532e-05,4.5092004139363196e-04
3845,8.7987148637508656e-05,4.5098939746568640e-04
3846,8.7959445580835550e-05,4.5105873418451749e-04
3847,8.7931755328550908e-05,4.5112805155597072e-04
3848,8.7904077871096443e-05,4.5119734958614619e-04
3849,8.7876413198776827e-05,4.5126662828079455e-04
3850,8.7848761302046323e-05,4.5133588764615414e-04
3851,8.7821122171331142e-05,4.5140512768794907e-04
3852,8.7793495796956338e-05,4.5147434841227071e-04
3853,8.7765882169431509e-05,4.5154354982502150e-04
3854,8.7738281279127193e-05,4.5161273193223606e-04
3855,8.7710693116537308e-05,4.5168189473972296e-04
3856,8.7683117672110155e-05,4.5175103825348563e-04
3857,8.7655554936306516e-05,4.5182016247966028e-04
3858,8.7628004899615539e-05,4.5188926742391528e-04
3859,8.7600467552498781e-05,4.5195835309229610e-04
3860,8.7572942885468346e-05,4.5202741949089371e-04
3861,8.7545430889068081e-05,4.5209646662545933e-04
3862,8.7517931553786904e-05,4.5216549450209344e-04
3863,8.7490444870157711e-05,4.5223450312651780e-04
3864,8.7462970828715850e-05,4.5230349250483778e-04
3865,8.7435509420052723e-05,4.5237246264296586e-04
3866,8.7408060634685844e-05,4.5244141354661518e-04
3867,8.7380624463215750e-05,4.5251034522214529e-04
3868,8.7353200896208593e-05,4.5257925767515453e-04
3869,8.7325789924284249e-05,4.5264815091163561e-04
3870,8.7298391538034474e-05,4.5271702493751770e-04
3871,8.7271005728062947e-05,4.5278587975877682e-04
3872,8.7243632485017422e-05,4.5285471538123346e-04
3873,8.7216271799516040e-05,4.5292353181090932e-04
3874,8.7188923662211447e-05,4.5299232905359594e-04
3875,8.7161588063792582e-05,4.5306110711531070e-04
3876,8.7134264994859873e-05,4.5312986600186541e-04
3877,8.7106954446156931e-05,4.5319860571928601e-04
3878,8.7079656408296842e-05,4.5326732627338058e-04
3879,8.7052370872109749e-05,4.5333602767007319e-04
3880,8.7025097828159718e-05,4.5340470991528880e-04
3881,8.6997837267239380e-05,4.5347337301488311e-04
3882,8.6970589180090664e-05,4.5354201697477215e-04
3883,8.6943353557392955e-05,4.5361064180084198e-04
3884,8.6916130389956244e-05,4.5367924749908516e-04
3885,8.6888919668545717e-05,4.5374783407514457e-04
3886,8.6861721383848402e-05,4.5381640153519345e-04
3887,8.6834535526754454e-05,4.5388494988491746e-04
3888,8.6807362087965755e-05,4.5395347913037079e-04
3889,8.6780201058330052e-05,4.5402198927735208e-04
3890,8.6753052428644448e-05,4.5409048033157929e-04
3891,8.6725916189756759e-05,4.5415895229921450e-04
3892,8.6698792332461457e-05,4.5422740518584709e-04
3893,8.6671680847618597e-05,4.5429583899761559e-04
3894,8.6644581726075560e-05,4.5436425374020996e-04
3895,8.6617494958703134e-05,4.5443264941951128e-04
3896,8.6590420536346939e-05,4.5450102604153813e-04
3897,8.6563358449938911e-05,4.5456938361199128e-04
3898,8.6536308690321432e-05,4.5463772213676069e-04
3899,8.6509271248428864e-05,4.5470604162175810e-04
3900,8.6482246115152011e-05,4.5477434207281579e-04
3901,8.6455233281448424e-05,4.5484262349577097e-04
3902,8.6428232738213826e-05,4.5491088589643867e-04
3903,8.6401244476397136e-05,4.5497912928085625e-04
3904,8.6374268486969700e-05,4.5504735365474230e-04
3905,8.6347304760863374e-05,4.5511555902377516e-04
3906,8.6320353289069535e-05,4.5518374539419386e-04
3907,8.6293414062578789e-05,4.5525191277140403e-04
3908,8.6266487072372713e-05,4.5532006116159602e-04
3909,8.6239572309448380e-05,4.5538819057044510e-04
3910,8.6212669764840737e-05,4.5545630100374707e-04
3911,8.6185779429531512e-05,4.5552439246753152e-04
3912,8.6158901294604634e-05,4.5559246496736680e-04
3913,8.6132035351059721e-05,4.5566051850921060e-04
3914,8.6105181589951900e-05,4.5572855309901480e-04
3915,8.6078340002354408e-05,4.5579656874243646e-04
3916,8.6051510579355264e-05,4.5586456544533048e-04
3917,8.6024693311988700e-05,4.5593254321351349e-04
3918,8.5997888191397719e-05,4.5600050205287976e-04
3919,8.5971095208649674e-05,4.5606844196913003e-04
3920,8.5944314354855463e-05,4.5613636296816821e-04
3921,8.5917545621150973e-05,4.5620426505587768e-04
3922,8.5890788998690769e-05,4.5627214823787827e-04
3923,8.5864044478522905e-05,4.5634001252014102e-04
3924,8.5837312051887963e-05,4.5640785790833078e-04
3925,8.5810591709920502e-05,4.5647568440844216e-04
3926,8.5783883443759826e-05,4.5654349202604849e-04
3927,8.5757187244619860e-05,4.5661128076715930e-04
3928,8.5730503103683802e-05,4.5667905063742365e-04
3929,8.5703831012106285e-05,4.5674680164274097e-04
3930,8.5677170961161040e-05,4.5681453378879913e-04
3931,8.5650522942020221e-05,4.5688224708154542e-04
3932,8.5623886945921388e-05,4.5694994152666052e-04
3933,8.5597262964094307e-05,4.5701761712990132e-04
3934,8.5570650987811003e-05,4.5708527389712507e-04
3935,8.5544051008280790e-05,4.5715291183402338e-04
3936,8.5517463016804722e-05,4.5722053094654643e-04
3937,8.5490887004647070e-05,4.5728813124033092e-04
3938,8.5464322963089981e-05,4.5735571272122232e-04
3939,8.5437770883424520e-05,4.5742327539488272e-04
3940,8.5411230756976203e-05,4.5749081926723100e-04
3941,8.5384702575007023e-05,4.5755834434406216e-04
3942,8.5358186328904839e-05,4.5762585063100359e-04
3943,8.5331682009926276e-05,4.5769333813387833e-04
3944,8.5305189609490622e-05,4.5776080685848284e-04
3945,8.5278709118885321e-05,4.5782825681043541e-04
3946,8.5252240529478824e-05,4.5789568799580371e-04
3947,8.5225783832673340e-05,4.5796310042007794e-04
3948,8.5199339019808464e-05,4.5803049408907229e-04
3949,8.5172906082340088e-05,4.5809786900866318e-04
3950,8.5146485011563383e-05,4.5816522518441589e-04
3951,8.5120075798945799e-05,4.5823256262222706e-04
3952,8.5093678435928957e-05,4.5829988132769952e-04
3953,8.5067292913849159e-05,4.5836718130675650e-04
3954,8.5040919224250793e-05,4.5843446256506754e-04
3955,8.5014557358486725e-05,4.5850172510829583e-04
3956,8.4988207308046103e-05,4.5856896894234055e-04
3957,8.4961869064378637e-05,4.5863619407279338e-04
3958,8.4935542619010365e-05,4.5870340050543511e-04
3959,8.4909227963336314e-05,4.5877058824611935e-04
3960,8.4882925088914575e-05,4.5883775730034811e-04
3961,8.4856633987202175e-05,4.5890490767399781e-04
3962,8.4830354649728773e-05,4.5897203937281413e-04
3963,8.4804087068016476e-05,4.5903915240238201e-04
3964,8.4777831233561656e-05,4.5910624676874414e-04
3965,8.4751587137933842e-05,4.5917332247718341e-04
3966,8.4725354772669886e-05,4.5924037953380849e-04
3967,8.4699134129305437e-05,4.5930741794408461e-04
3968,8.4672925199436573e-05,4.5937443771380891e-04
3969,8.4646727974586132e-05,4.5944143884877594e-04
3970,8.4620542446385241e-05,4.5950842135456790e-04
3971,8.4594368606421953e-05,4.5957538523688242e-04
3972,8.4568206446261596e-05,4.5964233050161979e-04
3973,8.4542055957515359e-05,4.5970925715420915e-04
3974,8.4515917131861585e-05,4.5977616520065167e-04
3975,8.4489789960855244e-05,4.5984305464637757e-04
3976,8.4463674436154637e-05,4.5990992549729733e-04
3977,8.4437570549435311e-05,4.5997677775899974e-04
3978,8.4411478292294918e-05,4.6004361143720115e-04
3979,8.4385397656445803e-05,4.6011042653764419e-04
3980,8.4359328633547116e-05,4.6017722306585158e-04
3981,8.4333271215249634e-05,4.6024400102771362e-04
3982,8.4307225393313244e-05,4.6031076042885358e-04
3983,8.4281191159358445e-05,4.6037750127490417e-04
3984,8.4255168505137563e-05,4.6044422357160682e-04
3985,8.4229157422334767e-05,4.6051092732459344e-04
3986,8.4203157902738255e-05,4.6057761253959234e-04
3987,8.4177169938020935e-05,4.6064427922225189e-04
3988,8.4151193519956205e-05,4.6071092737821271e-04
3989,8.4125228640266928e-05,4.6077755701330895e-04
3990,8.4099275290768096e-05,4.6084416813299751e-04
3991,8.4073333463170657e-05,4.6091076074292040e-04
3992,8.4047403149289102e-05,4.6097733484901435e-04
3993,8.4021484340919111e-05,4.6104389045681051e-04
3994,8.3995577029815746e-05,4.6111042757188082e-04
3995,8.3969681207831065e-05,4.6117694620011922e-04
3996,8.3943796866740243e-05,4.6124344634676832e-04
3997,8.3917923998376581e-05,4.6130992801802920e-04
3998,8.3892062594611178e-05,4.6137639121908566e-04
3999,8.3866212647252061e-05,4.6144283595576582e-04
4000,8.3840374148107675e-05,4.6150926223377693e-04
4001,8.3814547089121016e-05,4.6157567005877397e-04
4002,8.3788731462089362e-05,4.6164205943622434e-04
4003,8.3762927258929106e-05,4.6170843037204976e-04
4004,8.3737134471502918e-05,4.6177478287174668e-04
4005,8.3711353091722377e-05,4.6184111694087137e-04
4006,8.3685583111444542e-05,4.6190743258511303e-04
4007,8.3659824522647769e-05,4.6197372981021651e-04
4008,8.3634077317208916e-05,4.6204000862163166e-04
4009,8.3608341487057181e-05,4.6210626902521432e-04
4010,8.3582617024130154e-05,4.6217251102649473e-04
4011,8.3556903920369108e-05,4.6223873463107533e-04
4012,8.3531202167733560e-05,4.6230493984455827e-04
4013,8.3505511758215511e-05,4.6237112667252799e-04
4014,8.3479832683734699e-05,4.6243729512080757e-04
4015,8.3454164936293889e-05,4.6250344519486336e-04
4016,8.3428508507894851e-05,4.6256957690030283e-04
4017,8.3402863390510628e-05,4.6263569024284593e-04
4018,8.3377229576122217e-05,4.6270178522803498e-04
4019,8.3351607056818546e-05,4.6276786186142489e-04
4020,8.3325995824541174e-05,4.6283392014876806e-04
4021,8.3300395871376240e-05,4.6289996009554795e-04
4022,8.3274807189326314e-05,4.6296598170750877e-04
4023,8.3249229770489895e-05,4.6303198499012953e-04
4024,8.3223663606857127e-05,4.6309796994905953e-04
4025,8.3198108690523404e-05,4.6316393658988339e-04
4026,8.3172565013574551e-05,4.6322988491815601e-04
4027,8.3147032568069086e-05,4.6329581493960762e-04
4028,8.3121511346105560e-05,4.6336172665977117e-04
4029,8.3096001339772550e-05,4.6342762008420645e-04
4030,8.3070502541205077e-05,4.6349349521845819e-04
4031,8.3045014942500838e-05,4.6355935206824489e-04
4032,8.3019538535759036e-05,4.6362519063912586e-04
4033,8.2994073313117701e-05,4.6369101093655832e-04
4034,8.2968619266768313e-05,4.6375681296626967e-04
4035,8.2943176388816187e-05,4.6382259673371519e-04
4036,8.2917744671415981e-05,4.6388836224462153e-04
4037,8.2892324106732140e-05,4.6395410950446608e-04
4038,8.2866914686960928e-05,4.6401983851882737e-04
4039,8.2841516404264906e-05,4.6408554929331167e-04
4040,8.2816129250823560e-05,4.6415124183344519e-04
4041,8.2790753218863080e-05,4.6421691614493491e-04
4042,8.2765388300574038e-05,4.6428257223310866e-04
4043,8.2740034488169940e-05,4.6434821010369470e-04
4044,8.2714691773866226e-05,4.6441382976229707e-04
4045,8.2689360149912545e-05,4.6447943121437341e-04
4046,8.2664039608551458e-05,4.6454501446545929e-04
4047,8.2638730142019833e-05,4.6461057952124497e-04
4048,8.2613431742536297e-05,4.6467612638719750e-04
4049,8.2588144402419021e-05,4.6474165506881415e-04
4050,8.2562868113938428e-05,4.6480716557172053e-04
4051,8.2537602869308971e-05,4.6487265790158007e-04
4052,8.2512348660925366e-05,4.6493813206376869e-04
4053,8.2487105480988119e-05,4.6500358806381018e-04
4054,8.2461873321867631e-05,4.6506902590735648e-04
4055,8.2436652175801016e-05,4.6513444559996027e-04
4056,8.2411442035186850e-05,4.6519984714710248e-04
4057,8.2386242892352289e-05,4.6526523055426727e-04
4058,8.2361054739547360e-05,4.6533059582715895e-04
4059,8.2335877569189684e-05,4.6539594297103406e-04
4060,8.2310711373646394e-05,4.6546127199170652e-04
4061,8.2285556145225713e-05,4.6552658289465194e-04
4062,8.2260411876341777e-05,4.6559187568532309e-04
4063,8.2235278559319099e-05,4.6565715036921330e-04
4064,8.2210156186601888e-05,4.6572240695198438e-04
4065,8.2185044750538873e-05,4.6578764543908294e-04
4066,8.2159944243584347e-05,4.6585286583589761e-04
4067,8.2134854658057782e-05,4.6591806814811232e-04
4068,8.2109775986454993e-05,4.6598325238122800e-04
4069,8.2084708221180373e-05,4.6604841854073819e-04
4070,8.2059651354662760e-05,4.6611356663213622e-04
4071,8.2034605379335712e-05,4.6617869666093254e-04
4072,8.2009570287683932e-05,4.6624380863260806e-04
4073,8.1984546072081603e-05,4.6630890255281972e-04
4074,8.1959532725111873e-05,4.6637397842685219e-04
4075,8.1934530239145131e-05,4.6643903626044210e-04
4076,8.1909538606720752e-05,4.6650407605882202e-04
4077,8.1884557820303394e-05,4.6656909782769929e-04
4078,8.1859587872388048e-05,4.6663410157253744e-04
4079,8.1834628755477455e-05,4.6669908729874847e-04
4080,8.1809680462138908e-05,4.6676405501188469e-04
4081,8.1784742984766459e-05,4.6682900471746745e-04
4082,8.1759816316023527e-05,4.6689393642092010e-04
4083,8.1734900448375084e-05,4.6695885012775179e-04
4084,8.1709995374381212e-05,4.6702374584348593e-04
4085,8.1685101086568533e-05,4.6708862357357000e-04
4086,8.1660217577569027e-05,4.6715348332341947e-04
4087,8.1635344839832742e-05,4.6721832509862194e-04
4088,8.1610482866046260e-05,4.6728314890469118e-04
4089,8.1585631648718355e-05,4.6734795474695094e-04
4090,8.1560791180479352e-05,4.6741274263087937e-04
4091,8.1535961453916073e-05,4.6747751256216317e-04
4092,8.1511142461624975e-05,4.6754226454606452e-04
4093,8.1486334196218319e-05,4.6760699858809228e-04
4094,8.1461536650356841e-05,4.6767171469381207e-04
4095,8.1436749816617607e-05,4.6773641286846040e-04
4096,8.1411973687639600e-05,4.6780109311775006e-04
4097,8.1387208256113918e-05,4.6786575544708491e-04
4098,8.1362453514638425e-05,4.6793039986186018e-04
4099,8.1337709455901101e-05,4.6799502636745273e-04
4100,8.1312976072595291e-05,4.6805963496948059e-04
4101,8.1288253357317857e-05,4.6812422567330501e-04
4102,8.1263541302815923e-05,4.6818879848449328e-04
4103,8.1238839901768059e-05,4.6825335340834151e-04
4104,8.1214149146886843e-05,4.6831789045031710e-04
4105,8.1189469030799725e-05,4.6838240961598603e-04
4106,8.1164799546315844e-05,4.6844691091062630e-04
4107,8.1140140686115941e-05,4.6851139433983115e-04
4108,8.1115492442898374e-05,4.6857585990903400e-04
4109,8.1090854809457862e-05,4.6864030762351096e-04
4110,8.1066227778501233e-05,4.6870473748869887e-04
4111,8.1041611342761420e-05,4.6876914951031424e-04
4112,8.1017005495050013e-05,4.6883354369357642e-04
4113,8.0992410228073394e-05,4.6889792004391748e-04
4114,8.0967825534635944e-05,4.6896227856667761e-04
4115,8.0943251407533261e-05,4.6902661926749643e-04
4116,8.0918687839507398e-05,4.6909094215167094e-04
4117,8.0894134823414452e-05,4.6915524722471370e-04
4118,8.0869592351995946e-05,4.6921953449188380e-04
4119,8.0845060418094819e-05,4.6928380395867814e-04
4120,8.0820539014535739e-05,4.6934805563068470e-04
4121,8.0796028134122639e-05,4.6941228951302417e-04
4122,8.0771527769702835e-05,4.6947650561131299e-04
4123,8.0747037914104668e-05,4.6954070393086174e-04
4124,8.0722558560206690e-05,4.6960488447710873e-04
4125,8.0698089700792860e-05,4.6966904725551534e-04
4126,8.0673631328816053e-05,4.6973319227133629e-04
4127,8.0649183437079050e-05,4.6979731953020719e-04
4128,8.0624746018492525e-05,4.6986142903725626e-04
4129,8.0600319065913468e-05,4.6992552079807339e-04
4130,8.0575902572260414e-05,4.6998959481802256e-04
4131,8.0551496530435076e-05,4.7005365110246606e-04
4132,8.0527100933314966e-05,4.7011768965684925e-04
4133,8.0502715773823631e-05,4.7018171048649631e-04
4134,8.0478341044885960e-05,4.7024571359687793e-04
4135,8.0453976739456511e-05,4.7030969899323062e-04
4136,8.0429622850415367e-05,4.7037366668113917e-04
4137,8.0405279370774398e-05,4.7043761666576314e-04
4138,8.0380946293412688e-05,4.7050154895272026e-04
4139,8.0356623611309769e-05,4.7056546354721466e-04
4140,8.0332311317470517e-05,4.7062936045475802e-04
4141,8.0308009404835774e-05,4.7069323968061661e-04
4142,8.0283717866376224e-05,4.7075710123027046e-04
4143,8.0259436695079395e-05,4.7082094510899518e-04
4144,8.0235165883964734e-05,4.7088477132213379e-04
4145,8.0210905426003141e-05,4.7094857987517582e-04
4146,8.0186655314216839e-05,4.7101237077350970e-04
4147,8.0162415541617781e-05,4.7107614402229405e-04
4148,8.0138186101228040e-05,4.7113989962704666e-04
4149,8.0113966986095523e-05,4.7120363759307134e-04
4150,8.0089758189217760e-05,4.7126735792591703e-04
4151,8.0065559703660657e-05,4.7133106063065888e-04
4152,8.0041371522467143e-05,4.7139474571276192e-04
4153,8.0017193638717775e-05,4.7145841317762678e-04
4154,7.9993026045463249e-05,4.7152206303058486e-04
4155,7.9968868735786369e-05,4.7158569527702021e-04
4156,7.9944721702715472e-05,4.7164930992216864e-04
4157,7.9920584939403616e-05,4.7171290697143307e-04
4158,7.9896458438914592e-05,4.7177648643024643e-04
4159,7.9872342194335446e-05,4.7184004830384178e-04
4160,7.9848236198813951e-05,4.7190359259756154e-04
4161,7.9824140445417530e-05,4.7196711931683907e-04
4162,7.9800054927296898e-05,4.7203062846686857e-04
4163,7.9775979637572981e-05,4.7209412005312710e-04
4164,7.9751914569397119e-05,4.7215759408087858e-04
4165,7.9727859715862686e-05,4.7222105055545163e-04
4166,7.9703815070195885e-05,4.7228448948210638e-04
4167,7.9679780625472446e-05,4.7234791086641606e-04
4168,7.9655756374935174e-05,4.7241131471337700e-04
4169,7.9631742311699925e-05,4.7247470102857174e-04
4170,7.9607738428934331e-05,4.7253806981726785e-04
4171,7.9583744719860636e-05,4.7260142108467387e-04
4172,7.9559761177678507e-05,4.7266475483623402e-04
4173,7.9535787795543484e-05,4.7272807107722316e-04
4174,7.9511824566684943e-05,4.7279136981292016e-04
4175,7.9487871484324219e-05,4.7285465104865301e-04
4176,7.9463928541636993e-05,4.7291791478978488e-04
4177,7.9439995731944254e-05,4.7298116104148855e-04
4178,7.9416073048353485e-05,4.7304438980922466e-04
4179,7.9392160484179509e-05,4.7310760109820193e-04
4180,7.9368258032683304e-05,4.7317079491390366e-04
4181,7.9344365687083999e-05,4.7323397126137226e-04
4182,7.9320483440624209e-05,4.7329713014604072e-04
4183,7.9296611286625045e-05,4.7336027157321252e-04
4184,7.9272749218311099e-05,4.7342339554811851e-04
4185,7.9248897229010148e-05,4.7348650207616955e-04
4186,7.9225055311972844e-05,4.7354959116256061e-04
4187,7.9201223460517156e-05,4.7361266281267908e-04
4188,7.9177401667927778e-05,4.7367571703162695e-04
4189,7.9153589927498689e-05,4.7373875382492774e-04
4190,7.9129788232592635e-05,4.7380177319771493e-04
4191,7.9105996576478996e-05,4.7386477515527553e-04
4192,7.9082214952514243e-05,4.7392775970288439e-04
4193,7.9058443354049031e-05,4.7399072684593948e-04
4194,7.9034681774400623e-05,4.7405367658967751e-04
4195,7.9010930206911123e-05,4.7411660893924507e-04
4196,7.8987188644963428e-05,4.7417952389993269e-04
4197,7.8963457081893354e-05,4.7424242147730796e-04
4198,7.8939735511077090e-05,4.7430530167619803e-04
4199,7.8916023925920057e-05,4.7436816450220442e-04
4200,7.8892322319758614e-05,4.7443100996056285e-04
4201,7.8868630686025422e-05,4.7449383805636572e-04
4202,7.8844949018048397e-05,4.7455664879497261e-04
4203,7.8821277309316565e-05,4.7461944218161979e-04
4204,7.8797615553194894e-05,4.7468221822172957e-04
4205,7.8773963743077854e-05,4.7474497692029621e-04
4206,7.8750321872427613e-05,4.7480771828269428e-04
4207,7.8726689934664851e-05,4.7487044231417141e-04
4208,7.8703067923204423e-05,4.7493314902015844e-04
4209,7.8679455831491514e-05,4.7499583840553611e-04
4210,7.8655853653011572e-05,4.7505851047590535e-04
4211,7.8632261381162552e-05,4.7512116523634019e-04
4212,7.8608679009476985e-05,4.7518380269204793e-04
4213,7.8585106531346645e-05,4.7524642284835884e-04
4214,7.8561543940328945e-05,4.7530902571060171e-04
4215,7.8537991229811417e-05,4.7537161128368766e-04
4216,7.8514448393361897e-05,4.7543417957328230e-04
4217,7.8490915424419443e-05,4.7549673058427982e-04
4218,7.8467392316534218e-05,4.7555926432209586e-04
4219,7.8443879063189355e-05,4.7562178079189166e-04
4220,7.8420375657908587e-05,4.7568427999891867e-04
4221,7.8396882094183205e-05,4.7574676194848936e-04
4222,7.8373398365555675e-05,4.7580922664563905e-04
4223,7.8349924465592489e-05,4.7587167409580348e-04
4224,7.8326460387801323e-05,4.7593410430400403e-04
4225,7.8303006125744537e-05,4.7599651727563120e-04
4226,7.8279561672963972e-05,4.7605891301586269e-04
4227,7.8256127023002770e-05,4.7612129152985812e-04
4228,7.8232702169478993e-05,4.7618365282289023e-04
4229,7.8209287105914397e-05,4.7624599689998225e-04
4230,7.8185881825907919e-05,4.7630832376666674e-04
4231,7.8162486323055003e-05,4.7637063342805723e-04
4232,7.8139100590944488e-05,4.7643292588923957e-04
4233,7.8115724623136715e-05,4.7649520115547597e-04
4234,7.8092358413289306e-05,4.7655745923198942e-04
4235,7.8069001955011512e-05,4.7661970012401449e-04
4236,7.8045655241849009e-05,4.7668192383665714e-04
4237,7.8022318267533618e-05,4.7674413037525256e-04
4238,7.7998991025621586e-05,4.7680631974485177e-04
4239,7.7975673509760954e-05,4.7686849195074596e-04
4240,7.7952365713620251e-05,4.7693064699807071e-04
4241,7.7929067630818459e-05,4.7699278489208755e-04
4242,7.7905779255017739e-05,4.7705490563799182e-04
4243,7.7882500579900580e-05,4.7711700924091358e-04
4244,7.7859231599119278e-05,4.7717909570599260e-04
4245,7.7835972306347810e-05,4.7724116503852201e-04
4246,7.7812722695286447e-05,4.7730321724375325e-04
4247,7.7789482759590113e-05,4.7736525232660351e-04
4248,7.7766252492984122e-05,4.7742727029247275e-04
4249,7.7743031889125202e-05,4.7748927114657036e-04
4250,7.7719820941786168e-05,4.7755125489378408e-04
4251,7.7696619644584879e-05,4.7761322153970303e-04
4252,7.7673427991378991e-05,4.7767517108907400e-04
4253,7.7650245975745906e-05,4.7773710354742541e-04
4254,7.7627073591504751e-05,4.7779901891986307e-04
4255,7.7603910832366692e-05,4.7786091721118969e-04
4256,7.7580757692100792e-05,4.7792279842701838e-04
4257,7.7557614164394366e-05,4.7798466257233010e-04
4258,7.7534480243074671e-05,4.7804650965230932e-04
4259,7.7511355921878813e-05,4.7810833967201126e-04
4260,7.7488241194539385e-05,4.7817015263680016e-04
4261,7.7465136054881396e-05,4.7823194855173810e-04
4262,7.7442040496689438e-05,4.7829372742184240e-04
4263,7.7418954513684696e-05,4.7835548925263577e-04
4264,7.7395878099738877e-05,4.7841723404892398e-04
4265,7.7372811248590105e-05,4.7847896181581662e-04
4266,7.7349753954069256e-05,4.7854067255871999e-04
4267,7.7326706210014564e-05,4.7860236628265770e-04
4268,7.7303668010198726e-05,4.7866404299273297e-04
4269,7.7280639348465628e-05,4.7872570269420040e-04
4270,7.7257620218657840e-05,4.7878734539208228e-04
4271,7.7234610614559051e-05,4.7884897109163043e-04
4272,7.7211610530102578e-05,4.7891057979786394e-04
4273,7.7188619959029135e-05,4.7897217151602115e-04
4274,7.7165638895316044e-05,4.7903374625121313e-04
4275,7.7142667332703177e-05,4.7909530400855300e-04
4276,7.7119705265122485e-05,4.7915684479309865e-04
4277,7.7096752686442804e-05,4.7921836861010696e-04
4278,7.7073809590528608e-05,4.7927987546462586e-04
4279,7.7050875971268059e-05,4.7934136536182477e-04
4280,7.7027951822553330e-05,4.7940283830682069e-04
4281,7.7005037138296465e-05,4.7946429430462166e-04
4282,7.6982131912352273e-05,4.7952573336053285e-04
4283,7.6959236138684513e-05,4.7958715547963477e-04
4284,7.6936349811186619e-05,4.7964856066688743e-04
4285,7.6913472923771108e-05,4.7970994892762293e-04
4286,7.6890605470388118e-05,4.7977132026673526e-04
4287,7.6867747444938456e-05,4.7983267468952443e-04
4288,7.6844898841391235e-05,4.7989401220105025e-04
4289,7.6822059653649497e-05,4.7995533280626931e-04
4290,7.6799229875720545e-05,4.8001663651043409e-04
4291,7.6776409501502367e-05,4.8007792331870722e-04
4292,7.6753598524994095e-05,4.8013919323598253e-04
4293,7.6730796940185033e-05,4.8020044626756637e-04
4294,7.6708004740983551e-05,4.8026168241846706e-04
4295,7.6685221921432160e-05,4.8032290169378066e-04
4296,7.6662448475486286e-05,4.8038410409860174e-04
4297,7.6639684397135789e-05,4.8044528963803569e-04
4298,7.6616929680397308e-05,4.8050645831717903e-04
4299,7.6594184319233208e-05,4.8056761014111666e-04
4300,7.6571448307750022e-05,4.8062874511486362e-04
4301,7.6548721639846593e-05,4.8068986324366982e-04
4302,7.6526004309583972e-05,4.8075096453244946e-04
4303,7.6503296311063464e-05,4.8081204898642863e-04
4304,7.6480597638185332e-05,4.8087311661058842e-04
4305,7.6457908285087946e-05,4.8093416741003161e-04
4306,7.6435228245794588e-05,4.8099520138985831e-04
4307,7.6412557514331602e-05,4.8105621855511237e-04
4308,7.6389896084785858e-05,4.8111721891089883e-04
4309,7.6367243951190665e-05,4.8117820246224724e-04
4310,7.6344601107639995e-05,4.8123916921435266e-04
4311,7.6321967548222304e-05,4.8130011917209617e-04
4312,7.6299343266924267e-05,4.8136105234069203e-04
4313,7.6276728257970638e-05,4.8142196872511184e-04
4314,7.6254122515322206e-05,4.8148286833057480e-04
4315,7.6231526033215016e-05,4.8154375116181853e-04
4316,7.6208938805579675e-05,4.8160461722430374e-04
4317,7.6186360826676011e-05,4.8166546652290092e-04
4318,7.6163792090553571e-05,4.8172629906249881e-04
4319,7.6141232591308533e-05,4.8178711484852903e-04
4320,7.6118682323112296e-05,4.8184791388573806e-04
4321,7.6096141280087941e-05,4.8190869617921375e-04
4322,7.6073609456372428e-05,4.8196946173413547e-04
4323,7.6051086846087797e-05,4.8203021055544574e-04
4324,7.6028573443375858e-05,4.8209094264821037e-04
4325,7.6006069242442309e-05,4.8215165801753835e-04
4326,7.5983574237402157e-05,4.8221235666840356e-04
4327,7.5961088422438859e-05,4.8227303860583074e-04
4328,7.5938611791718296e-05,4.8233370383495868e-04
4329,7.5916144339414223e-05,4.8239435236076202e-04
4330,7.5893686059733288e-05,4.8245498418830800e-04
4331,7.5871236946811448e-05,4.8251559932250318e-04
4332,7.5848796994899923e-05,4.8257619776855367e-04
4333,7.5826366198174895e-05,4.8263677953144909e-04
4334,7.5803944550834675e-05,4.8269734461605453e-04
4335,7.5781532047081358e-05,4.8275789302760456e-04
4336,7.5759128681181288e-05,4.8281842477098779e-04
4337,7.5736734447282093e-05,4.8287893985133170e-04
4338,7.5714349339669836e-05,4.8293943827365569e-04
4339,7.5691973352553062e-05,4.8299992004292191e-04
4340,7.5669606480203132e-05,4.8306038516409105e-04
4341,7.5647248716797269e-05,4.8312083364233780e-04
4342,7.5624900056635403e-05,4.8318126548254421e-04
4343,7.5602560493969392e-05,4.8324168068984599e-04
4344,7.5580230023062627e-05,4.8330207926915386e-04
4345,7.5557908638157928e-05,4.8336246122542806e-04
4346,7.5535596333555901e-05,4.8342282656392631e-04
4347,7.5513293103518866e-05,4.8348317528938294e-04
4348,7.5490998942301000e-05,4.8354350740689050e-04
4349,7.5468713844269533e-05,4.8360382292135062e-04
4350,7.5446437803658041e-05,4.8366412183809958e-04
4351,7.5424170814770492e-05,4.8372440416186309e-04
4352,7.5401912871922848e-05,4.8378466989771165e-04
4353,7.5379663969420851e-05,4.8384491905052761e-04
4354,7.5357424101603855e-05,4.8390515162547983e-04
4355,7.5335193262758684e-05,4.8396536762750032e-04
4356,7.5312971447222821e-05,4.8402556706155485e-04
4357,7.5290758649340471e-05,4.8408574993259246e-04
4358,7.5268554863451584e-05,4.8414591624567629e-04
4359,7.5246360083885890e-05,4.8420606600576047e-04
4360,7.5224174304990157e-05,4.8426619921789426e-04
4361,7.5201997521146685e-05,4.8432631588696398e-04
4362,7.5179829726669105e-05,4.8438641601803096e-04
4363,7.5157670915981312e-05,4.8444649961594310e-04
4364,7.5135521083401449e-05,4.8450656668580733e-04
4365,7.5113380223303049e-05,4.8456661723255356e-04
4366,7.5091248330156395e-05,4.8462665126129375e-04
4367,7.5069125398232795e-05,4.8468666877668568e-04
4368,7.5047011421961482e-05,4.8474666978404543e-04
4369,7.5024906395807739e-05,4.8480665428809832e-04
4370,7.5002810314076470e-05,4.8486662229388724e-04
4371,7.4980723171243582e-05,4.8492657380644517e-04
4372,7.4958644961698655e-05,4.8498650883054516e-04
4373,7.4936575679835008e-05,4.8504642737149452e-04
4374,7.4914515320132372e-05,4.8510632943391956e-04
4375,7.4892463876989542e-05,4.8516621502286744e-04
4376,7.4870421344845834e-05,4.8522608414335218e-04
4377,7.4848387718110858e-05,4.8528593680039855e-04
4378,7.4826362991275741e-05,4.8534577299880075e-04
4379,7.4804347158796133e-05,4.8540559274354772e-04
4380,7.4782340215098555e-05,4.8546539603961319e-04
4381,7.4760342154653821e-05,4.8552518289207442e-04
4382,7.4738352971903294e-05,4.8558495330559072e-04
4383,7.4716372661392353e-05,4.8564470728544167e-04
4384,7.4694401217492782e-05,4.8570444483631643e-04
4385,7.4672438634827454e-05,4.8576416596328800e-04
4386,7.4650484907744599e-05,4.8582387067120530e-04
4387,7.4628540030801372e-05,4.8588355896511621e-04
4388,7.4606603998510397e-05,4.8594323084988713e-04
4389,7.4584676805353260e-05,4.8600288633044591e-04
4390,7.4562758445823597e-05,4.8606252541171961e-04
4391,7.4540848914481938e-05,4.8612214809865353e-04
4392,7.4518948205814072e-05,4.8618175439629643e-04
4393,7.4497056314321250e-05,4.8624134430932833e-04
4394,7.4475173234632742e-05,4.8630091784295415e-04
4395,7.4453298961152994e-05,4.8636047500198406e-04
4396,7.4431433488508848e-05,4.8642001579120037e-04
4397,7.4409576811237376e-05,4.8647954021566414e-04
4398,7.4387728923857449e-05,4.8653904828036899e-04
4399,7.4365889820931765e-05,4.8659853999006458e-04
4400,7.4344059497054952e-05,4.8665801534972637e-04
4401,7.4322237946757835e-05,4.8671747436437884e-04
4402,7.4300425164613602e-05,4.8677691703870524e-04
4403,7.4278621145237576e-05,4.8683634337793881e-04
4404,7.4256825883173917e-05,4.8689575338673537e-04
4405,7.4235039373022200e-05,4.8695514707000837e-04
4406,7.4213261609347875e-05,4.8701452443280531e-04
4407,7.4191492586795973e-05,4.8707388547996981e-04
4408,7.4169732299955905e-05,4.8713323021633086e-04
4409,7.4147980743396278e-05,4.8719255864690739e-04
4410,7.4126237911783862e-05,4.8725187077649785e-04
4411,7.4104503799693851e-05,4.8731116661017567e-04
4412,7.4082778401761965e-05,4.8737044615258665e-04
4413,7.4061061712640635e-05,4.8742970940887832e-04
4414,7.4039353726938217e-05,4.8748895638368888e-04
4415,7.4017654439283154e-05,4.8754818708208916e-04
4416,7.3995963844348381e-05,4.8760740150887349e-04
4417,7.3974281936756880e-05,4.8766659966901528e-04
4418,7.3952608711164915e-05,4.8772578156739793e-04
4419,7.3930944162254895e-05,4.8778494720884186e-04
4420,7.3909288284656157e-05,4.8784409659831764e-04
4421,7.3887641073065813e-05,4.8790322974054878e-04
4422,7.3866002522145213e-05,4.8796234664058715e-04
4423,7.3844372626566653e-05,4.8802144730314260e-04
4424,7.3822751381011418e-05,4.8808053173330778e-04
4425,7.3801138780194714e-05,4.8813959993581116e-04
4426,7.3779534818791466e-05,4.8819865191555899e-04
4427,7.3757939491489168e-05,4.8825768767740907e-04
4428,7.3736352793005692e-05,4.8831670722620081e-04
4429,7.3714774718041515e-05,4.8837571056688461e-04
4430,7.3693205261323794e-05,4.8843469770437978e-04
4431,7.3671644417564632e-05,4.8849366864328538e-04
4432,7.3650092181487800e-05,4.8855262338874357e-04
4433,7.3628548547813205e-05,4.8861156194541459e-04
4434,7.3607013511270257e-05,4.8867048431847028e-04
4435,7.3585487066629441e-05,4.8872939051234460e-04
4436,7.3563969208595434e-05,4.8878828053219533e-04
4437,7.3542459931941147e-05,4.8884715438279902e-04
4438,7.3520959231400393e-05,4.8890601206901863e-04
4439,7.3499467101766414e-05,4.8896485359555756e-04
4440,7.3477983537763468e-05,4.8902367896753757e-04
4441,7.3456508534171027e-05,4.8908248818960935e-04
4442,7.3435042085759740e-05,4.8914128126662079e-04
4443,7.3413584187319121e-05,4.8920005820356715e-04
4444,7.3392134833642764e-05,4.8925881900519126e-04
4445,7.3370694019461892e-05,4.8931756367628768e-04
4446,7.3349261739644937e-05,4.8937629222177989e-04
4447,7.3327837988934358e-05,4.8943500464642732e-04
4448,7.3306422762159962e-05,4.8949370095523366e-04
4449,7.3285016054105460e-05,4.8955238115277696e-04
4450,7.3263617859604943e-05,4.8961104524416306e-04
4451,7.3242228173470801e-05,4.8966969323410096e-04
4452,7.3220846990498497e-05,4.8972832512737938e-04
4453,7.3199474305570461e-05,4.8978694092873182e-04
4454,7.3178110113456286e-05,4.8984554064324646e-04
4455,7.3156754409029457e-05,4.8990412427564033e-04
4456,7.3135407187118642e-05,4.8996269183065953e-04
4457,7.3114068442564934e-05,4.9002124331322925e-04
4458,7.3092738170247161e-05,4.9007977872809474e-04
4459,7.3071416364986345e-05,4.9013829808012578e-04
4460,7.3050103021638814e-05,4.9019680137416498e-04
4461,7.3028798135112843e-05,4.9025528861493435e-04
4462,7.3007501700250003e-05,4.9031375980727160e-04
4463,7.2986213711919115e-05,4.9037221495607376e-04
4464,7.2964934164994669e-05,4.9043065406604235e-04
4465,7.2943663054377052e-05,4.9048907714207245e-04
4466,7.2922400374962734e-05,4.9054748418900424e-04
4467,7.2901146121615999e-05,4.9060587521145352e-04
4468,7.2879900289295308e-05,4.9066425021441541e-04
4469,7.2858662872796054e-05,4.9072260920263080e-04
4470,7.2837433867149531e-05,4.9078095218088266e-04
4471,7.2816213267160471e-05,4.9083927915397605e-04
4472,7.2795001067828846e-05,4.9089759012679293e-04
4473,7.2773797264021894e-05,4.9095588510400761e-04
4474,7.2752601850712060e-05,4.9101416409052753e-04
4475,7.2731414822778130e-05,4.9107242709094275e-04
4476,7.2710236175196899e-05,4.9113067411026088e-04
4477,7.2689065902904602e-05,4.9118890515322498e-04
4478,7.2667904000835696e-05,4.9124712022441722e-04
4479,7.2646750463941121e-05,4.9130531932906670e-04
4480,7.2625605287173563e-05,4.9136350247153506e-04
4481,7.2604468465505752e-05,4.9142166965675737e-04
4482,7.2583339993868148e-05,4.9147982088966317e-04
4483,7.2562219867295378e-05,4.9153795617474139e-04
4484,7.2541108080685415e-05,4.9159607551703074e-04
4485,7.2520004629084066e-05,4.9165417892113876e-04
4486,7.2498909507409472e-05,4.9171226639195098e-04
4487,7.2477822710702072e-05,4.9177033793412403e-04
4488,7.2456744233923633e-05,4.9182839355250681e-04
4489,7.2435674072068989e-05,4.9188643325188118e-04
4490,7.2414612220177930e-05,4.9194445703698120e-04
4491,7.2393558673230937e-05,4.9200246491264653e-04
4492,7.2372513426200254e-05,4.9206045688346140e-04
4493,7.2351476474159714e-05,4.9211843295436761e-04
4494,7.2330447812115359e-05,4.9217639313019386e-04
4495,7.2309427435071334e-05,4.9223433741547710e-04
4496,7.2288415338081361e-05,4.9229226581510503e-04
4497,7.2267411516152796e-05,4.9235017833384803e-04
4498,7.2246415964358199e-05,4.9240807497634204e-04
4499,7.2225428677693312e-05,4.9246595574738898e-04
4500,7.2204449651246930e-05,4.9252382065187905e-04
4501,7.2183478880059816e-05,4.9258166969443366e-04
4502,7.2162516359164646e-05,4.9263950287991166e-04
4503,7.2141562083667641e-05,4.9269732021285336e-04
4504,7.2120616048607520e-05,4.9275512169821281e-04
4505,7.2099678249014300e-05,4.9281290734064383e-04
4506,7.2078748680048997e-05,4.9287067714485079e-04
4507,7.2057827336737047e-05,4.9292843111562107e-04
4508,7.2036914214166243e-05,4.9298616925779739e-04
4509,7.2016009307425608e-05,4.9304389157600354e-04
4510,7.1995112611619470e-05,4.9310159807497336e-04
4511,7.1974224121812186e-05,4.9315928875943017e-04
4512,7.1953343833154569e-05,4.9321696363412680e-04
4513,7.1932471740739274e-05,4.9327462270382582e-04
4514,7.1911607839643713e-05,4.9333226597325077e-04
4515,7.1890752125003843e-05,4.9338989344712997e-04
4516,7.1869904591962262e-05,4.9344750513017743e-04
4517,7.1849065235604783e-05,4.9350510102703893e-04
4518,7.1828234051102464e-05,4.9356268114267147e-04
4519,7.1807411033505963e-05,4.9362024548156005e-04
4520,7.1786596178065039e-05,4.9367779404856267e-04
4521,7.1765789479824642e-05,4.9373532684829726e-04
4522,7.1744990934000243e-05,4.9379284388551426e-04
4523,7.1724200535713448e-05,4.9385034516499630e-04
4524,7.1703418280108955e-05,4.9390783069141325e-04
4525,7.1682644162377718e-05,4.9396530046947869e-04
4526,7.1661878177650489e-05,4.9402275450390726e-04
4527,7.1641120321105700e-05,4.9408019279934239e-04
4528,7.1620370587915981e-05,4.9413761536058114e-04
4529,7.1599628973277843e-05,4.9419502219235018e-04
4530,7.1578895472347204e-05,4.9425241329924025e-04
4531,7.1558170080347587e-05,4.9430978868610521e-04
4532,7.1537452792392464e-05,4.9436714835748646e-04
4533,7.1516743603772861e-05,4.9442449231821986e-04
4534,7.1496042509620411e-05,4.9448182057286417e-04
4535,7.1475349505165372e-05,4.9453913312630209e-04
4536,7.1454664585618848e-05,4.9459642998303283e-04
4537,7.1433987746185332e-05,4.9465371114781236e-04
4538,7.1413318982064316e-05,4.9471097662551785e-04
4539,7.1392658288508824e-05,4.9476822642058988e-04
4540,7.1372005660712466e-05,4.9482546053781660e-04
4541,7.1351361093959246e-05,4.9488267898181726e-04
4542,7.1330724583407770e-05,4.9493988175742208e-04
4543,7.1310096124377507e-05,4.9499706886923719e-04
4544,7.1289475712013985e-05,4.9505424032189908e-04
4545,7.1268863341645118e-05,4.9511139612017335e-04
4546,7.1248259008511395e-05,4.9516853626868271e-04
4547,7.1227662707845090e-05,4.9522566077215614e-04
4548,7.1207074434898157e-05,4.9528276963524322e-04
4549,7.1186494184962923e-05,4.9533986286258653e-04
4550,7.1165921953285715e-05,4.9539694045883868e-04
4551,7.1145357735170165e-05,4.9545400242873689e-04
4552,7.1124801525860934e-05,4.9551104877700730e-04
4553,7.1104253320644249e-05,4.9556807950820313e-04
4554,7.1083713114827073e-05,4.9562509462697300e-04
4555,7.1063180903684523e-05,4.9568209413813501e-04
4556,7.1042656682504329e-05,4.9573907804618185e-04
4557,7.1022140446604012e-05,4.9579604635589867e-04
4558,7.1001632191258077e-05,4.9585299907187381e-04
4559,7.0981131911815134e-05,4.9590993619890778e-04
4560,7.0960639603545811e-05,4.9596685774139443e-04
4561,7.0940155261783636e-05,4.9602376370419510e-04
4562,7.0919678881850505e-05,4.9608065409196319e-04
4563,7.0899210459053546e-05,4.9613752890931501e-04
4564,7.0878749988743887e-05,4.9619438816079489e-04
4565,7.0858297466247413e-05,4.9625123185118719e-04
4566,7.0837852886879854e-05,4.9630805998504698e-04
4567,7.0817416246023323e-05,4.9636487256716350e-04
4568,7.0796987538981340e-05,4.9642166960203466e-04
4569,7.0776566761095129e-05,4.9647845109434033e-04
4570,7.0756153907782960e-05,4.9653521704876079e-04
4571,7.0735748974370025e-05,4.9659196746998575e-04
4572,7.0715351956187288e-05,4.9664870236254565e-04
4573,7.0694962848619233e-05,4.9670542173108274e-04
4574,7.0674581647064966e-05,4.9676212558028390e-04
4575,7.0654208346868381e-05,4.9681881391479288e-04
4576,7.0633842943381044e-05,4.9687548673919574e-04
4577,7.0613485432052665e-05,4.9693214405808215e-04
4578,7.0593135808220728e-05,4.9698878587621043e-04
4579,7.0572794067308097e-05,4.9704541219816611e-04
4580,7.0552460204681774e-05,4.9710202302855012e-04
4581,7.0532134215733398e-05,4.9715861837190233e-04
4582,7.0511816095928130e-05,4.9721519823310112e-04
4583,7.0491505840585158e-05,4.9727176261648578e-04
4584,7.0471203445199486e-05,4.9732831152678929e-04
4585,7.0450908905113206e-05,4.9738484496865897e-04
4586,7.0430622215814044e-05,4.9744136294671169e-04
4587,7.0410343372678434e-05,4.9749786546552819e-04
4588,7.0390072371138550e-05,4.9755435252975776e-04
4589,7.0369809206643143e-05,4.9761082414391186e-04
4590,7.0349553874625580e-05,4.9766728031269800e-04
4591,7.0329306370515908e-05,4.9772372104071665e-04
4592,7.0309066689779466e-05,4.9778014633250533e-04
4593,7.0288834827837531e-05,4.9783655619292297e-04
4594,7.0268610780151755e-05,4.9789295062629545e-04
4595,7.0248394542186935e-05,4.9794932963723485e-04
4596,7.0228186109395343e-05,4.9800569323037842e-04
4597,7.0207985477236260e-05,4.9806204141046204e-04
4598,7.0187792641224558e-05,4.9811837418201337e-04
4599,7.0167607596764806e-05,4.9817469154948748e-04
4600,7.0147430339350680e-05,4.9823099351776817e-04
4601,7.0127260864506606e-05,4.9828728009119918e-04
4602,7.0107099167671916e-05,4.9834355127436030e-04
4603,7.0086945244349447e-05,4.9839980707207178e-04
4604,7.0066799090050684e-05,4.9845604748873017e-04
4605,7.0046660700242034e-05,4.9851227252900793e-04
4606,7.0026530070438508e-05,4.9856848219737796e-04
4607,7.0006407196148972e-05,4.9862467649856097e-04
4608,6.9986292072848292e-05,4.9868085543707235e-04
4609,6.9966184696115187e-05,4.9873701901759183e-04
4610,6.9946085061404342e-05,4.9879316724453038e-04
4611,6.9925993164300656e-05,4.9884930012263247e-04
4612,6.9905909000243080e-05,4.9890541765635959e-04
4613,6.9885832564834470e-05,4.9896151985033338e-04
4614,6.9865763853568623e-05,4.9901760670918716e-04
4615,6.9845702862012549e-05,4.9907367823733917e-04
4616,6.9825649585661970e-05,4.9912973443945951e-04
4617,6.9805604020110635e-05,4.9918577532009597e-04
4618,6.9785566160887388e-05,4.9924180088381401e-04
4619,6.9765536003524640e-05,4.9929781113531647e-04
4620,6.9745513543618523e-05,4.9935380607880734e-04
4621,6.9725498776680183e-05,4.9940978571921552e-04
4622,6.9705491698325906e-05,4.9946575006107005e-04
4623,6.9685492304070713e-05,4.9952169910874806e-04
4624,6.9665500589544688e-05,4.9957763286690338e-04
4625,6.9645516550281567e-05,4.9963355134008424e-04
4626,6.9625540181908425e-05,4.9968945453291748e-04
4627,6.9605571479904355e-05,4.9974534244979043e-04
4628,6.9585610440001789e-05,4.9980121509538326e-04
4629,6.9565657057664762e-05,4.9985707247420495e-04
4630,6.9545711328591731e-05,4.9991291459090023e-04
4631,6.9525773248299642e-05,4.9996874144982758e-04
4632,6.9505842812433104e-05,5.0002455305570264e-04
4633,6.9485920016606792e-05,5.0008034941296988e-04
4634,6.9466004856398746e-05,5.0013613052624084e-04
4635,6.9446097327448725e-05,5.0019189639999306e-04
4636,6.9426197425370766e-05,5.0024764703884264e-04
4637,6.9406305145808733e-05,5.0030338244730376e-04
4638,6.9386420484337659e-05,5.0035910262984779e-04
4639,6.9366543436621833e-05,5.0041480759110621e-04
4640,6.9346673998312819e-05,5.0047049733544847e-04
4641,6.9326812165014528e-05,5.0052617186775511e-04
4642,6.9306957932395560e-05,5.0058183119214706e-04
4643,6.9287111296087109e-05,5.0063747531328251e-04
4644,6.9267272251710338e-05,5.0069310423595773e-04
4645,6.9247440794986499e-05,5.0074871796440155e-04
4646,6.9227616921498214e-05,5.0080431650306517e-04
4647,6.9207800626975012e-05,5.0085989985680201e-04
4648,6.9187991907060123e-05,5.0091546802993176e-04
4649,6.9168190757373492e-05,5.0097102102702790e-04
4650,6.9148397173655546e-05,5.0102655885255105e-04
4651,6.9128611151558322e-05,5.0108208151111700e-04
4652,6.9108832686737694e-05,5.0113758900699880e-04
4653,6.9089061774910371e-05,5.0119308134511688e-04
4654,6.9069298411781287e-05,5.0124855852961799e-04
4655,6.9049542592958894e-05,5.0130402056520963e-04
4656,6.9029794314205562e-05,5.0135946745629909e-04
4657,6.9010053571245291e-05,5.0141489920757791e-04
4658,6.8990320359709479e-05,5.0147031582330366e-04
4659,6.8970594675372312e-05,5.0152571730813244e-04
4660,6.8950876513850889e-05,5.0158110366652477e-04
4661,6.8931165870964419e-05,5.0163647490303678e-04
4662,6.8911462742391095e-05,5.0169183102202449e-04
4663,6.8891767123824439e-05,5.0174717202813271e-04
4664,6.8872079011032662e-05,5.0180249792594362e-04
4665,6.8852398399702359e-05,5.0185780871962141e-04
4666,6.8832725285601862e-05,5.0191310441401009e-04
4667,6.8813059664442081e-05,5.0196838501342174e-04
4668,6.8793401531979328e-05,5.0202365052237619e-04
4669,6.8773750883986933e-05,5.0207890094539575e-04
4670,6.8754107716136289e-05,5.0213413628689128e-04
4671,6.8734472024246563e-05,5.0218935655155922e-04
4672,6.8714843804037567e-05,5.0224456174349785e-04
4673,6.8695223051290510e-05,5.0229975186767185e-04
4674,6.8675609761749138e-05,5.0235492692812756e-04
4675,6.8656003931185795e-05,5.0241008692962063e-04
4676,6.8636405555396230e-05,5.0246523187655627e-04
4677,6.8616814630102776e-05,5.0252036177342719e-04
4678,6.8597231151120794e-05,5.0257547662472288e-04
4679,6.8577655114210564e-05,5.0263057643474705e-04
4680,6.8558086515178583e-05,5.0268566120816103e-04
4681,6.8538525349776024e-05,5.0274073094947131e-04
4682,6.8518971613846532e-05,5.0279578566303517e-04
4683,6.8499425303160781e-05,5.0285082535335163e-04
4684,6.8479886413521366e-05,5.0290585002483600e-04
4685,6.8460354940692254e-05,5.0296085968201188e-04
4686,6.8440830880534597e-05,5.0301585432944486e-04
4687,6.8421314228844050e-05,5.0307083397147130e-04
4688,6.8401804981437612e-05,5.0312579861254078e-04
4689,6.8382303134115869e-05,5.0318074825713311e-04
4690,6.8362808682678663e-05,5.0323568290975358e-04
4691,6.8343321623010281e-05,5.0329060257487182e-04
4692,6.8323841950929917e-05,5.0334550725675080e-04
4693,6.8304369662200117e-05,5.0340039696022791e-04
4694,6.8284904752722813e-05,5.0345527168943330e-04
4695,6.8265447218335292e-05,5.0351013144892454e-04
4696,6.8245997054843630e-05,5.0356497624312547e-04
4697,6.8226554258131016e-05,5.0361980607652786e-04
4698,6.8207118824022839e-05,5.0367462095347046e-04
4699,6.8187690748368690e-05,5.0372942087859799e-04
4700,6.8168270027050851e-05,5.0378420585624510e-04
4701,6.8148856655917859e-05,5.0383897589073232e-04
4702,6.8129450630833387e-05,5.0389373098666556e-04
4703,6.8110051947660580e-05,5.0394847114845428e-04
4704,6.8090660602279876e-05,5.0400319638047605e-04
4705,6.8071276590558853e-05,5.0405790668726295e-04
4706,6.8051899908387923e-05,5.0411260207320328e-04
4707,6.8032530551635748e-05,5.0416728254269174e-04
4708,6.8013168516190369e-05,5.0422194810026140e-04
4709,6.7993813797942321e-05,5.0427659875024514e-04
4710,6.7974466392790880e-05,5.0433123449705850e-04
4711,6.7955126296609695e-05,5.0438585534519288e-04
4712,6.7935793505341193e-05,5.0444046129909386e-04
4713,6.7916468014837109e-05,5.0449505236306320e-04
4714,6.7897149821054858e-05,5.0454962854174553e-04
4715,6.7877838919848561e-05,5.0460418983933617e-04
4716,6.7858535307194012e-05,5.0465873626045826e-04
4717,6.7839238978967324e-05,5.0471326780936448e-04
4718,6.7819949931106590e-05,5.0476778449045539e-04
4719,6.7800668159525939e-05,5.0482228630834112e-04
4720,6.7781393660146331e-05,5.0487677326720843e-04
4721,6.7762126428914788e-05,5.0493124537164414e-04
4722,6.7742866461762680e-05,5.0498570262600892e-04
4723,6.7723613754640144e-05,5.0504014503473412e-04
4724,6.7704368303449385e-05,5.0509457260212781e-04
4725,6.7685130104213779e-05,5.0514898533270331e-04
4726,6.7665899152768568e-05,5.0520338323082996e-04
4727,6.7646675445175210e-05,5.0525776630086191e-04
4728,6.7627458977317871e-05,5.0531213454742469e-04
4729,6.7608249745189949e-05,5.0536648797461074e-04
4730,6.7589047744749580e-05,5.0542082658692881e-04
4731,6.7569852971957866e-05,5.0547515038877882e-04
4732,6.7550665422759932e-05,5.0552945938468958e-04
4733,6.7531485093172785e-05,5.0558375357887409e-04
4734,6.7512311979174929e-05,5.0563803297595095e-04
4735,6.7493146076685184e-05,5.0569229758004868e-04
4736,6.7473987381749370e-05,5.0574654739572744e-04
4737,6.7454835890338509e-05,5.0580078242727525e-04
4738,6.7435691598409069e-05,5.0585500267920217e-04
4739,6.7416554502005137e-05,5.0590920815572456e-04
4740,6.7397424597097314e-05,5.0596339886143271e-04
4741,6.7378301879673498e-05,5.0601757480055079e-04
4742,6.7359186345765807e-05,5.0607173597752445e-04
4743,6.7340077991379836e-05,5.0612588239670048e-04
4744,6.7320976812462066e-05,5.0618001406257593e-04
4745,6.7301882805163903e-05,5.0623413097941323e-04
4746,6.7282795965339183e-05,5.0628823315163149e-04
4747,6.7263716289138581e-05,5.0634232058353987e-04
4748,6.7244643772527713e-05,5.0639639327960712e-04
4749,6.7225578411529984e-05,5.0645045124414912e-04
4750,6.7206520202198774e-05,5.0650449448154779e-04
4751,6.7187469140542934e-05,5.0655852299620889e-04
4752,6.7168425222637827e-05,5.0661253679242673e-04
4753,6.7149388444491718e-05,5.0666653587458051e-04
4754,6.7130358802164970e-05,5.0672052024711590e-04
4755,6.7111336291690094e-05,5.0677448991434768e-04
4756,6.7092320909122491e-05,5.0682844488067545e-04
4757,6.7073312650550577e-05,5.0688238515027252e-04
4758,6.7054311511982386e-05,5.0693631072787468e-04
4759,6.7035317489492417e-05,5.0699022161740728e-04
4760,6.7016330579188965e-05,5.0704411782354747e-04
4761,6.6997350777048666e-05,5.0709799935041424e-04
4762,6.6978378079267988e-05,5.0715186620258986e-04
4763,6.6959412481803793e-05,5.0720571838432386e-04
4764,6.6940453980793421e-05,5.0725955589997463e-04
4765,6.6921502572325666e-05,5.0731337875377250e-04
4766,6.6902558252437283e-05,5.0736718695021865e-04
4767,6.6883621017262113e-05,5.0742098049357063e-04
4768,6.6864690862881052e-05,5.0747475938830327e-04
4769,6.6845767785365316e-05,5.0752852363866491e-04
4770,6.6826851780850822e-05,5.0758227324900775e-04
4771,6.6807942845397485e-05,5.0763600822370872e-04
4772,6.6789040975133118e-05,5.0768972856696281e-04
4773,6.6770146166172711e-05,5.0774343428329613e-04
4774,6.6751258414609655e-05,5.0779712537685207e-04
4775,6.6732377716572237e-05,5.0785080185219381e-04
4776,6.6713504068161854e-05,5.0790446371345001e-04
4777,6.6694637465491901e-05,5.0795811096511847e-04
4778,6.6675777904724043e-05,5.0801174361135614e-04
4779,6.6656925381949081e-05,5.0806536165669985e-04
4780,6.6638079893323532e-05,5.0811896510532140e-04
4781,6.6619241434974749e-05,5.0817255396156703e-04
4782,6.6600410003021327e-05,5.0822612822979079e-04
4783,6.6581585593634935e-05,5.0827968791430748e-04
4784,6.6562768202917379e-05,5.0833323301942735e-04
4785,6.6543957827037319e-05,5.0838676354956818e-04
4786,6.6525154462173470e-05,5.0844027950887685e-04
4787,6.6506358104463038e-05,5.0849378090173374e-04
4788,6.6487568749995507e-05,5.0854726773256662e-04
4789,6.6468786395025990e-05,5.0860074000553602e-04
4790,6.6450011035675197e-05,5.0865419772520403e-04
4791,6.6431242668091853e-05,5.0870764089550307e-04
4792,6.6412481288492852e-05,5.0876106952103567e-04
4793,6.6393726893026876e-05,5.0881448360599380e-04
4794,6.6374979477835900e-05,5.0886788315465193e-04
4795,6.6356239039148582e-05,5.0892126817147143e-04
4796,6.6337505573127713e-05,5.0897463866060783e-04
4797,6.6318779075941100e-05,5.0902799462639611e-04
4798,6.6300059543833377e-05,5.0908133607324344e-04
4799,6.6281346972931816e-05,5.0913466300532215e-04
4800,6.6262641359472621e-05,5.0918797542694693e-04
4801,6.6243942699604463e-05,5.0924127334252040e-04
4802,6.6225250989598446e-05,5.0929455675620514e-04
4803,6.6206566225603198e-05,5.0934782567244952e-04
4804,6.6187888403886611e-05,5.0940108009533231e-04
4805,6.6169217520574235e-05,5.0945432002927609e-04
4806,6.6150553571929732e-05,5.0950754547855455e-04
4807,6.6131896554190298e-05,5.0956075644758376e-04
4808,6.6113246463544379e-05,5.0961395294036801e-04
4809,6.6094603296205074e-05,5.0966713496151440e-04
4810,6.6075967048445994e-05,5.0972030251509605e-04
4811,6.6057337716451939e-05,5.0977345560541270e-04
4812,6.6038715296478008e-05,5.0982659423675866e-04
4813,6.6020099784746419e-05,5.0987971841352233e-04
4814,6.6001491177509547e-05,5.0993282813989579e-04
4815,6.5982889471005320e-05,5.0998592342003674e-04
4816,6.5964294661482748e-05,5.1003900425847432e-04
4817,6.5945706745177185e-05,5.1009207065940278e-04
4818,6.5927125718349692e-05,5.1014512262696472e-04
4819,6.5908551577252832e-05,5.1019816016552256e-04
4820,6.5889984318158969e-05,5.1025118327934762e-04
4821,6.5871423937325369e-05,5.1030419197277616e-04
4822,6.5852870430966825e-05,5.1035718624979013e-04
4823,6.5834323795430931e-05,5.1041016611507654e-04
4824,6.5815784026922194e-05,5.1046313157264835e-04
4825,6.5797251121749799e-05,5.1051608262668699e-04
4826,6.5778725076170403e-05,5.1056901928174091e-04
4827,6.5760205886500198e-05,5.1062194154185767e-04
4828,6.5741693548969089e-05,5.1067484941134521e-04
4829,6.5723188059905980e-05,5.1072774289446891e-04
4830,6.5704689415569981e-05,5.1078062199549348e-04
4831,6.5686197612293304e-05,5.1083348671873794e-04
4832,6.5667712646297476e-05,5.1088633706821546e-04
4833,6.5649234513962470e-05,5.1093917304847645e-04
4834,6.5630763211551162e-05,5.1099199466360205e-04
4835,6.5612298735349454e-05,5.1104480191788430e-04
4836,6.5593841081706378e-05,5.1109759481561242e-04
4837,6.5575390246905491e-05,5.1115037336084792e-04
4838,6.5556946227259463e-05,5.1120313755816061e-04
4839,6.5538509019093160e-05,5.1125588741143249e-04
4840,6.5520078618738496e-05,5.1130862292516873e-04
4841,6.5501655022489301e-05,5.1136134410351781e-04
4842,6.5483238226668857e-05,5.1141405095081764e-04
4843,6.5464828227644842e-05,5.1146674347117332e-04
4844,6.5446425021732513e-05,5.1151942166877248e-04
4845,6.5428028605246574e-05,5.1157208554800874e-04
4846,6.5409638974546028e-05,5.1162473511304717e-04
4847,6.5391256125952584e-05,5.1167737036818348e-04
4848,6.5372880055843152e-05,5.1172999131755739e-04
4849,6.5354510760507075e-05,5.1178259796541949e-04
4850,6.5336148236360740e-05,5.1183519031601987e-04
4851,6.5317792479718402e-05,5.1188776837359038e-04
4852,6.5299443486933808e-05,5.1194033214224145e-04
4853,6.5281101254372265e-05,5.1199288162640715e-04
4854,6.5262765778406357e-05,5.1204541683021860e-04
4855,6.5244437055411055e-05,5.1209793775779458e-04
4856,6.5226115081704625e-05,5.1215044441342962e-04
4857,6.5207799853692856e-05,5.1220293680147874e-04
4858,6.5189491367754172e-05,5.1225541492604478e-04
4859,6.5171189620251755e-05,5.1230787879125248e-04
4860,6.5152894607573421e-05,5.1236032840134974e-04
4861,6.5134606326083827e-05,5.1241276376063087e-04
4862,6.5116324772198112e-05,5.1246518487332567e-04
4863,6.5098049942296534e-05,5.1251759174361612e-04
4864,6.5079781832743096e-05,5.1256998437566588e-04
4865,6.5061520439950392e-05,5.1262236277362593e-04
4866,6.5043265760316159e-05,5.1267472694190225e-04
4867,6.5025017790271909e-05,5.1272707688457860e-04
4868,6.5006776526145679e-05,5.1277941260582721e-04
4869,6.4988541964424140e-05,5.1283173410988524e-04
4870,6.4970314101471188e-05,5.1288404140089055e-04
4871,6.4952092933710570e-05,5.1293633448317919e-04
4872,6.4933878457539387e-05,5.1298861336086397e-04
4873,6.4915670669417786e-05,5.1304087803811615e-04
4874,6.4897469565718637e-05,5.1309312851925042e-04
4875,6.4879275142900691e-05,5.1314536480821999e-04
4876,6.4861087397374305e-05,5.1319758690958838e-04
4877,6.4842906325564186e-05,5.1324979482718315e-04
4878,6.4824731923908134e-05,5.1330198856547652e-04
4879,6.4806564188858869e-05,5.1335416812839894e-04
4880,6.4788403116844773e-05,5.1340633352027010e-04
4881,6.4770248704288600e-05,5.1345848474533768e-04
4882,6.4752100947652560e-05,5.1351062180763480e-04
4883,6.4733959843370182e-05,5.1356274471149794e-04
4884,6.4715825387926348e-05,5.1361485346096522e-04
4885,6.4697697577717508e-05,5.1366694806033550e-04
4886,6.4679576409270312e-05,5.1371902851371108e-04
4887,6.4661461878950285e-05,5.1377109482533519e-04
4888,6.4643353983291868e-05,5.1382314699928184e-04
4889,6.4625252718787790e-05,5.1387518503990821e-04
4890,6.4607158081791404e-05,5.1392720895119301e-04
4891,6.4589070068863798e-05,5.1397921873737296e-04
4892,6.4570988676453857e-05,5.1403121440262291e-04
4893,6.4552913901031215e-05,5.1408319595113989e-04
4894,6.4534845739070820e-05,5.1413516338712673e-04
4895,6.4516784187089034e-05,5.1418711671467139e-04
4896,6.4498729241539162e-05,5.1423905593792453e-04
4897,6.4480680898898143e-05,5.1429098106110555e-04
4898,6.4462639155677759e-05,5.1434289208837994e-04
4899,6.4444604008364302e-05,5.1439478902384056e-04
4900,6.4426575453434845e-05,5.1444667187165824e-04
4901,6.4408553487439689e-05,5.1449854063613293e-04
4902,6.4390538106821470e-05,5.1455039532118465e-04
4903,6.4372529308127723e-05,5.1460223593118699e-04
4904,6.4354527087859525e-05,5.1465406247024721e-04
4905,6.4336531442487512e-05,5.1470587494234065e-04
4906,6.4318542368548283e-05,5.1475767335187981e-04
4907,6.4300559862589507e-05,5.1480945770277550e-04
4908,6.4282583921087351e-05,5.1486122799944140e-04
4909,6.4264614540573072e-05,5.1491298424578900e-04
4910,6.4246651717585112e-05,5.1496472644604354e-04
4911,6.4228695448654172e-05,5.1501645460425797e-04
4912,6.4210745730263697e-05,5.1506816872476445e-04
4913,6.4192802558974950e-05,5.1511986881160141e-04
4914,6.4174865931374890e-05,5.1517155486894531e-04
4915,6.4156935843906791e-05,5.1522322690081604e-04
4916,6.4139012293188105e-05,5.1527488491154381e-04
4917,6.4121095275696137e-05,5.1532652890514828e-04
4918,6.4103184788043638e-05,5.1537815888582457e-04
4919,6.4085280826761131e-05,5.1542977485757977e-04
4920,6.4067383388352663e-05,5.1548137682460833e-04
4921,6.4049492469420030e-05,5.1553296479103642e-04
4922,6.4031608066547347e-05,5.1558453876109122e-04
4923,6.4013730176196794e-05,5.1563609873882016e-04
4924,6.3995858795031982e-05,5.1568764472835916e-04
4925,6.3977993919562282e-05,5.1573917673375445e-04
4926,6.3960135546387283e-05,5.1579069475931054e-04
4927,6.3942283672046036e-05,5.1584219880899745e-04
4928,6.3924438293163976e-05,5.1589368888695433e-04
4929,6.3906599406241514e-05,5.1594516499747951e-04
4930,6.3888767007920443e-05,5.1599662714431403e-04
4931,6.3870941094767094e-05,5.1604807533190604e-04
4932,6.3853121663348490e-05,5.1609950956431978e-04
4933,6.3835308710287315e-05,5.1615092984557439e-04
4934,6.3817502232131875e-05,5.1620233617973412e-04
4935,6.3799702225517146e-05,5.1625372857120580e-04
4936,6.3781908687002953e-05,5.1630510702380366e-04
4937,6.3764121613211710e-05,5.1635647154166014e-04
4938,6.3746341000726770e-05,5.1640782212910370e-04
4939,6.3728566846191673e-05,5.1645915878989826e-04
4940,6.3710799146150308e-05,5.1651048152853425e-04
4941,6.3693037897273293e-05,5.1656179034876789e-04
4942,6.3675283096146287e-05,5.1661308525487550e-04
4943,6.3657534739353617e-05,5.1666436625101857e-04
4944,6.3639792823558383e-05,5.1671563334122967e-04
4945,6.3622057345397265e-05,5.1676688652956058e-04
4946,6.3604328301419697e-05,5.1681812582010525e-04
4947,6.3586605688289126e-05,5.1686935121702572e-04
4948,6.3568889502664124e-05,5.1692056272439565e-04
4949,6.3551179741152140e-05,5.1697176034626335e-04
4950,6.3533476400366682e-05,5.1702294408672352e-04
4951,6.3515779476975347e-05,5.1707411395001378e-04
4952,6.3498088967593784e-05,5.1712526994007984e-04
4953,6.3480404868895282e-05,5.1717641206086855e-04
4954,6.3462727177505192e-05,5.1722754031688692e-04
4955,6.3445055890016478e-05,5.1727865471182905e-04
4956,6.3427391003196496e-05,5.1732975524983128e-04
4957,6.3409732513597362e-05,5.1738084193525590e-04
4958,6.3392080417937018e-05,5.1743191477189414e-04
4959,6.3374434712807045e-05,5.1748297376389145e-04
4960,6.3356795394939252e-05,5.1753401891539252e-04
4961,6.3339162460968368e-05,5.1758505023042636e-04
4962,6.3321535907531187e-05,5.1763606771304267e-04
4963,6.3303915731348728e-05,5.1768707136739861e-04
4964,6.3286301929051358e-05,5.1773806119751299e-04
4965,6.3268694497315171e-05,5.1778903720743825e-04
4966,6.3251093432837674e-05,5.1783999940131786e-04
4967,6.3233498732295678e-05,5.1789094778319851e-04
4968,6.3215910392366430e-05,5.1794188235707538e-04
4969,6.3198328409721198e-05,5.1799280312701096e-04
4970,6.3180752781039816e-05,5.1804371009708415e-04
4971,6.3163183503055868e-05,5.1809460327151757e-04
4972,6.3145620572426474e-05,5.1814548265428971e-04
4973,6.3128063985888320e-05,5.1819634824921989e-04
4974,6.3110513740047692e-05,5.1824720006071626e-04
4975,6.3092969831701613e-05,5.1829803809257265e-04
4976,6.3075432257497742e-05,5.1834886234915136e-04
4977,6.3057901014138505e-05,5.1839967283413585e-04
4978,6.3040376098401764e-05,5.1845046955179062e-04
4979,6.3022857506884165e-05,5.1850125250623043e-04
4980,6.3005345236425599e-05,5.1855202170134485e-04
4981,6.2987839283615003e-05,5.1860277714126015e-04
4982,6.2970339645267682e-05,5.1865351883010604e-04
4983,6.2952846318061967e-05,5.1870424677175119e-04
4984,6.2935359298731602e-05,5.1875496097036693e-04
4985,6.2917878583994410e-05,5.1880566142991670e-04
4986,6.2900404170578486e-05,5.1885634815453812e-04
4987,6.2882936055215122e-05,5.1890702114825164e-04
4988,6.2865474234677598e-05,5.1895768041505341e-04
4989,6.2848018705649204e-05,5.1900832595895086e-04
4990,6.2830569464871153e-05,5.1905895778413106e-04
4991,6.2813126509123608e-05,5.1910957589443275e-04
4992,6.2795689835121803e-05,5.1916018029406555e-04
4993,6.2778259439621182e-05,5.1921077098695699e-04
4994,6.2760835319346491e-05,5.1926134797716773e-04
4995,6.2743417471084468e-05,5.1931191126883985e-04
4996,6.2726005891597860e-05,5.1936246086573923e-04
4997,6.2708600577609112e-05,5.1941299677211810e-04
4998,6.2691201525872460e-05,5.1946351899193651e-04
4999,6.2673808733188532e-05,5.1951402752924353e-04
5000,6.2656422196272847e-05,5.1956452238800886e-04
5001,6.2639041911964616e-05,5.1961500357238280e-04
5002,6.2621667876943917e-05,5.1966547108619901e-04
5003,6.2604300088064599e-05,5.1971592493361507e-04
5004,6.2586938542034292e-05,5.1976636511859699e-04
5005,6.2569583235662203e-05,5.1981679164523524e-04
5006,6.2552234165734851e-05,5.1986720451745649e-04
5007,6.2534891329027887e-05,5.1991760373928226e-04
5008,6.2517554722333861e-05,5.1996798931483641e-04
5009,6.2500224342404233e-05,5.2001836124793187e-04
5010,6.2482900186076128e-05,5.2006871954272515e-04
5011,6.2465582250091747e-05,5.2011906420331919e-04
5012,6.2448270531297216e-05,5.2016939523342825e-04
5013,6.2430965026443762e-05,5.2021971263729047e-04
5014,6.2413665732371858e-05,5.2027001641890961e-04
5015,6.2396372645860923e-05,5.2032030658223476e-04
5016,6.2379085763722886e-05,5.2037058313130695e-04
5017,6.2361805082734496e-05,5.2042084607001641e-04
5018,6.2344530599766948e-05,5.2047109540241730e-04
5019,6.2327262311573736e-05,5.2052133113260151e-04
5020,6.2310000215014277e-05,5.2057155326440754e-04
5021,6.2292744306862474e-05,5.2062176180195006e-04
5022,6.2275494583986243e-05,5.2067195674935260e-04
5023,6.2258251043142491e-05,5.2072213811031338e-04
5024,6.2241013681235062e-05,5.2077230588908833e-04
5025,6.2223782495042588e-05,5.2082246008946945e-04
5026,6.2206557481354571e-05,5.2087260071548118e-04
5027,6.2189338637115078e-05,5.2092272777119666e-04
5028,6.2172125959075757e-05,5.2097284126062114e-04
5029,6.2154919444077841e-05,5.2102294118763857e-04
5030,6.2137719088967209e-05,5.2107302755628629e-04
5031,6.2120524890608701e-05,5.2112310037058128e-04
5032,6.2103336845830781e-05,5.2117315963442134e-04
5033,6.2086154951477784e-05,5.2122320535188569e-04
5034,6.2068979204403369e-05,5.2127323752688265e-04
5035,6.2051809601454690e-05,5.2132325616339233e-04
5036,6.2034646139473397e-05,5.2137326126550163e-04
5037,6.2017488815368390e-05,5.2142325283700841e-04
5038,6.2000337625926853e-05,5.2147323088199088e-04
5039,6.1983192568043277e-05,5.2152319540440964e-04
5040,6.1966053638599404e-05,5.2157314640832286e-04
5041,6.1948920834458866e-05,5.2162308389752828e-04
5042,6.1931794152428769e-05,5.2167300787618143e-04
5043,6.1914673589463020e-05,5.2172291834810022e-04
5044,6.1897559142381776e-05,5.2177281531725077e-04
5045,6.1880450808094072e-05,5.2182269878771781e-04
5046,6.1863348583432329e-05,5.2187256876335688e-04
5047,6.1846252465334504e-05,5.2192242524823080e-04
5048,6.1829162450648223e-05,5.2197226824623089e-04
5049,6.1812078536266869e-05,5.2202209776126590e-04
5050,6.1795000719086656e-05,5.2207191379746764e-04
5051,6.1777928995972436e-05,5.2212171635873466e-04
5052,6.1760863363827931e-05,5.2217150544889952e-04
5053,6.1743803819577111e-05,5.2222128107206006e-04
5054,6.1726750360097148e-05,5.2227104323204505e-04
5055,6.1709702982253845e-05,5.2232079193280801e-04
5056,6.1692661683025691e-05,5.2237052717845896e-04
5057,6.1675626459224551e-05,5.2242024897282652e-04
5058,6.1658597307843010e-05,5.2246995731990349e-04
5059,6.1641574225737409e-05,5.2251965222359581e-04
5060,6.1624557209826746e-05,5.2256933368789510e-04
5061,6.1607546257045113e-05,5.2261900171668896e-04
5062,6.1590541364296922e-05,5.2266865631404088e-04
5063,6.1573542528478741e-05,5.2271829748374394e-04
5064,6.1556549746585729e-05,5.2276792522988028e-04
5065,6.1539563015443682e-05,5.2281753955624448e-04
5066,6.1522582332047815e-05,5.2286714046690622e-04
5067,6.1505607693285275e-05,5.2291672796564545e-04
5068,6.1488639096152401e-05,5.2296630205651059e-04
5069,6.1471676537470354e-05,5.2301586274348705e-04
5070,6.1454720014279479e-05,5.2306541003045541e-04
5071,6.1437769523460905e-05,5.2311494392139990e-04
5072,6.1420825062010958e-05,5.2316446442003618e-04
5073,6.1403886626783082e-05,5.2321397153054820e-04
5074,6.1386954214783508e-05,5.2326346525670463e-04
5075,6.1370027822970074e-05,5.2331294560245968e-04
5076,6.1353107448248033e-05,5.2336241257188842e-04
5077,6.1336193087603642e-05,5.2341186616862044e-04
5078,6.1319284737979478e-05,5.2346130639693953e-04
5079,6.1302382396303563e-05,5.2351073326062304e-04
5080,6.1285486059591807e-05,5.2356014676338666e-04
5081,6.1268595724786961e-05,5.2360954690936921e-04
5082,6.1251711388804012e-05,5.2365893370246699e-04
5083,6.1234833048660968e-05,5.2370830714655809e-04
5084,6.1217960701308958e-05,5.2375766724553467e-04
5085,6.1201094343742642e-05,5.2380701400339680e-04
5086,6.1184233972884960e-05,5.2385634742391001e-04
5087,6.1167379585756469e-05,5.2390566751117553e-04
5088,6.1150531179293309e-05,5.2395497426889752e-04
5089,6.1133688750533520e-05,5.2400426770125256e-04
5090,6.1116852296397929e-05,5.2405354781190675e-04
5091,6.1100021813901482e-05,5.2410281460490071e-04
5092,6.1083197300051240e-05,5.2415206808396149e-04
5093,6.1066378751767702e-05,5.2420130825320678e-04
5094,6.1049566166111881e-05,5.2425053511654263e-04
5095,6.1032759540043715e-05,5.2429974867772202e-04
5096,6.1015958870559591e-05,5.2434894894059440e-04
5097,6.0999164154699900e-05,5.2439813590930673e-04
5098,6.0982375389377467e-05,5.2444730958757231e-04
5099,6.0965592571656535e-05,5.2449646997937210e-04
5100,6.0948815698557094e-05,5.2454561708854841e-04
5101,6.0932044767035177e-05,5.2459475091893746e-04
5102,6.0915279774164206e-05,5.2464387147454410e-04
5103,6.0898520716856629e-05,5.2469297875934440e-04
5104,6.0881767592233382e-05,5.2474207277697165e-04
5105,6.0865020397258746e-05,5.2479115353146243e-04
5106,6.0848279128946747e-05,5.2484022102673733e-04
5107,6.0831543784340725e-05,5.2488927526662943e-04
5108,6.0814814360433374e-05,5.2493831625500934e-04
5109,6.0798090854285381e-05,5.2498734399585847e-04
5110,6.0781373262877881e-05,5.2503635849291720e-04
5111,6.0764661583287695e-05,5.2508535975009690e-04
5112,6.0747955812552593e-05,5.2513434777140587e-04
5113,6.0731255947638102e-05,5.2518332256059448e-04
5114,6.0714561985647602e-05,5.2523228412157581e-04
5115,6.0697873923613975e-05,5.2528123245820411e-04
5116,6.0681191758514860e-05,5.2533016757444571e-04
5117,6.0664515487500214e-05,5.2537908947404674e-04
5118,6.0647845107501311e-05,5.2542799816082610e-04
5119,6.0631180615660187e-05,5.2547689363887816e-04
5120,6.0614522008944980e-05,5.2552577591206083e-04
5121,6.0597869284484418e-05,5.2557464498404491e-04
5122,6.0581222439290757e-05,5.2562350085885300e-04
5123,6.0564581470410760e-05,5.2567234354020955e-04
5124,6.0547946374940661e-05,5.2572117303216395e-04
5125,6.0531317149905642e-05,5.2576998933838881e-04
5126,6.0514693792381947e-05,5.2581879246287142e-04
5127,6.0498076299441634e-05,5.2586758240951077e-04
5128,6.0481464668149924e-05,5.2591635918205885e-04
5129,6.0464858895578299e-05,5.2596512278440415e-04
5130,6.0448258978786422e-05,5.2601387322032405e-04
5131,6.0431664914860907e-05,5.2606261049389490e-04
5132,6.0415076700876638e-05,5.2611133460874079e-04
5133,6.0398494333918011e-05,5.2616004556879290e-04
5134,6.0381917811041994e-05,5.2620874337805054e-04
5135,6.0365347129328004e-05,5.2625742804014350e-04
5136,6.0348782285916884e-05,5.2630609955907316e-04
5137,6.0332223277852198e-05,5.2635475793856871e-04
5138,6.0315670102211812e-05,5.2640340318264411e-04
5139,6.0299122756136900e-05,5.2645203529498705e-04
5140,6.0282581236675214e-05,5.2650065427942996e-04
5141,6.0266045540932091e-05,5.2654926013992020e-04
5142,6.0249515666022692e-05,5.2659785288030540e-04
5143,6.0232991609024325e-05,5.2664643250430426e-04
5144,6.0216473367079239e-05,5.2669499901588192e-04
5145,6.0199960937238998e-05,5.2674355241885858e-04
5146,6.0183454316643560e-05,5.2679209271705809e-04
5147,6.0166953502410505e-05,5.2684061991425176e-04
5148,6.0150458491623321e-05,5.2688913401433891e-04
5149,6.0133969281410392e-05,5.2693763502111197e-04
5150,6.0117485868889569e-05,5.2698612293841792e-04
5151,6.0101008251166141e-05,5.2703459777017885e-04
5152,6.0084536425379135e-05,5.2708305952000050e-04
5153,6.0068070388639878e-05,5.2713150819203123e-04
5154,6.0051610138049491e-05,5.2717994378992752e-04
5155,6.0035155670804471e-05,5.2722836631733023e-04
5156,6.0018706983926988e-05,5.2727677577833710e-04
5157,6.0002264074662222e-05,5.2732517217675087e-04
5158,5.9985826940068527e-05,5.2737355551618452e-04
5159,5.9969395577287623e-05,5.2742192580064527e-04
5160,5.9952969983487545e-05,5.2747028303401500e-04
5161,5.9936550155783157e-05,5.2751862721997066e-04
5162,5.9920136091321340e-05,5.2756695836226426e-04
5163,5.9903727787261289e-05,5.2761527646478612e-04
5164,5.9887325240712642e-05,5.2766358153143807e-04
5165,5.9870928448842514e-05,5.2771187356596830e-04
5166,5.9854537408807024e-05,5.2776015257215690e-04
5167,5.9838152117777500e-05,5.2780841855391912e-04
5168,5.9821772572864097e-05,5.2785667151487587e-04
5169,5.9805398771226415e-05,5.2790491145908024e-04
5170,5.9789030710081098e-05,5.2795313839020756e-04
5171,5.9772668386520057e-05,5.2800135231199159e-04
5172,5.9756311797720945e-05,5.2804955322826729e-04
5173,5.9739960940903806e-05,5.2809774114308760e-04
5174,5.9723615813147780e-05,5.2814591605990799e-04
5175,5.9707276411688747e-05,5.2819407798265121e-04
5176,5.9690942733661060e-05,5.2824222691515968e-04
5177,5.9674614776270180e-05,5.2829036286130356e-04
5178,5.9658292536683764e-05,5.2833848582458146e-04
5179,5.9641976012038998e-05,5.2838659580915347e-04
5180,5.9625665199548506e-05,5.2843469281866392e-04
5181,5.9609360096389682e-05,5.2848277685692323e-04
5182,5.9593060699768471e-05,5.2853084792761737e-04
5183,5.9576767006825403e-05,5.2857890603468286e-04
5184,5.9560479014772813e-05,5.2862695118175069e-04
5185,5.9544196720808322e-05,5.2867498337282233e-04
5186,5.9527920122095420e-05,5.2872300261152432e-04
5187,5.9511649215876682e-05,5.2877100890171827e-04
5188,5.9495383999294031e-05,5.2881900224707441e-04
5189,5.9479124469586504e-05,5.2886698265153969e-04
5190,5.9462870623911297e-05,5.2891495011879290e-04
5191,5.9446622459527437e-05,5.2896290465265510e-04
5192,5.9430379973594518e-05,5.2901084625688651e-04
5193,5.9414143163325295e-05,5.2905877493521637e-04
5194,5.9397912025947433e-05,5.2910669069159929e-04
5195,5.9381686558648508e-05,5.2915459352961369e-04
5196,5.9365466758649491e-05,5.2920248345314350e-04
5197,5.9349252623168800e-05,5.2925036046597975e-04
5198,5.9333044149452231e-05,5.2929822457175040e-04
5199,5.9316841334661037e-05,5.2934607577426879e-04
5200,5.9300644176040097e-05,5.2939391407750582e-04
5201,5.9284452670816552e-05,5.2944173948501496e-04
5202,5.9268266816224899e-05,5.2948955200068394e-04
5203,5.9252086609476258e-05,5.2953735162816870e-04
5204,5.9235912047792817e-05,5.2958513837132737e-04
5205,5.9219743128419244e-05,5.2963291223388233e-04
5206,5.9203579848606978e-05,5.2968067321956488e-04
5207,5.9187422205550612e-05,5.2972842133216678e-04
5208,5.9171270196501363e-05,5.2977615657565547e-04
5209,5.9155123818709041e-05,5.2982387895335694e-04
5210,5.9138983069437156e-05,5.2987158846939388e-04
5211,5.9122847945850065e-05,5.2991928512733961e-04
5212,5.9106718445266454e-05,5.2996696893108650e-04
5213,5.9090594564921092e-05,5.3001463988419108e-04
5214,5.9074476302027974e-05,5.3006229799066424e-04
5215,5.9058363653918952e-05,5.3010994325406022e-04
5216,5.9042256617723254e-05,5.3015757567812264e-04
5217,5.9026155190801338e-05,5.3020519526671909e-04
5218,5.9010059370348697e-05,5.3025280202350636e-04
5219,5.8993969153667023e-05,5.3030039595243657e-04
5220,5.8977884537993477e-05,5.3034797705694069e-04
5221,5.8961805520600797e-05,5.3039554534088781e-04
5222,5.8945732098765879e-05,5.3044310080804910e-04
5223,5.8929664269700136e-05,5.3049064346226752e-04
5224,5.8913602030740537e-05,5.3053817330714933e-04
5225,5.8897545379149097e-05,5.3058569034643537e-04
5226,5.8881494312127947e-05,5.3063319458385996e-04
5227,5.8865448827046912e-05,5.3068068602319567e-04
5228,5.8849408921131662e-05,5.3072816466827994e-04
5229,5.8833374591680717e-05,5.3077563052267112e-04
5230,5.8817345835932784e-05,5.3082308359026116e-04
5231,5.8801322651223300e-05,5.3087052387456733e-04
5232,5.8785305034846137e-05,5.3091795137945601e-04
5233,5.8769292984002672e-05,5.3096536610870043e-04
5234,5.8753286496090819e-05,5.3101276806606700e-04
5235,5.8737285568311779e-05,5.3106015725508339e-04
5236,5.8721290198020950e-05,5.3110753367963191e-04
5237,5.8705300382482622e-05,5.3115489734339918e-04
5238,5.8689316119011122e-05,5.3120224825011322e-04
5239,5.8673337404876267e-05,5.3124958640347691e-04
5240,5.8657364237390633e-05,5.3129691180719171e-04
5241,5.8641396613893112e-05,5.3134422446510774e-04
5242,5.8625434531633862e-05,5.3139152438078107e-04
5243,5.8609477987963020e-05,5.3143881155807006e-04
5244,5.8593526980181890e-05,5.3148608600057045e-04
5245,5.8577581505544582e-05,5.3153334771206058e-04
5246,5.8561641561442010e-05,5.3158059669617232e-04
5247,5.8545707145154474e-05,5.3162783295678450e-04
5248,5.8529778253992319e-05,5.3167505649749940e-04
5249,5.8513854885283217e-05,5.3172226732195644e-04
5250,5.8497937036358668e-05,5.3176946543403568e-04
5251,5.8482024704518426e-05,5.3181665083727877e-04
5252,5.8466117887091059e-05,5.3186382353550502e-04
5253,5.8450216581418040e-05,5.3191098353254764e-04
5254,5.8434320784830383e-05,5.3195813083167689e-04
5255,5.8418430494615591e-05,5.3200526543706512e-04
5256,5.8402545708137865e-05,5.3205238735220758e-04
5257,5.8386666422755392e-05,5.3209949658068918e-04
5258,5.8370792635766828e-05,5.3214659312652928e-04
5259,5.8354924344524510e-05,5.3219367699305019e-04
5260,5.8339061546342592e-05,5.3224074818430706e-04
5261,5.8323204238601722e-05,5.3228780670368432e-04
5262,5.8307352418646060e-05,5.3233485255501191e-04
5263,5.8291506083775833e-05,5.3238188574211286e-04
5264,5.8275665231372422e-05,5.3242890626854767e-04
5265,5.8259829858790862e-05,5.3247591413797129e-04
5266,5.8243999963357937e-05,5.3252290935413985e-04
5267,5.8228175542454906e-05,5.3256989192061786e-04
5268,5.8212356593409929e-05,5.3261686184131877e-04
5269,5.8196543113588428e-05,5.3266381911985599e-04
5270,5.8180735100330733e-05,5.3271076375974820e-04
5271,5.8164932551062075e-05,5.3275769576486274e-04
5272,5.8149135463077118e-05,5.3280461513879906e-04
5273,5.8133343833762718e-05,5.3285152188528009e-04
5274,5.8117557660491122e-05,5.3289841600803766e-04
5275,5.8101776940650973e-05,5.3294529751055509e-04
5276,5.8086001671553811e-05,5.3299216639668076e-04
5277,5.8070231850623774e-05,5.3303902267003806e-04
5278,5.8054467475216784e-05,5.3308586633433151e-04
5279,5.8038708542694320e-05,5.3313269739323048e-04
5280,5.8022955050482222e-05,5.3317951585036411e-04
5281,5.8007206995911658e-05,5.3322632170943376e-04
5282,5.7991464376368529e-05,5.3327311497410263e-04
5283,5.7975727189251313e-05,5.3331989564810156e-04
5284,5.7959995431940183e-05,5.3336666373502372e-04
5285,5.7944269101837398e-05,5.3341341923863550e-04
5286,5.7928548196291507e-05,5.3346016216241829e-04
5287,5.7912832712760600e-05,5.3350689251028855e-04
5288,5.7897122648576684e-05,5.3355361028562345e-04
5289,5.7881418001139646e-05,5.3360031549223321e-04
5290,5.7865718767881215e-05,5.3364700813389617e-04
5291,5.7850024946179721e-05,5.3369368821407689e-04
5292,5.7834336533413613e-05,5.3374035573656737e-04
5293,5.7818653527028041e-05,5.3378701070498223e-04
5294,5.7802975924400727e-05,5.3383365312284427e-04
5295,5.7787303722924782e-05,5.3388028299395426e-04
5296,5.7771636920053827e-05,5.3392690032208880e-04
5297,5.7755975513159521e-05,5.3397350511069251e-04
5298,5.7740319499647326e-05,5.3402009736347705e-04
5299,5.7724668876960057e-05,5.3406667708409011e-04
5300,5.7709023642506246e-05,5.3411324427618230e-04
5301,5.7693383793654339e-05,5.3415979894345152e-04
5302,5.7677749327937973e-05,5.3420634108953581e-04
5303,5.7662120242621074e-05,5.3425287071803026e-04
5304,5.7646496535280987e-05,5.3429938783259017e-04
5305,5.7630878203223462e-05,5.3434589243680933e-04
5306,5.7615265243896566e-05,5.3439238453442564e-04
5307,5.7599657654807493e-05,5.3443886412912723e-04
5308,5.7584055433315019e-05,5.3448533122441824e-04
5309,5.7568458576852688e-05,5.3453178582398833e-04
5310,5.7552867082869555e-05,5.3457822793146826e-04
5311,5.7537280948806667e-05,5.3462465755056861e-04
5312,5.7521700172099648e-05,5.3467107468481228e-04
5313,5.7506124750164444e-05,5.3471747933791006e-04
5314,5.7490554680456629e-05,5.3476387151340685e-04
5315,5.7474989960421749e-05,5.3481025121508013e-04
5316,5.7459430587515391e-05,5.3485661844652414e-04
5317,5.7443876559174860e-05,5.3490297321125407e-04
5318,5.7428327872829642e-05,5.3494931551303373e-04
5319,5.7412784525938549e-05,5.3499564535531890e-04
5320,5.7397246515957922e-05,5.3504196274193542e-04
5321,5.7381713840358425e-05,5.3508826767638428e-04
5322,5.7366186496589465e-05,5.3513456016233594e-04
5323,5.7350664482041979e-05,5.3518084020344242e-04
5324,5.7335147794301488e-05,5.3522710780321220e-04
5325,5.7319636430695726e-05,5.3527336296540010e-04
5326,5.7304130388762489e-05,5.3531960569345907e-04
5327,5.7288629665985135e-05,5.3536583599119109e-04
5328,5.7273134259759552e-05,5.3541205386213164e-04
5329,5.7257644167593071e-05,5.3545825930986671e-04
5330,5.7242159386974707e-05,5.3550445233813018e-04
5331,5.7226679915333491e-05,5.3555063295035205e-04
5332,5.7211205750170270e-05,5.3559680115027270e-04
5333,5.7195736888962566e-05,5.3564295694146663e-04
5334,5.7180273329140725e-05,5.3568910032752352e-04
5335,5.7164815068258306e-05,5.3573523131213684e-04
5336,5.7149362103727961e-05,5.3578134989877677e-04
5337,5.7133914433057422e-05,5.3582745609124550e-04
5338,5.7118472053773584e-05,5.3587354989286613e-04
5339,5.7103034963290427e-05,5.3591963130751087e-04
5340,5.7087603159124355e-05,5.3596570033872864e-04
5341,5.7072176638770937e-05,5.3601175698995583e-04
5342,5.7056755399712262e-05,5.3605780126502530e-04
5343,5.7041339439455688e-05,5.3610383316729873e-04
5344,5.7025928755490901e-05,5.3614985270057658e-04
5345,5.7010523345294481e-05,5.3619585986833902e-04
5346,5.6995123206369307e-05,5.3624185467419569e-04
5347,5.6979728336244591e-05,5.3628783712178984e-04
5348,5.6964338732383856e-05,5.3633380721467786e-04
5349,5.6948954392322257e-05,5.3637976495655255e-04
5350,5.6933575313522250e-05,5.3642571035079543e-04
5351,5.6918201493560565e-05,5.3647164340114178e-04
5352,5.6902832929865337e-05,5.3651756411119561e-04
5353,5.6887469620019263e-05,5.3656347248442159e-04
5354,5.6872111561454960e-05,5.3660936852464045e-04
5355,5.6856758751779497e-05,5.3665525223519121e-04
5356,5.6841411188425126e-05,5.3670112361974128e-04
5357,5.6826068868968418e-05,5.3674698268192124e-04
5358,5.6810731790874608e-05,5.3679282942526699e-04
5359,5.6795399951718419e-05,5.3683866385340745e-04
5360,5.6780073348975448e-05,5.3688448596979539e-04
5361,5.6764751980219549e-05,5.3693029577814820e-04
5362,5.6749435842932927e-05,5.3697609328204538e-04
5363,5.6734124934655797e-05,5.3702187848499020e-04
5364,5.6718819252925700e-05,5.3706765139062017e-04
5365,5.6703518795258898e-05,5.3711341200233923e-04
5366,5.6688223559212256e-05,5.3715916032387391e-04
5367,5.6672933542294279e-05,5.3720489635884501e-04
5368,5.6657648742054424e-05,5.3725062011078268e-04
5369,5.6642369156046502e-05,5.3729633158315453e-04
5370,5.6627094781761600e-05,5.3734203077966994e-04
5371,5.6611825616789803e-05,5.3738771770380606e-04
5372,5.6596561658671210e-05,5.3743339235904481e-04
5373,5.6581302904904690e-05,5.3747905474909555e-04
5374,5.6566049353080494e-05,5.3752470487753974e-04
5375,5.6550801000736882e-05,5.3757034274785442e-04
5376,5.6535557845435704e-05,5.3761596836363089e-04
5377,5.6520319884687763e-05,5.3766158172839965e-04
5378,5.6505087116080329e-05,5.3770718284575569e-04
5379,5.6489859537163600e-05,5.3775277171926690e-04
5380,5.6474637145498154e-05,5.3779834835237378e-04
5381,5.6459419938636310e-05,5.3784391274885749e-04
5382,5.6444207914123422e-05,5.3788946491208696e-04
5383,5.6429001069561938e-05,5.3793500484576400e-04
5384,5.6413799402461182e-05,5.3798053255322729e-04
5385,5.6398602910437603e-05,5.3802604803823012e-04
5386,5.6383411591003093e-05,5.3807155130417613e-04
5387,5.6368225441789504e-05,5.3811704235470358e-04
5388,5.6353044460325721e-05,5.3816252119322184e-04
5389,5.6337868644195194e-05,5.3820798782352412e-04
5390,5.6322697990956253e-05,5.3825344224898519e-04
5391,5.6307532498224363e-05,5.3829888447324507e-04
5392,5.6292372163517969e-05,5.3834431449967658e-04
5393,5.6277216984485728e-05,5.3838973233201037e-04
5394,5.6262066958651417e-05,5.3843513797365787e-04
5395,5.6246922083621598e-05,5.3848053142825647e-04
5396,5.6231782356956994e-05,5.3852591269931097e-04
5397,5.6216647776282103e-05,5.3857128179034622e-04
5398,5.6201518339147550e-05,5.3861663870483360e-04
5399,5.6186394043186969e-05,5.3866198344640077e-04
5400,5.6171274885911222e-05,5.3870731601862189e-04
5401,5.6156160865008308e-05,5.3875263642483707e-04
5402,5.6141051977991671e-05,5.3879794466876903e-04
5403,5.6125948222512847e-05,5.3884324075385522e-04
5404,5.6110849596142370e-05,5.3888852468361346e-04
5405,5.6095756096492739e-05,5.3893379646172850e-04
5406,5.6080667721141052e-05,5.3897905609151477e-04
5407,5.6065584467709100e-05,5.3902430357663164e-04
5408,5.6050506333792819e-05,5.3906953892060528e-04
5409,5.6035433317005658e-05,5.3911476212679357e-04
5410,5.6020365414929180e-05,5.3915997319892086e-04
5411,5.6005302625235421e-05,5.3920517214041039e-04
5412,5.5990244945444215e-05,5.3925035895478150e-04
5413,5.5975192373257012e-05,5.3929553364559068e-04
5414,5.5960144906209705e-05,5.3934069621634892e-04
5415,5.5945102541977351e-05,5.3938584667060350e-04
5416,5.5930065278136752e-05,5.3943098501177292e-04
5417,5.5915033112340400e-05,5.3947611124344642e-04
5418,5.5900006042152303e-05,5.3952122536911503e-04
5419,5.5884984065266044e-05,5.3956632739232669e-04
5420,5.5869967179267803e-05,5.3961141731654000e-04
5421,5.5854955381780521e-05,5.3965649514532655e-04
5422,5.5839948670440400e-05,5.3970156088206233e-04
5423,5.5824947042868260e-05,5.3974661453043513e-04
5424,5.5809950496701312e-05,5.3979165609375872e-04
5425,5.5794959029550179e-05,5.3983668557570008e-04
5426,5.5779972639102305e-05,5.3988170297969418e-04
5427,5.5764991322920958e-05,5.3992670830932399e-04
5428,5.5750015078699079e-05,5.3997170156791193e-04
5429,5.5735043904022671e-05,5.4001668275912857e-04
5430,5.5720077796613297e-05,5.4006165188649042e-04
5431,5.5705116754038555e-05,5.4010660895337150e-04
5432,5.5690160773935266e-05,5.4015155396326643e-04
5433,5.5675209854011696e-05,5.4019648691971131e-04
5434,5.5660263991858375e-05,5.4024140782619177e-04
5435,5.5645323185156825e-05,5.4028631668644959e-04
5436,5.5630387431535802e-05,5.4033121350354342e-04
5437,5.5615456728638154e-05,5.4037609828127468e-04
5438,5.5600531074164635e-05,5.4042097102296842e-04
5439,5.5585610465715410e-05,5.4046583173217224e-04
5440,5.5570694900982187e-05,5.4051068041241664e-04
5441,5.5555784377594112e-05,5.4055551706714850e-04
5442,5.5540878893236123e-05,5.4060034169989908e-04
5443,5.5525978445551653e-05,5.4064515431408774e-04
5444,5.5511083032209246e-05,5.4068995491315366e-04
5445,5.5496192650852748e-05,5.4073474350075897e-04
5446,5.5481307299207625e-05,5.4077952008020516e-04
5447,5.5466426974852698e-05,5.4082428465514274e-04
5448,5.5451551675549998e-05,5.4086903722886455e-04
5449,5.5436681398884138e-05,5.4091377780491571e-04
5450,5.5421816142603122e-05,5.4095850638690758e-04
5451,5.5406955904315675e-05,5.4100322297822104e-04
5452,5.5392100681745480e-05,5.4104792758219000e-04
5453,5.5377250472517552e-05,5.4109262020251333e-04
5454,5.5362405274365367e-05,5.4113730084250544e-04
5455,5.5347565084907778e-05,5.4118196950560130e-04
5456,5.5332729901927945e-05,5.4122662619555007e-04
5457,5.5317899722996666e-05,5.4127127091561250e-04
5458,5.5303074545846366e-05,5.4131590366918397e-04
5459,5.5288254368176740e-05,5.4136052445989723e-04
5460,5.5273439187646907e-05,5.4140513329114517e-04
5461,5.5258629001962527e-05,5.4144973016641035e-04
5462,5.5243823808808692e-05,5.4149431508918847e-04
5463,5.5229023605871499e-05,5.4153888806279425e-04
5464,5.5214228390873166e-05,5.4158344909086475e-04
5465,5.5199438161482070e-05,5.4162799817688157e-04
5466,5.5184652915401946e-05,5.4167253532396678e-04
5467,5.5169872650319837e-05,5.4171706053594230e-04
5468,5.5155097363957116e-05,5.4176157381623854e-04
5469,5.5140327054014964e-05,5.4180607516819950e-04
5470,5.5125561718157216e-05,5.4185056459522297e-04
5471,5.5110801354151018e-05,5.4189504210088411e-04
5472,5.5096045959655775e-05,5.4193950768861138e-04
5473,5.5081295532406940e-05,5.4198396136176602e-04
5474,5.5066550070074611e-05,5.4202840312393274e-04
5475,5.5051809570432751e-05,5.4207283297853261e-04
5476,5.5037074031122732e-05,5.4211725092896614e-04
5477,5.5022343449918092e-05,5.4216165697860356e-04
5478,5.5007617824474649e-05,5.4220605113107967e-04
5479,5.4992897152586845e-05,5.4225043338966268e-04
5480,5.4978181431919396e-05,5.4229480375799269e-04
5481,5.4963470660183972e-05,5.4233916223933630e-04
5482,5.4948764835130250e-05,5.4238350883705714e-04
5483,5.4934063954487247e-05,5.4242784355497441e-04
5484,5.4919368015955350e-05,5.4247216639621452e-04
5485,5.4904677017280739e-05,5.4251647736418794e-04
5486,5.4889990956154132e-05,5.4256077646252913e-04
5487,5.4875309830377180e-05,5.4260506369443421e-04
5488,5.4860633637596880e-05,5.4264933906363587e-04
5489,5.4845962375613778e-05,5.4269360257338129e-04
5490,5.4831296042114316e-05,5.4273785422713939e-04
5491,5.4816634634881653e-05,5.4278209402828376e-04
5492,5.4801978151593149e-05,5.4282632198045244e-04
5493,5.4787326590032398e-05,5.4287053808676697e-04
5494,5.4772679947936609e-05,5.4291474235078341e-04
5495,5.4758038223027086e-05,5.4295893477609709e-04
5496,5.4743401413054076e-05,5.4300311536591508e-04
5497,5.4728769515772624e-05,5.4304728412366606e-04
5498,5.4714142528913569e-05,5.4309144105307524e-04
5499,5.4699520450247446e-05,5.4313558615710033e-04
5500,5.4684903277473083e-05,5.4317971943955521e-04
5501,5.4670291008412202e-05,5.4322384090359362e-04
5502,5.4655683640783602e-05,5.4326795055280200e-04
5503,5.4641081172304068e-05,5.4331204839062550e-04
5504,5.4626483600788194e-05,5.4335613442027487e-04
5505,5.4611890923977363e-05,5.4340020864536334e-04
5506,5.4597303139595131e-05,5.4344427106919706e-04
5507,5.4582720245451279e-05,5.4348832169532789e-04
5508,5.4568142239260826e-05,5.4353236052695920e-04
5509,5.4553569118823565e-05,5.4357638756759741e-04
5510,5.4539000881880527e-05,5.4362040282079427e-04
5511,5.4524437526212521e-05,5.4366440628973354e-04
5512,5.4509879049578553e-05,5.4370839797795512e-04
5513,5.4495325449734808e-05,5.4375237788877842e-04
5514,5.4480776724486155e-05,5.4379634602576775e-04
5515,5.4466232871553011e-05,5.4384030239218169e-04
5516,5.4451693888765305e-05,5.4388424699148273e-04
5517,5.4437159773877438e-05,5.4392817982700902e-04
5518,5.4422630524639832e-05,5.4397210090237087e-04
5519,5.4408106138871670e-05,5.4401601022068999e-04
5520,5.4393586614300679e-05,5.4405990778552725e-04
5521,5.4379071948748509e-05,5.4410379360011975e-04
5522,5.4364562140011708e-05,5.4414766766812644e-04
5523,5.4350057185811092e-05,5.4419152999280373e-04
5524,5.4335557083998683e-05,5.4423538057755440e-04
5525,5.4321061832298725e-05,5.4427921942565359e-04
5526,5.4306571428545430e-05,5.4432304654081622e-04
5527,5.4292085870529723e-05,5.4436686192610114e-04
5528,5.4277605155994355e-05,5.4441066558503777e-04
5529,5.4263129282812563e-05,5.4445445752093519e-04
5530,5.4248658248678539e-05,5.4449823773737387e-04
5531,5.4234192051474004e-05,5.4454200623768069e-04
5532,5.4219730688945172e-05,5.4458576302500103e-04
5533,5.4205274158932610e-05,5.4462950810287730e-04
5534,5.4190822459180108e-05,5.4467324147490222e-04
5535,5.4176375587518088e-05,5.4471696314428969e-04
5536,5.4161933541766072e-05,5.4476067311427377e-04
5537,5.4147496319690352e-05,5.4480437138847561e-04
5538,5.4133063919159623e-05,5.4484805797010160e-04
5539,5.4118636337909021e-05,5.4489173286252916e-04
5540,5.4104213573775875e-05,5.4493539606935762e-04
5541,5.4089795624564682e-05,5.4497904759374135e-04
5542,5.4075382488113386e-05,5.4502268743919491e-04
5543,5.4060974162221587e-05,5.4506631560887603e-04
5544,5.4046570644679998e-05,5.4510993210648249e-04
5545,5.4032171933305945e-05,5.4515353693510157e-04
5546,5.4017778025972012e-05,5.4519713009821441e-04
5547,5.4003388920429253e-05,5.4524071159927647e-04
5548,5.3989004614544770e-05,5.4528428144144658e-04
5549,5.3974625106102239e-05,5.4532783962842838e-04
5550,5.3960250392957662e-05,5.4537138616326099e-04
5551,5.3945880472906504e-05,5.4541492104941928e-04
5552,5.3931515343788601e-05,5.4545844429030796e-04
5553,5.3917155003446024e-05,5.4550195588923787e-04
5554,5.3902799449703438e-05,5.4554545584960495e-04
5555,5.3888448680370943e-05,5.4558894417482064e-04
5556,5.3874102693266650e-05,5.4563242086812583e-04
5557,5.3859761486280628e-05,5.4567588593294909e-04
5558,5.3845425057186074e-05,5.4571933937261276e-04
5559,5.3831093403874465e-05,5.4576278119061131e-04
5560,5.3816766524124760e-05,5.4580621139017102e-04
5561,5.3802444415840700e-05,5.4584962997462102e-04
5562,5.3788127076799273e-05,5.4589303694734578e-04
5563,5.3773814504892984e-05,5.4593643231178155e-04
5564,5.3759506697925796e-05,5.4597981607122203e-04
5565,5.3745203653768492e-05,5.4602318822895030e-04
5566,5.3730905370272915e-05,5.4606654878840079e-04
5567,5.3716611845228215e-05,5.4610989775302830e-04
5568,5.3702323076562948e-05,5.4615323512591067e-04
5569,5.3688039062082987e-05,5.4619656091061102e-04
5570,5.3673759799632010e-05,5.4623987511034314e-04
5571,5.3659485287086546e-05,5.4628317772847359e-04
5572,5.3645215522304334e-05,5.4632646876846976e-04
5573,5.3630950503096458e-05,5.4636974823362946e-04
5574,5.3616690227400005e-05,5.4641301612719869e-04
5575,5.3602434693002892e-05,5.4645627245258216e-04
5576,5.3588183897751664e-05,5.4649951721300440e-04
5577,5.3573937839614375e-05,5.4654275041199232e-04
5578,5.3559696516329435e-05,5.4658597205291118e-04
5579,5.3545459925847796e-05,5.4662918213883144e-04
5580,5.3531228065985855e-05,5.4667238067337119e-04
5581,5.3517000934639657e-05,5.4671556765966062e-04
5582,5.3502778529655582e-05,5.4675874310100700e-04
5583,5.3488560848893125e-05,5.4680190700092258e-04
5584,5.3474347890299721e-05,5.4684505936276689e-04
5585,5.3460139651631459e-05,5.4688820018965591e-04
5586,5.3445936130855567e-05,5.4693132948503589e-04
5587,5.3431737325819978e-05,5.4697444725224119e-04
5588,5.3417543234382479e-05,5.4701755349454177e-04
5589,5.3403353854420608e-05,5.4706064821533073e-04
5590,5.3389169183847141e-05,5.4710373141789843e-04
5591,5.3374989220530774e-05,5.4714680310557345e-04
5592,5.3360813962315007e-05,5.4718986328167348e-04
5593,5.3346643407159081e-05,5.4723291194951442e-04
5594,5.3332477552857532e-05,5.4727594911250837e-04
5595,5.3318316397396015e-05,5.4731897477375323e-04
5596,5.3304159938576024e-05,5.4736198893680344e-04
5597,5.3290008174319497e-05,5.4740499160487366e-04
5598,5.3275861102529404e-05,5.4744798278119188e-04
5599,5.3261718721067907e-05,5.4749096246924382e-04
5600,5.3247581027860123e-05,5.4753393067224099e-04
5601,5.3233448020792520e-05,5.4757688739348869e-04
5602,5.3219319697742841e-05,5.4761983263639956e-04
5603,5.3205196056632378e-05,5.4766276640418738e-04
5604,5.3191077095361859e-05,5.4770568870017361e-04
5605,5.3176962811793590e-05,5.4774859952763460e-04
5606,5.3162853203849575e-05,5.4779149889001507e-04
5607,5.3148748269458161e-05,5.4783438679041304e-04
5608,5.3134648006502126e-05,5.4787726323239378e-04
5609,5.3120552412867856e-05,5.4792012821902971e-04
5610,5.3106461486519384e-05,5.4796298175370040e-04
5611,5.3092375225282695e-05,5.4800582383978454e-04
5612,5.3078293627142947e-05,5.4804865448052976e-04
5613,5.3064216689966791e-05,5.4809147367913499e-04
5614,5.3050144411690758e-05,5.4813428143902631e-04
5615,5.3036076790202281e-05,5.4817707776349091e-04
5616,5.3022013823467065e-05,5.4821986265565705e-04
5617,5.3007955509341729e-05,5.4826263611921426e-04
5618,5.2993901845749493e-05,5.4830539815703383e-04
5619,5.2979852830658512e-05,5.4834814877265515e-04
5620,5.2965808461960970e-05,5.4839088796915703e-04
5621,5.2951768737580911e-05,5.4843361575007167e-04
5622,5.2937733655422348e-05,5.4847633211870059e-04
5623,5.2923703213425473e-05,5.4851903707809377e-04
5624,5.2909677409532850e-05,5.4856173063164463e-04
5625,5.2895656241668172e-05,5.4860441278267919e-04
5626,5.2881639707711544e-05,5.4864708353444605e-04
5627,5.2867627805649983e-05,5.4868974289038852e-04
5628,5.2853620533390978e-05,5.4873239085353098e-04
5629,5.2839617888880659e-05,5.4877502742733313e-04
5630,5.2825619870025260e-05,5.4881765261495248e-04
5631,5.2811626474797954e-05,5.4886026641983061e-04
5632,5.2797637701101732e-05,5.4890286884514393e-04
5633,5.2783653546852025e-05,5.4894545989405069e-04
5634,5.2769674010080091e-05,5.4898803957020717e-04
5635,5.2755699088653197e-05,5.4903060787652531e-04
5636,5.2741728780525662e-05,5.4907316481636842e-04
5637,5.2727763083663469e-05,5.4911571039293477e-04
5638,5.2713801995961017e-05,5.4915824460986871e-04
5639,5.2699845515403383e-05,5.4920076747006570e-04
5640,5.2685893639923523e-05,5.4924327897682465e-04
5641,5.2671946367516346e-05,5.4928577913360415e-04
5642,5.2658003696074625e-05,5.4932826794354558e-04
5643,5.2644065623541106e-05,5.4937074540993363e-04
5644,5.2630132147898922e-05,5.4941321153604292e-04
5645,5.2616203267143547e-05,5.4945566632529422e-04
5646,5.2602278979143066e-05,5.4949810978055622e-04
5647,5.2588359281883512e-05,5.4954054190551910e-04
5648,5.2574444173377103e-05,5.4958296270325290e-04
5649,5.2560533651509516e-05,5.4962537217686852e-04
5650,5.2546627714272442e-05,5.4966777032999618e-04
5651,5.2532726359645877e-05,5.4971015716555696e-04
5652,5.2518829585561631e-05,5.4975253268701215e-04
5653,5.2504937389996067e-05,5.4979489689758923e-04
5654,5.2491049770899624e-05,5.4983724980037761e-04
5655,5.2477166726280113e-05,5.4987959139895300e-04
5656,5.2463288254068885e-05,5.4992192169620860e-04
5657,5.2449414352262793e-05,5.4996424069565005e-04
5658,5.2435545018790965e-05,5.5000654840045007e-04
5659,5.2421680251648473e-05,5.5004884481384673e-04
5660,5.2407820048832389e-05,5.5009112993918599e-04
5661,5.2393964408308548e-05,5.5013340377950122e-04
5662,5.2380113327996106e-05,5.5017566633823738e-04
5663,5.2366266805942668e-05,5.5021791761855111e-04
5664,5.2352424840108998e-05,5.5026015762381396e-04
5665,5.2338587428464127e-05,5.5030238635714942e-04
5666,5.2324754568988052e-05,5.5034460382178232e-04
5667,5.2310926259665186e-05,5.5038681002103911e-04
5668,5.2297102498477456e-05,5.5042900495806777e-04
5669,5.2283283283425262e-05,5.5047118863620938e-04
5670,5.2269468612498114e-05,5.5051336105867447e-04
5671,5.2255658483630910e-05,5.5055552222873930e-04
5672,5.2241852894892925e-05,5.5059767214951920e-04
5673,5.2228051844219336e-05,5.5063981082438659e-04
5674,5.2214255329589291e-05,5.5068193825648642e-04
5675,5.2200463349046382e-05,5.5072405444913384e-04
5676,5.2186675900551760e-05,5.5076615940538034e-04
5677,5.2172892982117363e-05,5.5080825312869776e-04
5678,5.2159114591739987e-05,5.5085033562223354e-04
5679,5.2145340727360385e-05,5.5089240688917045e-04
5680,5.2131571387089200e-05,5.5093446693274648e-04
5681,5.2117806568826691e-05,5.5097651575625466e-04
5682,5.2104046270624262e-05,5.5101855336281197e-04
5683,5.2090290490464051e-05,5.5106057975576122e-04
5684,5.2076539226374450e-05,5.5110259493832520e-04
5685,5.2062792476328169e-05,5.5114459891356213e-04
5686,5.2049050238365127e-05,5.5118659168480505e-04
5687,5.2035312510442545e-05,5.5122857325553957e-04
5688,5.2021579290638620e-05,5.5127054362844161e-04
5689,5.2007850576927324e-05,5.5131250280717348e-04
5690,5.1994126367314200e-05,5.5135445079484622e-04
5691,5.1980406659826358e-05,5.5139638759450608e-04
5692,5.1966691452469863e-05,5.5143831320958957e-04
5693,5.1952980743258395e-05,5.5148022764322125e-04
5694,5.1939274530222000e-05,5.5152213089864851e-04
5695,5.1925572811391237e-05,5.5156402297897142e-04
5696,5.1911875584719134e-05,5.5160590388760099e-04
5697,5.1898182848323020e-05,5.5164777362757688e-04
5698,5.1884494600135499e-05,5.5168963220227291e-04
5699,5.1870810838212189e-05,5.5173147961466338e-04
5700,5.1857131560628279e-05,5.5177331586815572e-04
5701,5.1843456765329246e-05,5.5181514096587991e-04
5702,5.1829786450386417e-05,5.5185695491104237e-04
5703,5.1816120613835847e-05,5.5189875770694590e-04
5704,5.1802459253659587e-05,5.5194054935675421e-04
5705,5.1788802367933894e-05,5.5198232986355727e-04
5706,5.1775149954702211e-05,5.5202409923065454e-04
5707,5.1761502011934031e-05,5.5206585746127323e-04
5708,5.1747858537724655e-05,5.5210760455851916e-04
5709,5.1734219530074467e-05,5.5214934052574772e-04
5710,5.1720584987025400e-05,5.5219106536592301e-04
5711,5.1706954906632238e-05,5.5223277908245886e-04
5712,5.1693329286939581e-05,5.5227448167844057e-04
5713,5.1679708125949552e-05,5.5231617315711849e-04
5714,5.1666091421749094e-05,5.5235785352159927e-04
5715,5.1652479172339996e-05,5.5239952277522238e-04
5716,5.1638871375784539e-05,5.5244118092103692e-04
5717,5.1625268030167683e-05,5.5248282796231218e-04
5718,5.1611669133436123e-05,5.5252446390232442e-04
5719,5.1598074683742341e-05,5.5256608874403230e-04
5720,5.1584484679095692e-05,5.5260770249086668e-04
5721,5.1570899117540616e-05,5.5264930514583774e-04
5722,5.1557317997119727e-05,5.5269089671221110e-04
5723,5.1543741315902352e-05,5.5273247719322721e-04
5724,5.1530169071956721e-05,5.5277404659192695e-04
5725,5.1516601263293764e-05,5.5281560491157332e-04
5726,5.1503037888030114e-05,5.5285715215538770e-04
5727,5.1489478944155394e-05,5.5289868832650811e-04
5728,5.1475924429783344e-05,5.5294021342809630e-04
5729,5.1462374342982125e-05,5.5298172746342101e-04
5730,5.1448828681712700e-05,5.5302323043552692e-04
5731,5.1435287444173090e-05,5.5306472234772160e-04
5732,5.1421750628358381e-05,5.5310620320308005e-04
5733,5.1408218232322567e-05,5.5314767300484980e-04
5734,5.1394690254163034e-05,5.5318913175610889e-04
5735,5.1381166691899821e-05,5.5323057946020187e-04
5736,5.1367647543689864e-05,5.5327201612014986e-04
5737,5.1354132807517882e-05,5.5331344173916829e-04
5738,5.1340622481474352e-05,5.5335485632042325e-04
5739,5.1327116563675465e-05,5.5339625986700709e-04
5740,5.1313615052156932e-05,5.5343765238240823e-04
5741,5.1300117944976106e-05,5.5347903386938229e-04
5742,5.1286625240255820e-05,5.5352040433133897e-04
5743,5.1273136936052065e-05,5.5356176377138560e-04
5744,5.1259653030420678e-05,5.5360311219266743e-04
5745,5.1246173521465260e-05,5.5364444959841487e-04
5746,5.1232698407283707e-05,5.5368577599164881e-04
5747,5.1219227685924922e-05,5.5372709137563878e-04
5748,5.1205761355490008e-05,5.5376839575350196e-04
5749,5.1192299414044353e-05,5.5380968912854562e-04
5750,5.1178841859692516e-05,5.5385097150372018e-04
5751,5.1165388690514429e-05,5.5389224288227782e-04
5752,5.1151939904618320e-05,5.5393350326736230e-04
5753,5.1138495500076188e-05,5.5397475266217070e-04
5754,5.1125055474929666e-05,5.5401599106976503e-04
5755,5.1111619827365526e-05,5.5405721849336462e-04
5756,5.1098188555425591e-05,5.5409843493617653e-04
5757,5.1084761657190193e-05,5.5413964040120693e-04
5758,5.1071339130794491e-05,5.5418083489178899e-04
5759,5.1057920974291508e-05,5.5422201841087064e-04
5760,5.1044507185802174e-05,5.5426319096171816e-04
5761,5.1031097763401974e-05,5.5430435254746370e-04
5762,5.1017692705251317e-05,5.5434550317133428e-04
5763,5.1004292009394016e-05,5.5438664283626472e-04
5764,5.0990895673936506e-05,5.5442777154564088e-04
5765,5.0977503697009019e-05,5.5446888930249418e-04
5766,5.0964116076690979e-05,5.5450999610988968e-04
5767,5.0950732811123583e-05,5.5455109197105590e-04
5768,5.0937353898363004e-05,5.5459217688914983e-04
5769,5.0923979336561804e-05,5.5463325086731272e-04
5770,5.0910609123806535e-05,5.5467431390857080e-04
5771,5.0897243258198508e-05,5.5471536601617191e-04
5772,5.0883881737879400e-05,5.5475640719328831e-04
5773,5.0870524560941666e-05,5.5479743744298905e-04
5774,5.0857171725511582e-05,5.5483845676833452e-04
5775,5.0843823229679745e-05,5.5487946517261298e-04
5776,5.0830479071597882e-05,5.5492046265886617e-04
5777,5.0817139249337015e-05,5.5496144923020488e-04
5778,5.0803803761092854e-05,5.5500242488991272e-04
5779,5.0790472604893513e-05,5.5504338964082228e-04
5780,5.0777145778914207e-05,5.5508434348638177e-04
5781,5.0763823281250127e-05,5.5512528642951569e-04
5782,5.0750505110072028e-05,5.5516621847337248e-04
5783,5.0737191263456535e-05,5.5520713962123314e-04
5784,5.0723881739536686e-05,5.5524804987606969e-04
5785,5.0710576536453257e-05,5.5528894924106815e-04
5786,5.0697275652346827e-05,5.5532983771933414e-04
5787,5.0683979085313864e-05,5.5537071531383119e-04
5788,5.0670686833477233e-05,5.5541158202789963e-04
5789,5.0657398895027645e-05,5.5545243786470804e-04
5790,5.0644115268035004e-05,5.5549328282717900e-04
5791,5.0630835950678269e-05,5.5553411691855253e-04
5792,5.0617560941062100e-05,5.5557494014187990e-04
5793,5.0604290237345109e-05,5.5561575250026986e-04
5794,5.0591023837614388e-05,5.5565655399688360e-04
5795,5.0577761740086102e-05,5.5569734463483777e-04
5796,5.0564503942844342e-05,5.5573812441712857e-04
5797,5.0551250444051054e-05,5.5577889334707030e-04
5798,5.0538001241837846e-05,5.5581965142776258e-04
5799,5.0524756334360327e-05,5.5586039866200362e-04
5800,5.0511515719736011e-05,5.5590113505324824e-04
5801,5.0498279396161314e-05,5.5594186060448092e-04
5802,5.0485047361721121e-05,5.5598257531871357e-04
5803,5.0471819614601427e-05,5.5602327919925454e-04
5804,5.0458596152940534e-05,5.5606397224897488e-04
5805,5.0445376974893727e-05,5.5610465447121743e-04
5806,5.0432162078602812e-05,5.5614532586889531e-04
5807,5.0418951462206342e-05,5.5618598644519045e-04
5808,5.0405745123904814e-05,5.5622663620323381e-04
5809,5.0392543061824007e-05,5.5626727514603751e-04
5810,5.0379345274097792e-05,5.5630790327676136e-04
5811,5.0366151758904453e-05,5.5634852059854856e-04
5812,5.0352962514431291e-05,5.5638912711438295e-04
5813,5.0339777538769047e-05,5.5642972282738605e-04
5814,5.0326596830124953e-05,5.5647030774073512e-04
5815,5.0313420386670174e-05,5.5651088185745422e-04
5816,5.0300248206532492e-05,5.5655144518057119e-04
5817,5.0287080287903626e-05,5.5659199771340814e-04
5818,5.0273916628922489e-05,5.5663253945885708e-04
5819,5.0260757227758080e-05,5.5667307042004809e-04
5820,5.0247602082577400e-05,5.5671359060009749e-04
5821,5.0234451191573510e-05,5.5675410000212498e-04
5822,5.0221304552919720e-05,5.5679459862906732e-04
5823,5.0208162164742407e-05,5.5683508648415143e-04
5824,5.0195024025228201e-05,5.5687556357038174e-04
5825,5.0181890132588047e-05,5.5691602989101595e-04
5826,5.0168760484925079e-05,5.5695648544892341e-04
5827,5.0155635080482056e-05,5.5699693024732549e-04
5828,5.0142513917391311e-05,5.5703736428917318e-04
5829,5.0129396993855243e-05,5.5707778757767810e-04
5830,5.0116284308040529e-05,5.5711820011583569e-04
5831,5.0103175858125945e-05,5.5715860190673938e-04
5832,5.0090071642274751e-05,5.5719899295352774e-04
5833,5.0076971658702818e-05,5.5723937325917331e-04
5834,5.0063875905561174e-05,5.5727974282678851e-04
5835,5.0050784381077692e-05,5.5732010165951255e-04
5836,5.0037697083370819e-05,5.5736044976037891e-04
5837,5.0024614010666361e-05,5.5740078713245134e-04
5838,5.0011535161184918e-05,5.5744111377874976e-04
5839,4.9998460533016736e-05,5.5748142970243376e-04
