step,residual,mass
1,1.0000000000000000e+00,-2.4808347560082174e-08
2,4.6782160795419497e-01,-1.8452911014883359e-07
3,2.6648639990236650e-01,-2.0486466355601903e-07
4,1.6548321727183277e-01,-1.3344459154850125e-07
5,1.1263205217786310e-01,-5.1422665542447462e-08
6,8.4282576491461980e-02,7.4589056635419274e-09
7,6.8408019197561343e-02,3.9497930376363246e-08
8,5.8685065318236682e-02,5.2146707591352670e-08
9,5.1959404124624950e-02,5.3884329463079341e-08
10,4.6766652205590765e-02,5.0771409940563126e-08
11,4.2468780944169136e-02,4.6181967769157640e-08
12,3.8792480967147748e-02,4.1599907302312824e-08
13,3.5608242062599722e-02,3.7477268658056149e-08
14,3.2837222227380544e-02,3.3828988611144404e-08
15,3.0417977713152623e-02,3.0552071115009784e-08
16,2.8297322532801129e-02,2.7556356381100395e-08
17,2.6428944001580083e-02,2.4795300170379381e-08
18,2.4773471918589345e-02,2.2256520148982175e-08
19,2.3298205970040398e-02,1.9943636959233409e-08
20,2.1976357161288654e-02,1.7862048704465748e-08
21,2.0786065501247696e-02,1.6011341600337821e-08
22,1.9709430474792875e-02,1.4383037997506569e-08
23,1.8731677026336782e-02,1.2961497053004381e-08
24,1.7840490379560078e-02,1.1726160272726214e-08
25,1.7025505703819593e-02,1.0654003807634407e-08
26,1.6277921976935381e-02,9.7216275208457634e-09
27,1.5590208939411272e-02,8.9067827534122385e-09
28,1.4955881784509002e-02,8.1893427138926041e-09
29,1.4369324936824480e-02,7.5518072196485076e-09
30,1.3825651864318802e-02,6.9794585401466830e-09
31,1.3320591914630716e-02,6.4602776889453015e-09
32,1.2850397893081834e-02,5.9847124195520496e-09
33,1.2411769886575540e-02,5.5453662210796775e-09
34,1.2001792014329805e-02,5.1366585406976520e-09
35,1.1617879584312315e-02,4.7544900959730083e-09
36,1.1257734698080188e-02,4.3959340603635984e-09
37,1.0919308761572766e-02,4.0589646929059449e-09
38,1.0600770674279770e-02,3.7422280725123528e-09
39,1.0300479713057930e-02,3.4448551055425908e-09
40,1.0016962317889897e-02,3.1663139543435432e-09
41,9.7488921374893258e-03,2.9062978498821937e-09
42,9.4950728119115972e-03,2.6646431511277720e-09
43,9.2544230641477369e-03,2.4412728824198265e-09
44,9.0259637483895393e-03,2.2361608076795048e-09
45,8.8088065634259177e-03,2.0493119952286928e-09
46,8.6021441886733607e-03,1.8807560504207591e-09
47,8.4052416401531830e-03,1.7305499591760466e-09
48,8.2174286762183753e-03,1.5987880469022072e-09
49,8.0380931095055206e-03,1.4856168468045838e-09
50,7.8666749035851309e-03,1.3912533454300785e-09
51,7.7026609510225793e-03,1.3160051881567121e-09
52,7.5455804447507012e-03,1.2602920121709362e-09
53,7.3950007673552259e-03,1.2246669824343002e-09
54,7.2505238335422752e-03,1.2098380576673954e-09
55,7.1117828300470568e-03,1.2166885123080902e-09
56,6.9784393048487594e-03,1.2462965968334770e-09
57,6.8501805640148019e-03,1.2999537445787546e-09
58,6.7267173399965631e-03,1.3791816280762670e-09
59,6.6077816998962027e-03,1.4857477080891103e-09
60,6.4931251662528038e-03,1.6216792441336933e-09
61,6.3825170263516378e-03,1.7892758564876408e-09
62,6.2757428090453749e-03,1.9911205039234808e-09
63,6.1726029106455790e-03,2.2300890852308782e-09
64,6.0729113536760661e-03,2.5093583223750829e-09
65,5.9764946642107269e-03,2.8324125234102008e-09
66,5.8831908552020931e-03,3.2030486460217042e-09
67,5.7928485046715517e-03,3.6253801786177147e-09
68,5.7053259189140644e-03,4.1038396367682660e-09
69,5.6204903719864032e-03,4.6431798056236519e-09
70,5.5382174137330762e-03,5.2484737677995799e-09
71,5.4583902394621468e-03,5.9251138688471341e-09
72,5.3808991151424517e-03,6.6788094173067213e-09
73,5.3056408526601408e-03,7.5155834806562181e-09
74,5.2325183302602257e-03,8.4417686912805927e-09
75,5.1614400538194955e-03,9.4640020280824710e-09
76,5.0923197550557259e-03,1.0589218906801878e-08
77,5.0250760231854968e-03,1.1824646272138889e-08
78,4.9596319669044427e-03,1.3177795163781271e-08
79,4.8959149038835578e-03,1.4656452472585035e-08
80,4.8338560752600023e-03,1.6268672038147554e-08
81,4.7733903828560019e-03,1.8022765340890633e-08
82,4.7144561470832038e-03,1.9927291588257494e-08
83,4.6569948836935968e-03,2.1991047362010225e-08
84,4.6009510977164702e-03,2.4223055882422866e-08
85,4.5462720930832005e-03,2.6632555958014514e-08
86,4.4929077965851156e-03,2.9228990665041195e-08
87,4.4408105949381100e-03,3.2021995670918355e-08
88,4.3899351838451537e-03,3.5021387565605457e-08
89,4.3402384280497811e-03,3.8237151909997021e-08
90,4.2916792314684404e-03,4.1679431150867560e-08
91,4.2442184165723557e-03,4.5358512661228613e-08
92,4.1978186122663633e-03,4.9284816578526430e-08
93,4.1524441495791493e-03,5.3468883729384551e-08
94,4.1080609645409247e-03,5.7921363673822068e-08
95,4.0646365076808461e-03,6.2653002572333154e-08
96,4.0221396596251532e-03,6.7674631649846311e-08
97,3.9805406523230284e-03,7.2997155199040614e-08
98,3.9398109954685411e-03,7.8631539260501496e-08
99,3.8999234077228720e-03,8.4588800130593587e-08
100,3.8608517523755132e-03,9.0879993359351271e-08
101,3.8225709771138646e-03,9.7516202721557751e-08
102,3.7850570575971238e-03,1.0450852959828158e-07
103,3.7482869445565731e-03,1.1186808249524105e-07
104,3.7122385141670090e-03,1.1960596701877836e-07
105,3.6768905214545513e-03,1.2773327585939737e-07
106,3.6422225565249230e-03,1.3626107929559886e-07
107,3.6082150034142911e-03,1.4520041586145543e-07
108,3.5748490013796262e-03,1.5456228342186547e-07
109,3.5421064084602233e-03,1.6435763048164459e-07
110,3.5099697671556532e-03,1.7459734777643685e-07
111,3.4784222720762952e-03,1.8529226031193945e-07
112,3.4474477394346743e-03,1.9645311953391600e-07
113,3.4170305782553743e-03,2.0809059604130791e-07
114,3.3871557631902785e-03,2.2021527242412033e-07
115,3.3578088088348319e-03,2.3283763653150930e-07
116,3.3289757454484635e-03,2.4596807492499383e-07
117,3.3006430959892294e-03,2.5961686684920718e-07
118,3.2727978543797180e-03,2.7379417833841278e-07
119,3.2454274649271015e-03,2.8851005673219982e-07
120,3.2185198028251531e-03,3.0377442534986324e-07
121,3.1920631556722418e-03,3.1959707864887824e-07
122,3.1660462059428219e-03,3.3598767755001160e-07
123,3.1404580143552731e-03,3.5295574506546853e-07
124,3.1152880040820215e-03,3.7051066229987599e-07
125,3.0905259457523777e-03,3.8866166444814326e-07
126,3.0661619432009982e-03,4.0741783752096583e-07
127,3.0421864199191850e-03,4.2678811487744716e-07
128,3.0185901061677749e-03,4.4678127424390785e-07
129,2.9953640267142475e-03,4.6740593495911695e-07
130,2.9724994891583995e-03,4.8867055537971354e-07
131,2.9499880728136121e-03,5.1058343061103756e-07
132,2.9278216181127617e-03,5.3315269040460630e-07
133,2.9059922165096397e-03,5.5638629730652241e-07
134,2.8844922008489358e-03,5.8029204492759236e-07
135,2.8633141361791912e-03,6.0487755657802008e-07
136,2.8424508109850871e-03,6.3015028388682378e-07
137,2.8218952288161952e-03,6.5611750586680622e-07
138,2.8016406002920459e-03,6.8278632790521660e-07
139,2.7816803354626827e-03,7.1016368105724943e-07
140,2.7620080365071326e-03,7.3825632151177248e-07
141,2.7426174907518776e-03,7.6707083021230372e-07
142,2.7235026639929215e-03,7.9661361257863612e-07
143,2.7046576941062053e-03,8.2689089844768030e-07
144,2.6860768849315676e-03,8.5790874203287136e-07
145,2.6677547004171714e-03,8.8967302225045822e-07
146,2.6496857590103304e-03,9.2218944287123148e-07
147,2.6318648282841074e-03,9.5546353305095492e-07
148,2.6142868197865446e-03,9.8950064784140243e-07
149,2.5969467841033106e-03,1.0243059688465378e-06
150,2.5798399061221599e-03,1.0598845049487473e-06
151,2.5629615004902615e-03,1.0962410932662587e-06
152,2.5463070072553455e-03,1.1333803999839700e-06
153,2.5298719876814158e-03,1.1713069214617479e-06
154,2.5136521202314046e-03,1.2100249853964647e-06
155,2.4976431967090877e-03,1.2495387519336812e-06
156,2.4818411185520053e-03,1.2898522150347768e-06
157,2.4662418932699234e-03,1.3309692037443063e-06
158,2.4508416310209990e-03,1.3728933836989007e-06
159,2.4356365413199499e-03,1.4156282585658157e-06
160,2.4206229298723765e-03,1.4591771715269712e-06
161,2.4057971955293821e-03,1.5035433069469676e-06
162,2.3911558273573500e-03,1.5487296919882218e-06
163,2.3766954018177790e-03,1.5947391982600419e-06
164,2.3624125800522436e-03,1.6415745435968092e-06
165,2.3483041052682154e-03,1.6892382938036974e-06
166,2.3343668002211030e-03,1.7377328644349119e-06
167,2.3205975647884614e-03,1.7870605227356947e-06
168,2.3069933736327344e-03,1.8372233893253244e-06
169,2.2935512739483237e-03,1.8882234403104368e-06
170,2.2802683832897248e-03,1.9400625089956574e-06
171,2.2671418874775804e-03,1.9927422880004850e-06
172,2.2541690385786870e-03,2.0462643311189019e-06
173,2.2413471529576850e-03,2.1006300553435508e-06
174,2.2286736093972345e-03,2.1558407427548389e-06
175,2.2161458472834787e-03,2.2118975427436625e-06
176,2.2037613648549282e-03,2.2688014738051551e-06
177,2.1915177175114995e-03,2.3265534256751338e-06
178,2.1794125161816520e-03,2.3851541613644360e-06
179,2.1674434257453737e-03,2.4446043191468081e-06
180,2.1556081635105565e-03,2.5049044146276316e-06
181,2.1439044977408311e-03,2.5660548428467168e-06
182,2.1323302462328765e-03,2.6280558801482536e-06
183,2.1208832749410253e-03,2.6909076864105841e-06
184,2.1095614966478585e-03,2.7546103069658388e-06
185,2.0983628696783197e-03,2.8191636747254903e-06
186,2.0872853966562828e-03,2.8845676120614172e-06
187,2.0763271233016703e-03,2.9508218329780425e-06
188,2.0654861372666816e-03,3.0179259450499592e-06
189,2.0547605670095058e-03,3.0858794514298151e-06
190,2.0441485807043743e-03,3.1546817528731367e-06
191,2.0336483851864412e-03,3.2243321496913100e-06
192,2.0232582249301162e-03,3.2948298437337234e-06
193,2.0129763810597967e-03,3.3661739403561718e-06
194,2.0028011703917777e-03,3.4383634503428990e-06
195,1.9927309445061381e-03,3.5113972918529367e-06
196,1.9827640888473688e-03,3.5852742923713275e-06
197,1.9728990218533205e-03,3.6599931905392099e-06
198,1.9631341941103355e-03,3.7355526380925733e-06
199,1.9534680875350455e-03,3.8119512016788910e-06
200,1.9438992145805320e-03,3.8891873648494295e-06
201,1.9344261174669697e-03,3.9672595297029274e-06
202,1.9250473674354133e-03,4.0461660188281192e-06
203,1.9157615640238860e-03,4.1259050770466201e-06
204,1.9065673343654213e-03,4.2064748732467654e-06
205,1.8974633325066735e-03,4.2878735021134548e-06
206,1.8884482387470768e-03,4.3700989858280576e-06
207,1.8795207589970590e-03,4.4531492758148693e-06
208,1.8706796241555444e-03,4.5370222545789093e-06
209,1.8619235895052254e-03,4.6217157371668892e-06
210,1.8532514341257043e-03,4.7072274729232559e-06
211,1.8446619603235033e-03,4.7935551472458142e-06
212,1.8361539930783644e-03,4.8806963829862474e-06
213,1.8277263795055368e-03,4.9686487422149526e-06
214,1.8193779883334603e-03,5.0574097277764339e-06
215,1.8111077093961015e-03,5.1469767847713790e-06
216,1.8029144531396396e-03,5.2373473022230988e-06
217,1.7947971501431331e-03,5.3285186144407331e-06
218,1.7867547506526060e-03,5.4204880026092322e-06
219,1.7787862241278468e-03,5.5132526963353197e-06
220,1.7708905588021109e-03,5.6068098748520070e-06
221,1.7630667612537382e-03,5.7011566688000011e-06
222,1.7553138559896590e-03,5.7962901612682707e-06
223,1.7476308850400625e-03,5.8922073895485696e-06
224,1.7400169075644900e-03,5.9889053461766827e-06
225,1.7324709994681888e-03,6.0863809805094750e-06
226,1.7249922530290323e-03,6.1846311999818021e-06
227,1.7175797765344113e-03,6.2836528713600715e-06
228,1.7102326939276815e-03,6.3834428220979876e-06
229,1.7029501444644044e-03,6.4839978416348378e-06
230,1.6957312823771445e-03,6.5853146824472901e-06
231,1.6885752765495260e-03,6.6873900615957411e-06
232,1.6814813101986412e-03,6.7902206615825021e-06
233,1.6744485805658370e-03,6.8938031318399750e-06
234,1.6674762986154375e-03,6.9981340896749864e-06
235,1.6605636887414804e-03,7.1032101215421271e-06
236,1.6537099884816350e-03,7.2090277841095484e-06
237,1.6469144482389331e-03,7.3155836054125368e-06
238,1.6401763310101697e-03,7.4228740858739241e-06
239,1.6334949121215362e-03,7.5308956994781687e-06
240,1.6268694789707222e-03,7.6396448947015314e-06
241,1.6202993307757047e-03,7.7491180956331531e-06
242,1.6137837783296721e-03,7.8593117029109413e-06
243,1.6073221437622083e-03,7.9702220948296318e-06
244,1.6009137603063312e-03,8.0818456282008885e-06
245,1.5945579720713168e-03,8.1941786393765641e-06
246,1.5882541338212606e-03,8.3072174451610781e-06
247,1.5820016107587975e-03,8.4209583437491953e-06
248,1.5757997783144139e-03,8.5353976156383198e-06
249,1.5696480219407269e-03,8.6505315244772523e-06
250,1.5635457369117505e-03,8.7663563180316246e-06
251,1.5574923281270576e-03,8.8828682289289076e-06
252,1.5514872099206436e-03,9.0000634755262711e-06
253,1.5455298058744227e-03,9.1179382627883163e-06
254,1.5396195486359772e-03,9.2364887830183841e-06
255,1.5337558797409189e-03,9.3557112167296961e-06
256,1.5279382494391700e-03,9.4756017333314141e-06
257,1.5221661165256131e-03,9.5961564919648344e-06
258,1.5164389481744228e-03,9.7173716421804804e-06
259,1.5107562197775029e-03,9.8392433247094398e-06
260,1.5051174147865578e-03,9.9617676721590208e-06
261,1.4995220245589082e-03,1.0084940809750106e-05
262,1.4939695482067213e-03,1.0208758855912038e-05
263,1.4884594924499059e-03,1.0333217923040520e-05
264,1.4829913714722196e-03,1.0458314118105417e-05
265,1.4775647067806089e-03,1.0584043543328650e-05
266,1.4721790270680575e-03,1.0710402296749899e-05
267,1.4668338680790662e-03,1.0837386472949127e-05
268,1.4615287724786446e-03,1.0964992163511796e-05
269,1.4562632897237751e-03,1.1093215457669733e-05
270,1.4510369759381813e-03,1.1222052442981959e-05
271,1.4458493937896172e-03,1.1351499205692488e-05
272,1.4407001123698125e-03,1.1481551831471383e-05
273,1.4355887070774823e-03,1.1612206405858474e-05
274,1.4305147595033499e-03,1.1743459014767890e-05
275,1.4254778573180649e-03,1.1875305745049567e-05
276,1.4204775941625346e-03,1.2007742685001084e-05
277,1.4155135695405503e-03,1.2140765924777985e-05
278,1.4105853887136006e-03,1.2274371556967039e-05
279,1.4056926625983352e-03,1.2408555677005647e-05
280,1.4008350076658905e-03,1.2543314383642679e-05
281,1.3960120458434862e-03,1.2678643779348054e-05
282,1.3912234044181693e-03,1.2814539970829842e-05
283,1.3864687159424883e-03,1.2950999069338548e-05
284,1.3817476181423993e-03,1.3088017191283294e-05
285,1.3770597538266664e-03,1.3225590458324615e-05
286,1.3724047707986758e-03,1.3363714998104969e-05
287,1.3677823217697910e-03,1.3502386944365632e-05
288,1.3631920642745475e-03,1.3641602437465120e-05
289,1.3586336605877615e-03,1.3781357624746322e-05
290,1.3541067776430156e-03,1.3921648660740407e-05
291,1.3496110869533437e-03,1.4062471707719648e-05
292,1.3451462645330079e-03,1.4203822935894211e-05
293,1.3407119908212149e-03,1.4345698523829695e-05
294,1.3363079506073534e-03,1.4488094658582797e-05
295,1.3319338329575035e-03,1.4631007536272681e-05
296,1.3275893311428502e-03,1.4774433362208106e-05
297,1.3232741425691305e-03,1.4918368351212681e-05
298,1.3189879687077126e-03,1.5062808727994506e-05
299,1.3147305150281051e-03,1.5207750727193305e-05
300,1.3105014909316234e-03,1.5353190594007120e-05
301,1.3063006096865021e-03,1.5499124584125160e-05
302,1.3021275883643474e-03,1.5645548964151467e-05
303,1.2979821477776081e-03,1.5792460011776518e-05
304,1.2938640124186245e-03,1.5939854016107728e-05
305,1.2897729103994785e-03,1.6087727277837804e-05
306,1.2857085733934057e-03,1.6236076109422985e-05
307,1.2816707365770480e-03,1.6384896835393358e-05
308,1.2776591385739377e-03,1.6534185792551504e-05
309,1.2736735213992115e-03,1.6683939330117642e-05
310,1.2697136304050671e-03,1.6834153809941344e-05
311,1.2657792142275251e-03,1.6984825606805563e-05
312,1.2618700247342611e-03,1.7135951108408849e-05
313,1.2579858169731726e-03,1.7287526715737021e-05
314,1.2541263491220526e-03,1.7439548843153658e-05
315,1.2502913824393145e-03,1.7592013918466891e-05
316,1.2464806812155270e-03,1.7744918383389812e-05
317,1.2426940127258730e-03,1.7898258693318398e-05
318,1.2389311471835006e-03,1.8052031317739434e-05
319,1.2351918576938906e-03,1.8206232740371719e-05
320,1.2314759202096807e-03,1.8360859459079359e-05
321,1.2277831134869638e-03,1.8515907986329402e-05
322,1.2241132190416897e-03,1.8671374849047166e-05
323,1.2204660211074039e-03,1.8827256588849981e-05
324,1.2168413065934915e-03,1.8983549762251501e-05
325,1.2132388650443458e-03,1.9140250940546459e-05
326,1.2096584885990329e-03,1.9297356710230888e-05
327,1.2060999719520076e-03,1.9454863672863584e-05
328,1.2025631123144173e-03,1.9612768445167668e-05
329,1.1990477093758978e-03,1.9771067659340754e-05
330,1.1955535652674381e-03,1.9929757962912495e-05
331,1.1920804845245282e-03,2.0088836018955572e-05
332,1.1886282740513996e-03,2.0248298506160863e-05
333,1.1851967430853946e-03,2.0408142118842863e-05
334,1.1817857031624127e-03,2.0568363567127552e-05
335,1.1783949680827474e-03,2.0728959576938212e-05
336,1.1750243538774980e-03,2.0889926890128885e-05
337,1.1716736787758092e-03,2.1051262264393595e-05
338,1.1683427631723831e-03,2.1212962473587581e-05
339,1.1650314295957387e-03,2.1375024307554262e-05
340,1.1617395026770330e-03,2.1537444572266096e-05
341,1.1584668091193890e-03,2.1700220089911491e-05
342,1.1552131776676746e-03,2.1863347698812749e-05
343,1.1519784390789697e-03,2.2026824253661820e-05
344,1.1487624260934242e-03,2.2190646625390459e-05
345,1.1455649734055942e-03,2.2354811701283668e-05
346,1.1423859176364860e-03,2.2519316384982672e-05
347,1.1392250973057360e-03,2.2684157596534847e-05
348,1.1360823528045541e-03,2.2849332272469770e-05
349,1.1329575263689981e-03,2.3014837365669354e-05
350,1.1298504620537309e-03,2.3180669845625848e-05
351,1.1267610057062300e-03,2.3346826698171988e-05
352,1.1236890049413704e-03,2.3513304925762740e-05
353,1.1206343091165450e-03,2.3680101547344495e-05
354,1.1175967693071219e-03,2.3847213598370515e-05
355,1.1145762382822921e-03,2.4014638130887247e-05
356,1.1115725704814363e-03,2.4182372213491657e-05
357,1.1085856219907190e-03,2.4350412931269242e-05
358,1.1056152505202405e-03,2.4518757385911913e-05
359,1.1026613153814686e-03,2.4687402695681972e-05
360,1.0997236774649990e-03,2.4856345995324077e-05
361,1.0968021992188203e-03,2.5025584436210688e-05
362,1.0938967446268409e-03,2.5195115186224625e-05
363,1.0910071791877321e-03,2.5364935429712676e-05
364,1.0881333698942474e-03,2.5535042367611279e-05
365,1.0852751852127157e-03,2.5705433217353635e-05
366,1.0824324950630686e-03,2.5876105212886710e-05
367,1.0796051707989158e-03,2.6047055604533981e-05
368,1.0767930851882607e-03,2.6218281659179414e-05
369,1.0739961123942313e-03,2.6389780660055260e-05
370,1.0712141279563675e-03,2.6561549906861236e-05
371,1.0684470087719577e-03,2.6733586715628067e-05
372,1.0656946330779881e-03,2.6905888418817219e-05
373,1.0629568804330189e-03,2.7078452365174813e-05
374,1.0602336316996907e-03,2.7251275919756888e-05
375,1.0575247690272176e-03,2.7424356463871245e-05
376,1.0548301758343539e-03,2.7597691395144414e-05
377,1.0521497367925756e-03,2.7771278127327225e-05
378,1.0494833378094967e-03,2.7945114090339282e-05
379,1.0468308660125042e-03,2.8119196730343265e-05
380,1.0441922097327717e-03,2.8293523509460166e-05
381,1.0415672584894774e-03,2.8468091906010030e-05
382,1.0389559029741842e-03,2.8642899414202188e-05
383,1.0363580350355407e-03,2.8817943544329025e-05
384,1.0337735476642358e-03,2.8993221822576754e-05
385,1.0312023349781485e-03,2.9168731791010600e-05
386,1.0286442922076060e-03,2.9344471007658544e-05
387,1.0260993156812870e-03,2.9520437046128334e-05
388,1.0235673028116696e-03,2.9696627496044791e-05
389,1.0210481520813799e-03,2.9873039962527970e-05
390,1.0185417630292973e-03,3.0049672066478589e-05
391,1.0160480362370662e-03,3.0226521444450547e-05
392,1.0135668733157552e-03,3.0403585748394250e-05
393,1.0110981768927407e-03,3.0580862645944764e-05
394,1.0086418505987670e-03,3.0758349820100011e-05
395,1.0061977990552084e-03,3.0936044969326911e-05
396,1.0037659278615575e-03,3.1113945807333736e-05
397,1.0013461435830198e-03,3.1292050063234650e-05
398,9.9893835373835653e-04,3.1470355481404365e-05
399,9.9654246678794749e-04,3.1648859821259783e-05
400,9.9415839212191434e-04,3.1827560857551989e-05
401,9.9178604004853147e-04,3.2006456379864006e-05
402,9.8942532178268095e-04,3.2185544193045279e-05
403,9.8707614943471800e-04,3.2364822116710670e-05
404,9.8473843599914236e-04,3.2544287985510051e-05
405,9.8241209534378972e-04,3.2723939648807275e-05
406,9.8009704219896620e-04,3.2903774970804502e-05
407,9.7779319214683557e-04,3.3083791830482627e-05
408,9.7550046161081361e-04,3.3263988121348108e-05
409,9.7321876784542264e-04,3.3444361751611041e-05
410,9.7094802892594434e-04,3.3624910643913604e-05
411,9.6868816373845421e-04,3.3805632735498245e-05
412,9.6643909196992997e-04,3.3986525977883944e-05
413,9.6420073409839613e-04,3.4167588337005362e-05
414,9.6197301138354057e-04,3.4348817793070510e-05
415,9.5975584585693307e-04,3.4530212340491710e-05
416,9.5754916031299219e-04,3.4711769987760286e-05
417,9.5535287829954412e-04,3.4893488757575691e-05
418,9.5316692410888151e-04,3.5075366686593394e-05
419,9.5099122276882822e-04,3.5257401825411952e-05
420,9.4882570003378586e-04,3.5439592238532247e-05
421,9.4667028237620243e-04,3.5621936004298757e-05
422,9.4452489697788463e-04,3.5804431214724171e-05
423,9.4238947172167937e-04,3.5987075975641922e-05
424,9.4026393518298476e-04,3.6169868406402085e-05
425,9.3814821662165820e-04,3.6352806639926078e-05
426,9.3604224597385738e-04,3.6535888822693927e-05
427,9.3394595384411474e-04,3.6719113114477588e-05
428,9.3185927149738994e-04,3.6902477688525766e-05
429,9.2978213085136380e-04,3.7085980731316302e-05
430,9.2771446446873556e-04,3.7269620442480309e-05
431,9.2565620554976575e-04,3.7453395034921884e-05
432,9.2360728792469560e-04,3.7637302734507295e-05
433,9.2156764604650609e-04,3.7821341780247200e-05
434,9.1953721498369903e-04,3.8005510423901570e-05
435,9.1751593041301805e-04,3.8189806930330975e-05
436,9.1550372861252927e-04,3.8374229576997673e-05
437,9.1350054645465847e-04,3.8558776654235836e-05
438,9.1150632139926568e-04,3.8743446464988885e-05
439,9.0952099148702945e-04,3.8928237324827593e-05
440,9.0754449533257209e-04,3.9113147561817911e-05
441,9.0557677211808405e-04,3.9298175516459211e-05
442,9.0361776158670495e-04,3.9483319541775399e-05
443,9.0166740403618763e-04,3.9668578002982567e-05
444,8.9972564031257952e-04,3.9853949277629403e-05
445,8.9779241180399348e-04,4.0039431755394018e-05
446,8.9586766043434107e-04,4.0225023838111689e-05
447,8.9395132865755845e-04,4.0410723939643558e-05
448,8.9204335945130663e-04,4.0596530485856884e-05
449,8.9014369631124014e-04,4.0782441914505454e-05
450,8.8825228324522206e-04,4.0968456675225215e-05
451,8.8636906476738083e-04,4.1154573229333405e-05
452,8.8449398589269688e-04,4.1340790050022318e-05
453,8.8262699213119281e-04,4.1527105621903616e-05
454,8.8076802948253651e-04,4.1713518441354346e-05
455,8.7891704443052437e-04,4.1900027016181090e-05
456,8.7707398393784388e-04,4.2086629865584287e-05
457,8.7523879544045208e-04,4.2273325520153157e-05
458,8.7341142684277309e-04,4.2460112521834986e-05
459,8.7159182651214617e-04,4.2646989423660290e-05
460,8.6977994327398138e-04,4.2833954790061570e-05
461,8.6797572640657193e-04,4.3021007196345706e-05
462,8.6617912563619786e-04,4.3208145228962344e-05
463,8.6439009113221455e-04,4.3395367485270730e-05
464,8.6260857350218862e-04,4.3582672573524364e-05
465,8.6083452378716207e-04,4.3770059112870729e-05
466,8.5906789345686397e-04,4.3957525733152541e-05
467,8.5730863440516706e-04,4.4145071074927246e-05
468,8.5555669894537450e-04,4.4332693789388341e-05
469,8.5381203980571007e-04,4.4520392538323644e-05
470,8.5207461012494620e-04,4.4708165993909102e-05
471,8.5034436344782907e-04,4.4896012838840720e-05
472,8.4862125372079354e-04,4.5083931766164478e-05
473,8.4690523528766165e-04,4.5271921479323646e-05
474,8.4519626288537481e-04,4.5459980691757843e-05
475,8.4349429163975095e-04,4.5648108127276007e-05
476,8.4179927706138605e-04,4.5836302519737017e-05
477,8.4011117504155075e-04,4.6024562613035483e-05
478,8.3842994184814658e-04,4.6212887161045836e-05
479,8.3675553412168656e-04,4.6401274927515011e-05
480,8.3508790887139826e-04,4.6589724686124170e-05
481,8.3342702347123957e-04,4.6778235220289432e-05
482,8.3177283565619836e-04,4.6966805323143719e-05
483,8.3012530351835392e-04,4.7155433797463030e-05
484,8.2848438550321571e-04,4.7344119455697713e-05
485,8.2685004040598180e-04,4.7532861119739146e-05
486,8.2522222736789027e-04,4.7721657620990160e-05
487,8.2360090587257917e-04,4.7910507800318010e-05
488,8.2198603574263251e-04,4.8099410507733053e-05
489,8.2037757713587312e-04,4.8288364602833394e-05
490,8.1877549054201954e-04,4.8477368954210571e-05
491,8.1717973677921936e-04,4.8666422439716208e-05
492,8.1559027699066309e-04,4.8855523946231547e-05
493,8.1400707264117059e-04,4.9044672369777192e-05
494,8.1243008551392911e-04,4.9233866615220070e-05
495,8.1085927770725534e-04,4.9423105596571009e-05
496,8.0929461163125921e-04,4.9612388236413455e-05
497,8.0773605000475097e-04,4.9801713466361267e-05
498,8.0618355585203273e-04,4.9991080226635837e-05
499,8.0463709249981507e-04,5.0180487466219697e-05
500,8.0309662357412625e-04,5.0369934142677252e-05
501,8.0156211299722586e-04,5.0559419222159958e-05
502,8.0003352498466741e-04,5.0748941679247806e-05
503,7.9851082404231897e-04,5.0938500497138430e-05
504,7.9699397496339741e-04,5.1128094667222448e-05
505,7.9548294282558900e-04,5.1317723189360227e-05
506,7.9397769298817776e-04,5.1507385071623588e-05
507,7.9247819108922333e-04,5.1697079330337685e-05
508,7.9098440304280215e-04,5.1886804989952305e-05
509,7.8949629503616888e-04,5.2076561083025657e-05
510,7.8801383352711577e-04,5.2266346650251273e-05
511,7.8653698524111483e-04,5.2456160740174183e-05
512,7.8506571716891534e-04,5.2646002409423325e-05
513,7.8359999656367723e-04,5.2835870722385156e-05
514,7.8213979093846636e-04,5.3025764751289118e-05
515,7.8068506806366195e-04,5.3215683576231140e-05
516,7.7923579596444266e-04,5.3405626284996575e-05
517,7.7779194291823102e-04,5.3595591972901231e-05
518,7.7635347745227392e-04,5.3785579743097706e-05
519,7.7492036834104919e-04,5.3975588706111038e-05
520,7.7349258460411292e-04,5.4165617979974594e-05
521,7.7207009550335579e-04,5.4355666690320657e-05
522,7.7065287054090556e-04,5.4545733970065464e-05
523,7.6924087945666876e-04,5.4735818959464090e-05
524,7.6783409222603443e-04,5.4925920806105057e-05
525,7.6643247905760332e-04,5.5116038664806829e-05
526,7.6503601039087596e-04,5.5306171697580323e-05
527,7.6364465689407089e-04,5.5496319073543166e-05
528,7.6225838946194743e-04,5.5686479968957213e-05
529,7.6087717921347975e-04,5.5876653567070524e-05
530,7.5950099748989480e-04,5.6066839058155646e-05
531,7.5812981585233856e-04,5.6257035639383521e-05
532,7.5676360607991296e-04,5.6447242514787816e-05
533,7.5540234016756227e-04,5.6637458895327526e-05
534,7.5404599032391148e-04,5.6827683998663227e-05
535,7.5269452896939513e-04,5.7017917049293978e-05
536,7.5134792873406510e-04,5.7208157278243751e-05
537,7.5000616245572953e-04,5.7398403923322634e-05
538,7.4866920317795611e-04,5.7588656228876928e-05
539,7.4733702414802022e-04,5.7778913445796766e-05
540,7.4600959881514532e-04,5.7969174831467019e-05
541,7.4468690082851513e-04,5.8159439649702762e-05
542,7.4336890403531850e-04,5.8349707170823351e-05
543,7.4205558247903477e-04,5.8539976671356647e-05
544,7.4074691039744561e-04,5.8730247434241941e-05
545,7.3944286222097071e-04,5.8920518748619999e-05
546,7.3814341257071535e-04,5.9110789909840454e-05
547,7.3684853625679062e-04,5.9301060219530595e-05
548,7.3555820827647331e-04,5.9491328985271354e-05
549,7.3427240381258526e-04,5.9681595520911047e-05
550,7.3299109823166456e-04,5.9871859146174183e-05
551,7.3171426708225492e-04,6.0062119186886165e-05
552,7.3044188609331913e-04,6.0252374974696061e-05
553,7.2917393117245886e-04,6.0442625847322644e-05
554,7.2791037840442684e-04,6.0632871148171135e-05
555,7.2665120404929897e-04,6.0823110226548704e-05
556,7.2539638454094911e-04,6.1013342437555762e-05
557,7.2414589648558893e-04,6.1203567141978064e-05
558,7.2289971665989792e-04,6.1393783706285645e-05
559,7.2165782200982588e-04,6.1583991502624113e-05
560,7.2042018964868038e-04,6.1774189908661207e-05
561,7.1918679685592090e-04,6.1964378307729779e-05
562,7.1795762107542218e-04,6.2154556088557419e-05
563,7.1673263991411929e-04,6.2344722645502220e-05
564,7.1551183114045794e-04,6.2534877378207570e-05
565,7.1429517268296330e-04,6.2725019691811190e-05
566,7.1308264262880214e-04,6.2915148996722705e-05
567,7.1187421922236144e-04,6.3105264708703362e-05
568,7.1066988086374331e-04,6.3295366248841391e-05
569,7.0946960610752637e-04,6.3485453043353571e-05
570,7.0827337366122635e-04,6.3675524523754240e-05
571,7.0708116238402466e-04,6.3865580126584181e-05
572,7.0589295128540913e-04,6.4055619293593548e-05
573,7.0470871952378307e-04,6.4245641471592362e-05
574,7.0352844640512091e-04,6.4435646112378080e-05
575,7.0235211138180086e-04,6.4625632672865702e-05
576,7.0117969405112984e-04,6.4815600614796310e-05
577,7.0001117415418115e-04,6.5005549404869952e-05
578,6.9884653157445962e-04,6.5195478514718587e-05
579,6.9768574633668015e-04,6.5385387420789146e-05
580,6.9652879860549204e-04,6.5575275604367014e-05
581,6.9537566868429449e-04,6.5765142551426316e-05
582,6.9422633701395444e-04,6.5954987752746985e-05
583,6.9308078417168950e-04,6.6144810703864645e-05
584,6.9193899086976028e-04,6.6334610904833914e-05
585,6.9080093795442863e-04,6.6524387860433145e-05
586,6.8966660640462966e-04,6.6714141080084964e-05
587,6.8853597733097135e-04,6.6903870077596539e-05
588,6.8740903197451314e-04,6.7093574371469118e-05
589,6.8628575170563569e-04,6.7283253484646833e-05
590,6.8516611802288126e-04,6.7472906944427512e-05
591,6.8405011255196900e-04,6.7662534282668580e-05
592,6.8293771704458224e-04,6.7852135035522098e-05
593,6.8182891337732266e-04,6.8041708743486596e-05
594,6.8072368355067336e-04,6.8231254951436866e-05
595,6.7962200968783295e-04,6.8420773208518248e-05
596,6.7852387403377948e-04,6.8610263068072597e-05
597,6.7742925895414047e-04,6.8799724087691759e-05
598,6.7633814693425400e-04,6.8989155829167698e-05
599,6.7525052057804363e-04,6.9178557858382502e-05
600,6.7416636260708273e-04,6.9367929745422173e-05
601,6.7308565585953652e-04,6.9557271064416110e-05
602,6.7200838328926652e-04,6.9746581393531387e-05
603,6.7093452796474428e-04,6.9935860314993982e-05
604,6.6986407306812343e-04,7.0125107414953096e-05
605,6.6879700189432102e-04,7.0314322283589821e-05
606,6.6773329784998979e-04,7.0503504515045341e-05
607,6.6667294445267567e-04,7.0692653707234130e-05
608,6.6561592532973009e-04,7.0881769462020780e-05
609,6.6456222421761187e-04,7.1070851385120399e-05
610,6.6351182496074553e-04,7.1259899086002239e-05
611,6.6246471151078744e-04,7.1448912177905161e-05
612,6.6142086792562321e-04,7.1637890277885963e-05
613,6.6038027836859468e-04,7.1826833006706568e-05
614,6.5934292710743731e-04,7.2015739988772956e-05
615,6.5830879851364488e-04,7.2204610852052021e-05
616,6.5727787706142940e-04,7.2393445228419314e-05
617,6.5625014732695883e-04,7.2582242753090542e-05
618,6.5522559398749965e-04,7.2771003064986631e-05
619,6.5420420182053828e-04,7.2959725806523353e-05
620,6.5318595570303020e-04,7.3148410623618737e-05
621,6.5217084061050654e-04,7.3337057165739257e-05
622,6.5115884161637435e-04,7.3525665085757286e-05
623,6.5014994389092987e-04,7.3714234040014805e-05
624,6.4914413270079387e-04,7.3902763688174627e-05
625,6.4814139340789835e-04,7.4091253693405251e-05
626,6.4714171146894491e-04,7.4279703722182955e-05
627,6.4614507243439137e-04,7.4468113444221064e-05
628,6.4515146194786272e-04,7.4656482532621849e-05
629,6.4416086574534028e-04,7.4844810663754878e-05
630,6.4317326965438869e-04,7.5033097517202143e-05
631,6.4218865959346407e-04,7.5221342775769496e-05
632,6.4120702157112312e-04,7.5409546125436468e-05
633,6.4022834168536019e-04,7.5597707255473684e-05
634,6.3925260612280764e-04,7.5785825858102235e-05
635,6.3827980115813826e-04,7.5973901628751598e-05
636,6.3730991315321035e-04,7.6161934266031378e-05
637,6.3634292855652131e-04,7.6349923471470528e-05
638,6.3537883390238435e-04,7.6537868949738610e-05
639,6.3441761581032436e-04,7.6725770408404492e-05
640,6.3345926098441264e-04,7.6913627558169087e-05
641,6.3250375621246729e-04,7.7101440112683405e-05
642,6.3155108836554887e-04,7.7289207788430435e-05
643,6.3060124439724078e-04,7.7476930304928892e-05
644,6.2965421134289978e-04,7.7664607384557167e-05
645,6.2870997631916383e-04,7.7852238752518297e-05
646,6.2776852652321317e-04,7.8039824136990385e-05
647,6.2682984923214508e-04,7.8227363268829346e-05
648,6.2589393180238762e-04,7.8414855881809136e-05
649,6.2496076166900308e-04,7.8602301712376021e-05
650,6.2403032634521249e-04,7.8789700499910554e-05
651,6.2310261342155395e-04,7.8977051986340959e-05
652,6.2217761056549271e-04,7.9164355916400088e-05
653,6.2125530552073287e-04,7.9351612037542263e-05
654,6.2033568610660986e-04,7.9538820099777093e-05
655,6.1941874021750041e-04,7.9725979855923586e-05
656,6.1850445582231942e-04,7.9913091061252660e-05
657,6.1759282096382007e-04,8.0100153473812633e-05
658,6.1668382375810007e-04,8.0287166854091740e-05
659,6.1577745239400580e-04,8.0474130965204748e-05
660,6.1487369513263260e-04,8.0661045572832176e-05
661,6.1397254030662448e-04,8.0847910445098131e-05
662,6.1307397631979411e-04,8.1034725352746492e-05
663,6.1217799164646123e-04,8.1221490068844609e-05
664,6.1128457483092204e-04,8.1408204369078156e-05
665,6.1039371448697022e-04,8.1594868031419914e-05
666,6.0950539929733932e-04,8.1781480836359033e-05
667,6.0861961801313039e-04,8.1968042566813124e-05
668,6.0773635945333580e-04,8.2154553007935356e-05
669,6.0685561250434824e-04,8.2341011947391891e-05
670,6.0597736611933955e-04,8.2527419175138533e-05
671,6.0510160931792243e-04,8.2713774483372609e-05
672,6.0422833118545574e-04,8.2900077666650654e-05
673,6.0335752087272646e-04,8.3086328521898687e-05
674,6.0248916759529268e-04,8.3272526848181114e-05
675,6.0162326063314757e-04,8.3458672446844870e-05
676,6.0075978933009193e-04,8.3644765121432182e-05
677,5.9989874309336676e-04,8.3830804677768173e-05
678,5.9904011139310157e-04,8.4016790923809400e-05
679,5.9818388376189165e-04,8.4202723669724329e-05
680,5.9733004979430310e-04,8.4388602727783555e-05
681,5.9647859914641933e-04,8.4574427912387714e-05
682,5.9562952153534797e-04,8.4760199040134440e-05
683,5.9478280673885982e-04,8.4945915929626896e-05
684,5.9393844459480728e-04,8.5131578401617219e-05
685,5.9309642500077924e-04,8.5317186278876611e-05
686,5.9225673791363437e-04,8.5502739386250531e-05
687,5.9141937334902166e-04,8.5688237550566793e-05
688,5.9058432138096373e-04,8.5873680600735718e-05
689,5.8975157214147874e-04,8.6059068367636067e-05
690,5.8892111582008395e-04,8.6244400684085991e-05
691,5.8809294266338097e-04,8.6429677384916939e-05
692,5.8726704297471346e-04,8.6614898306870710e-05
693,5.8644340711358381e-04,8.6800063288676080e-05
694,5.8562202549546018e-04,8.6985172170873175e-05
695,5.8480288859119600e-04,8.7170224795996305e-05
696,5.8398598692665019e-04,8.7355221008400186e-05
697,5.8317131108238712e-04,8.7540160654335205e-05
698,5.8235885169318554e-04,8.7725043581863153e-05
699,5.8154859944761078e-04,8.7909869641008675e-05
700,5.8074054508777055e-04,8.8094638683372872e-05
701,5.7993467940877321e-04,8.8279350562566172e-05
702,5.7913099325841840e-04,8.8464005133933099e-05
703,5.7832947753680430e-04,8.8648602254552580e-05
704,5.7753012319596941e-04,8.8833141783274121e-05
705,5.7673292123946616e-04,8.9017623580711405e-05
706,5.7593786272200473e-04,8.9202047509193781e-05
707,5.7514493874917917e-04,8.9386413432790499e-05
708,5.7435414047695126e-04,8.9570721217154274e-05
709,5.7356545911138753e-04,8.9754970729766801e-05
710,5.7277888590825140e-04,8.9939161839689146e-05
711,5.7199441217270009e-04,9.0123294417709821e-05
712,5.7121202925890062e-04,9.0307368336192508e-05
713,5.7043172856967718e-04,9.0491383469128479e-05
714,5.6965350155615050e-04,9.0675339692143278e-05
715,5.6887733971744067e-04,9.0859236882475432e-05
716,5.6810323460027294e-04,9.1043074918964223e-05
717,5.6733117779870178e-04,9.1226853681904637e-05
718,5.6656116095371752e-04,9.1410573053276998e-05
719,5.6579317575293085e-04,9.1594232916566314e-05
720,5.6502721393029108e-04,9.1777833156751461e-05
721,5.6426326726564295e-04,9.1961373660381576e-05
722,5.6350132758459682e-04,9.2144854315532113e-05
723,5.6274138675793553e-04,9.2328275011647164e-05
724,5.6198343670160939e-04,9.2511635639773776e-05
725,5.6122746937613960e-04,9.2694936092376306e-05
726,5.6047347678653411e-04,9.2878176263362834e-05
727,5.5972145098178469e-04,9.3061356048162872e-05
728,5.5897138405466265e-04,9.3244475343455871e-05
729,5.5822326814148737e-04,9.3427534047568007e-05
730,5.5747709542158731e-04,9.3610532060044033e-05
731,5.5673285811727840e-04,9.3793469281871827e-05
732,5.5599054849335579e-04,9.3976345615471446e-05
733,5.5525015885692129e-04,9.4159160964560722e-05
734,5.5451168155704598e-04,9.4341915234277671e-05
735,5.5377510898443536e-04,9.4524608331014650e-05
736,5.5304043357126470e-04,9.4707240162627388e-05
737,5.5230764779076551e-04,9.4889810638159699e-05
738,5.5157674415701912e-04,9.5072319668024988e-05
739,5.5084771522465265e-04,9.5254767163949655e-05
740,5.5012055358855106e-04,9.5437153038906025e-05
741,5.4939525188360723e-04,9.5619477207170271e-05
742,5.4867180278441840e-04,9.5801739584233821e-05
743,5.4795019900503029e-04,9.5983940086951473e-05
744,5.4723043329870812e-04,9.6166078633284224e-05
745,5.4651249845756708e-04,9.6348155142489180e-05
746,5.4579638731241042e-04,9.6530169535051822e-05
747,5.4508209273241084e-04,9.6712121732654750e-05
748,5.4436960762488872e-04,9.6894011658170344e-05
749,5.4365892493499104e-04,9.7075839235643370e-05
750,5.4295003764552119e-04,9.7257604390326422e-05
751,5.4224293877660492e-04,9.7439307048643062e-05
752,5.4153762138550482e-04,9.7620947138154192e-05
753,5.4083407856629542e-04,9.7802524587535869e-05
754,5.4013230344969519e-04,9.7984039326689924e-05
755,5.3943228920279144e-04,9.8165491286485472e-05
756,5.3873402902873408e-04,9.8346880399140767e-05
757,5.3803751616661975e-04,9.8528206597737686e-05
758,5.3734274389112091e-04,9.8709469816631325e-05
759,5.3664970551235832e-04,9.8890669991150040e-05
760,5.3595839437556639e-04,9.9071807057806409e-05
761,5.3526880386094600e-04,9.9252880954001010e-05
762,5.3458092738339240e-04,9.9433891618420963e-05
763,5.3389475839222959e-04,9.9614838990628353e-05
764,5.3321029037106009e-04,9.9795723011279891e-05
765,5.3252751683744522e-04,9.9976543622092918e-05
766,5.3184643134282646e-04,1.0015730076572896e-04
767,5.3116702747208963e-04,1.0033799438596053e-04
768,5.3048929884352348e-04,1.0051862442745536e-04
769,5.2981323910856928e-04,1.0069919083597463e-04
770,5.2913884195147909e-04,1.0087969355813479e-04
771,5.2846610108928560e-04,1.0106013254169019e-04
772,5.2779501027145834e-04,1.0124050773525171e-04
773,5.2712556327966882e-04,1.0142081908833962e-04
774,5.2645775392775576e-04,1.0160106655155514e-04
775,5.2579157606131416e-04,1.0178125007639132e-04
776,5.2512702355756401e-04,1.0196136961520499e-04
777,5.2446409032521658e-04,1.0214142512137069e-04
778,5.2380277030413111e-04,1.0232141654909578e-04
779,5.2314305746523689e-04,1.0250134385358912e-04
780,5.2248494581025057e-04,1.0268120699081533e-04
781,5.2182842937154852e-04,1.0286100591779584e-04
782,5.2117350221185152e-04,1.0304074059230565e-04
783,5.2052015842417277e-04,1.0322041097305564e-04
784,5.1986839213154169e-04,1.0340001701958461e-04
785,5.1921819748677737e-04,1.0357955869232354e-04
786,5.1856956867240168e-04,1.0375903595258030e-04
787,5.1792249990034690e-04,1.0393844876235123e-04
788,5.1727698541181649e-04,1.0411779708464753e-04
789,5.1663301947708635e-04,1.0429708088324904e-04
790,5.1599059639537387e-04,1.0447630012272015e-04
791,5.1534971049446937e-04,1.0465545476844098e-04
792,5.1471035613086713e-04,1.0483454478663074e-04
793,5.1407252768925836e-04,1.0501357014428333e-04
794,5.1343621958249686e-04,1.0519253080916556e-04
795,5.1280142625153224e-04,1.0537142674987863e-04
796,5.1216814216500375e-04,1.0555025793572923e-04
797,5.1153636181922610e-04,1.0572902433681314e-04
798,5.1090607973791147e-04,1.0590772592403317e-04
799,5.1027729047215778e-04,1.0608636266899519e-04
800,5.0964998860004540e-04,1.0626493454407755e-04
801,5.0902416872667853e-04,1.0644344152233215e-04
802,5.0839982548386679e-04,1.0662188357763943e-04
803,5.0777695353006462e-04,1.0680026068452307e-04
804,5.0715554755009350e-04,1.0697857281830121e-04
805,5.0653560225512057e-04,1.0715681995492602e-04
806,5.0591711238232040e-04,1.0733500207113835e-04
807,5.0530007269487711e-04,1.0751311914428871e-04
808,5.0468447798170232e-04,1.0769117115248943e-04
809,5.0407032305731627e-04,1.0786915807448012e-04
810,5.0345760276176001e-04,1.0804707988967631e-04
811,5.0284631196027168e-04,1.0822493657827224e-04
812,5.0223644554329104e-04,1.0840272812101348e-04
813,5.0162799842620037e-04,1.0858045449933839e-04
814,5.0102096554924833e-04,1.0875811569537916e-04
815,5.0041534187733844e-04,1.0893571169182491e-04
816,4.9981112239985280e-04,1.0911324247210886e-04
817,4.9920830213060841e-04,1.0929070802021698e-04
818,4.9860687610758716e-04,1.0946810832077542e-04
819,4.9800683939287352e-04,1.0964544335913192e-04
820,4.9740818707242631e-04,1.0982271312109587e-04
821,4.9681091425605030e-04,1.0999991759319200e-04
822,4.9621501607709153e-04,1.1017705676250755e-04
823,4.9562048769246031e-04,1.1035413061679033e-04
824,4.9502732428233762e-04,1.1053113914428518e-04
825,4.9443552105014215e-04,1.1070808233389159e-04
826,4.9384507322231268e-04,1.1088496017506477e-04
827,4.9325597604824229e-04,1.1106177265783153e-04
828,4.9266822480008201e-04,1.1123851977282655e-04
829,4.9208181477258534e-04,1.1141520151123958e-04
830,4.9149674128303985e-04,1.1159181786474505e-04
831,4.9091299967110851e-04,1.1176836882570609e-04
832,4.9033058529864904e-04,1.1194485438689891e-04
833,4.8974949354958005e-04,1.1212127454171387e-04
834,4.8916971982986208e-04,1.1229762928406604e-04
835,4.8859125956722310e-04,1.1247391860842623e-04
836,4.8801410821107280e-04,1.1265014250977349e-04
837,4.8743826123242071e-04,1.1282630098361738e-04
838,4.8686371412372693e-04,1.1300239402591620e-04
839,4.8629046239867345e-04,1.1317842163327795e-04
840,4.8571850159219215e-04,1.1335438380268229e-04
841,4.8514782726026795e-04,1.1353028053172738e-04
842,4.8457843497974937e-04,1.1370611181837789e-04
843,4.8401032034831802e-04,1.1388187766121365e-04
844,4.8344347898435973e-04,1.1405757805919554e-04
845,4.8287790652678272e-04,1.1423321301188220e-04
846,4.8231359863488656e-04,1.1440878251924797e-04
847,4.8175055098834612e-04,1.1458428658169982e-04
848,4.8118875928698925e-04,1.1475972520018680e-04
849,4.8062821925070871e-04,1.1493509837607655e-04
850,4.8006892661937547e-04,1.1511040611121450e-04
851,4.7951087715262397e-04,1.1528564840785285e-04
852,4.7895406662988853e-04,1.1546082526880109e-04
853,4.7839849085012877e-04,1.1563593669723700e-04
854,4.7784414563183835e-04,1.1581098269674294e-04
855,4.7729102681284049e-04,1.1598596327142466e-04
856,4.7673913025019637e-04,1.1616087842574069e-04
857,4.7618845182019004e-04,1.1633572816467307e-04
858,4.7563898741805088e-04,1.1651051249351009e-04
859,4.7509073295792309e-04,1.1668523141803733e-04
860,4.7454368437282942e-04,1.1685988494447223e-04
861,4.7399783761441742e-04,1.1703447307935833e-04
862,4.7345318865294351e-04,1.1720899582970202e-04
863,4.7290973347717459e-04,1.1738345320291855e-04
864,4.7236746809416387e-04,1.1755784520676029e-04
865,4.7182638852932569e-04,1.1773217184946038e-04
866,4.7128649082617908e-04,1.1790643313963759e-04
867,4.7074777104628057e-04,1.1808062908614369e-04
868,4.7021022526920540e-04,1.1825475969844767e-04
869,4.6967384959225396e-04,1.1842882498616774e-04
870,4.6913864013060403e-04,1.1860282495942961e-04
871,4.6860459301697961e-04,1.1877675962876849e-04
872,4.6807170440165362e-04,1.1895062900494690e-04
873,4.6753997045237449e-04,1.1912443309916369e-04
874,4.6700938735417868e-04,1.1929817192299252e-04
875,4.6647995130936007e-04,1.1947184548835651e-04
876,4.6595165853736037e-04,1.1964545380747747e-04
877,4.6542450527465120e-04,1.1981899689299369e-04
878,4.6489848777460727e-04,1.1999247475782206e-04
879,4.6437360230751226e-04,1.2016588741530343e-04
880,4.6384984516035875e-04,1.2033923487899307e-04
881,4.6332721263678874e-04,1.2051251716290305e-04
882,4.6280570105702938e-04,1.2068573428131150e-04
883,4.6228530675773824e-04,1.2085888624879419e-04
884,4.6176602609198427e-04,1.2103197308035226e-04
885,4.6124785542905726e-04,1.2120499479117839e-04
886,4.6073079115447772e-04,1.2137795139687366e-04
887,4.6021482966984137e-04,1.2155084291331152e-04
888,4.5969996739275476e-04,1.2172366935669048e-04
889,4.5918620075672542e-04,1.2189643074345844e-04
890,4.5867352621106744e-04,1.2206912709046631e-04
891,4.5816194022088634e-04,1.2224175841478154e-04
892,4.5765143926686209e-04,1.2241432473382763e-04
893,4.5714201984527588e-04,1.2258682606522241e-04
894,4.5663367846785077e-04,1.2275926242698030e-04
895,4.5612641166172766e-04,1.2293163383738612e-04
896,4.5562021596926553e-04,1.2310394031488648e-04
897,4.5511508794816554e-04,1.2327618187842166e-04
898,4.5461102417112181e-04,1.2344835854695074e-04
899,4.5410802122593805e-04,1.2362047033996645e-04
900,4.5360607571536075e-04,1.2379251727699409e-04
901,4.5310518425701436e-04,1.2396449937803307e-04
902,4.5260534348331083e-04,1.2413641666323829e-04
903,4.5210655004137841e-04,1.2430826915298972e-04
904,4.5160880059293758e-04,1.2448005686801499e-04
905,4.5111209181430436e-04,1.2465177982921182e-04
906,4.5061642039622948e-04,1.2482343805782955e-04
907,4.5012178304386586e-04,1.2499503157528891e-04
908,4.4962817647666253e-04,1.2516656040332136e-04
909,4.4913559742830765e-04,1.2533802456381963e-04
910,4.4864404264659274e-04,1.2550942407899964e-04
911,4.4815350889346569e-04,1.2568075897123328e-04
912,4.4766399294478493e-04,1.2585202926320685e-04
913,4.4717549159034641e-04,1.2602323497780220e-04
914,4.4668800163385743e-04,1.2619437613816328e-04
915,4.4620151989268188e-04,1.2636545276756037e-04
916,4.4571604319793218e-04,1.2653646488962881e-04
917,4.4523156839434378e-04,1.2670741252812564e-04
918,4.4474809234015713e-04,1.2687829570707569e-04
919,4.4426561190709699e-04,1.2704911445072842e-04
920,4.4378412398030060e-04,1.2721986878351087e-04
921,4.4330362545817200e-04,1.2739055873005873e-04
922,4.4282411325242813e-04,1.2756118431526159e-04
923,4.4234558428791310e-04,1.2773174556419899e-04
924,4.4186803550260497e-04,1.2790224250213504e-04
925,4.4139146384748035e-04,1.2807267515454278e-04
926,4.4091586628652044e-04,1.2824304354712497e-04
927,4.4044123979658891e-04,1.2841334770575242e-04
928,4.3996758136733241e-04,1.2858358765647292e-04
929,4.3949488800122048e-04,1.2875376342556772e-04
930,4.3902315671334236e-04,1.2892387503954730e-04
931,4.3855238453144915e-04,1.2909392252498061e-04
932,4.3808256849580741e-04,1.2926390590872969e-04
933,4.3761370565921905e-04,1.2943382521780414e-04
934,4.3714579308682674e-04,1.2960368047940077e-04
935,4.3667882785617784e-04,1.2977347172086963e-04
936,4.3621280705710632e-04,1.2994319896983197e-04
937,4.3574772779160579e-04,1.3011286225390322e-04
938,4.3528358717388429e-04,1.3028246160108769e-04
939,4.3482038233020253e-04,1.3045199703940239e-04
940,4.3435811039887486e-04,1.3062146859709695e-04
941,4.3389676853011029e-04,1.3079087630255755e-04
942,4.3343635388611241e-04,1.3096022018438432e-04
943,4.3297686364081209e-04,1.3112950027126662e-04
944,4.3251829497997150e-04,1.3129871659213582e-04
945,4.3206064510105727e-04,1.3146786917602450e-04
946,4.3160391121315861e-04,1.3163695805211775e-04
947,4.3114809053698249e-04,1.3180598324978503e-04
948,4.3069318030473214e-04,1.3197494479851122e-04
949,4.3023917776005295e-04,1.3214384272802087e-04
950,4.2978608015802538e-04,1.3231267706805000e-04
951,4.2933388476508650e-04,1.3248144784855893e-04
952,4.2888258885893455e-04,1.3265015509964946e-04
953,4.2843218972844825e-04,1.3281879885162169e-04
954,4.2798268467375214e-04,1.3298737913477999e-04
955,4.2753407100600520e-04,1.3315589597965997e-04
956,4.2708634604746333e-04,1.3332434941691265e-04
957,4.2663950713133988e-04,1.3349273947736224e-04
958,4.2619355160179755e-04,1.3366106619188659e-04
959,4.2574847681389218e-04,1.3382932959153413e-04
960,4.2530428013345099e-04,1.3399752970753626e-04
961,4.2486095893708951e-04,1.3416566657111875e-04
962,4.2441851061215095e-04,1.3433374021378281e-04
963,4.2397693255658990e-04,1.3450175066709693e-04
964,4.2353622217899278e-04,1.3466969796271716e-04
965,4.2309637689846868e-04,1.3483758213243339e-04
966,4.2265739414459685e-04,1.3500540320819394e-04
967,4.2221927135742665e-04,1.3517316122196364e-04
968,4.2178200598736273e-04,1.3534085620602574e-04
969,4.2134559549515075e-04,1.3550848819250712e-04
970,4.2091003735176532e-04,1.3567605721391906e-04
971,4.2047532903849184e-04,1.3584356330262427e-04
972,4.2004146804664480e-04,1.3601100649132441e-04
973,4.1960845187779524e-04,1.3617838681268820e-04
974,4.1917627804347746e-04,1.3634570429951778e-04
975,4.1874494406528442e-04,1.3651295898472590e-04
976,4.1831444747475878e-04,1.3668015090137004e-04
977,4.1788478581333285e-04,1.3684728008255285e-04
978,4.1745595663236106e-04,1.3701434656145960e-04
979,4.1702795749289025e-04,1.3718135037148942e-04
980,4.1660078596585093e-04,1.3734829154600926e-04
981,4.1617443963181251e-04,1.3751517011850929e-04
982,4.1574891608099239e-04,1.3768198612262658e-04
983,4.1532421291327475e-04,1.3784873959204956e-04
984,4.1490032773806081e-04,1.3801543056057194e-04
985,4.1447725817425282e-04,1.3818205906206406e-04
986,4.1405500185030575e-04,1.3834862513053463e-04
987,4.1363355640394950e-04,1.3851512879999592e-04
988,4.1321291948241028e-04,1.3868157010461069e-04
989,4.1279308874219605e-04,1.3884794907855356e-04
990,4.1237406184904115e-04,1.3901426575616652e-04
991,4.1195583647799455e-04,1.3918052017185002e-04
992,4.1153841031318754e-04,1.3934671236008814e-04
993,4.1112178104800467e-04,1.3951284235533360e-04
994,4.1070594638481175e-04,1.3967891019232387e-04
995,4.1029090403508096e-04,1.3984491590571043e-04
996,4.0987665171926362e-04,1.4001085953025837e-04
997,4.0946318716679291e-04,1.4017674110080610e-04
998,4.0905050811595279e-04,1.4034256065229489e-04
999,4.0863861231396035e-04,1.4050831821972121e-04
1000,4.0822749751678796e-04,1.4067401383813485e-04
1001,4.0781716148926444e-04,1.4083964754267123e-04
1002,4.0740760200485806e-04,1.4100521936856784e-04
1003,4.0699881684579543e-04,1.4117072935101470e-04
1004,4.0659080380293325e-04,1.4133617752539669e-04
1005,4.0618356067572602e-04,1.4150156392708329e-04
1006,4.0577708527219237e-04,1.4166688859152123e-04
1007,4.0537137540887160e-04,1.4183215155426246e-04
1008,4.0496642891075998e-04,1.4199735285086405e-04
1009,4.0456224361133414e-04,1.4216249251692333e-04
1010,4.0415881735242500e-04,1.4232757058819638e-04
1011,4.0375614798420834e-04,1.4249258710041936e-04
1012,4.0335423336520615e-04,1.4265754208939242e-04
1013,4.0295307136218889e-04,1.4282243559097740e-04
1014,4.0255265985015952e-04,1.4298726764110594e-04
1015,4.0215299671232999e-04,1.4315203827572104e-04
1016,4.0175407984002027e-04,1.4331674753089644e-04
1017,4.0135590713268786e-04,1.4348139544264371e-04
1018,4.0095847649784816e-04,1.4364598204708376e-04
1019,4.0056178585105552e-04,1.4381050738044204e-04
1020,4.0016583311585079e-04,1.4397497147890820e-04
1021,3.9977061622372074e-04,1.4413937437873859e-04
1022,3.9937613311408693e-04,1.4430371611622928e-04
1023,3.9898238173420190e-04,1.4446799672774712e-04
1024,3.9858936003920985e-04,1.4463221624968776e-04
1025,3.9819706599200091e-04,1.4479637471855302e-04
1026,3.9780549756326049e-04,1.4496047217075521e-04
1027,3.9741465273139824e-04,1.4512450864283656e-04
1028,3.9702452948245538e-04,1.4528848417133858e-04
1029,3.9663512581020308e-04,1.4545239879289420e-04
1030,3.9624643971595446e-04,1.4561625254409943e-04
1031,3.9585846920864591e-04,1.4578004546169173e-04
1032,3.9547121230471753e-04,1.4594377758234446e-04
1033,3.9508466702812477e-04,1.4610744894280470e-04
1034,3.9469883141029783e-04,1.4627105957989653e-04
1035,3.9431370349006024e-04,1.4643460953038239e-04
1036,3.9392928131368741e-04,1.4659809883114982e-04
1037,3.9354556293475862e-04,1.4676152751903754e-04
1038,3.9316254641420415e-04,1.4692489563093415e-04
1039,3.9278022982024749e-04,1.4708820320389192e-04
1040,3.9239861122833630e-04,1.4725145027475787e-04
1041,3.9201768872118326e-04,1.4741463688060292e-04
1042,3.9163746038860654e-04,1.4757776305846841e-04
1043,3.9125792432769202e-04,1.4774082884531361e-04
1044,3.9087907864250566e-04,1.4790383427831438e-04
1045,3.9050092144433290e-04,1.4806677939448881e-04
1046,3.9012345085137921e-04,1.4822966423106554e-04
1047,3.8974666498893231e-04,1.4839248882509212e-04
1048,3.8937056198930475e-04,1.4855525321378260e-04
1049,3.8899513999163954e-04,1.4871795743437392e-04
1050,3.8862039714209314e-04,1.4888060152406062e-04
1051,3.8824633159369068e-04,1.4904318552001381e-04
1052,3.8787294150626161e-04,1.4920570945958135e-04
1053,3.8750022504646723e-04,1.4936817337998112e-04
1054,3.8712818038781724e-04,1.4953057731854197e-04
1055,3.8675680571050242e-04,1.4969292131257217e-04
1056,3.8638609920145533e-04,1.4985520539938279e-04
1057,3.8601605905429459e-04,1.5001742961631449e-04
1058,3.8564668346935356e-04,1.5017959400074506e-04
1059,3.8527797065348310e-04,1.5034169859005117e-04
1060,3.8490991882023421e-04,1.5050374342160373e-04
1061,3.8454252618969189e-04,1.5066572853282589e-04
1062,3.8417579098844575e-04,1.5082765396115183e-04
1063,3.8380971144961638e-04,1.5098951974396588e-04
1064,3.8344428581281031e-04,1.5115132591873013e-04
1065,3.8307951232404786e-04,1.5131307252286668e-04
1066,3.8271538923579583e-04,1.5147475959388496e-04
1067,3.8235191480685891e-04,1.5163638716918869e-04
1068,3.8198908730244788e-04,1.5179795528631569e-04
1069,3.8162690499406811e-04,1.5195946398277214e-04
1070,3.8126536615953855e-04,1.5212091329600000e-04
1071,3.8090446908291519e-04,1.5228230326347757e-04
1072,3.8054421205453655e-04,1.5244363392277765e-04
1073,3.8018459337089120e-04,1.5260490531136998e-04
1074,3.7982561133472696e-04,1.5276611746681422e-04
1075,3.7946726425484324e-04,1.5292727042660759e-04
1076,3.7910955044623420e-04,1.5308836422825783e-04
1077,3.7875246822998543e-04,1.5324939890935723e-04
1078,3.7839601593321961e-04,1.5341037450734360e-04
1079,3.7804019188910606e-04,1.5357129105986539e-04
1080,3.7768499443683993e-04,1.5373214860438974e-04
1081,3.7733042192159293e-04,1.5389294717846845e-04
1082,3.7697647269447726e-04,1.5405368681963987e-04
1083,3.7662314511256864e-04,1.5421436756550016e-04
1084,3.7627043753880239e-04,1.5437498945351297e-04
1085,3.7591834834200513e-04,1.5453555252123568e-04
1086,3.7556687589687931e-04,1.5469605680623177e-04
1087,3.7521601858389836e-04,1.5485650234602937e-04
1088,3.7486577478937409e-04,1.5501688917815079e-04
1089,3.7451614290533029e-04,1.5517721734016401e-04
1090,3.7416712132962138e-04,1.5533748686952998e-04
1091,3.7381870846573279e-04,1.5549769780383752e-04
1092,3.7347090272289078e-04,1.5565785018055583e-04
1093,3.7312370251595686e-04,1.5581794403722414e-04
1094,3.7277710626542834e-04,1.5597797941137772e-04
1095,3.7243111239744053e-04,1.5613795634049913e-04
1096,3.7208571934371976e-04,1.5629787486208483e-04
1097,3.7174092554150717e-04,1.5645773501357890e-04
1098,3.7139672943362940e-04,1.5661753683253774e-04
1099,3.7105312946841444e-04,1.5677728035640089e-04
1100,3.7071012409965168e-04,1.5693696562263688e-04
1101,3.7036771178661324e-04,1.5709659266876082e-04
1102,3.7002589099403155e-04,1.5725616153213948e-04
1103,3.6968466019199721e-04,1.5741567225020629e-04
1104,3.6934401785603926e-04,1.5757512486051561e-04
1105,3.6900396246702987e-04,1.5773451940037463e-04
1106,3.6866449251116926e-04,1.5789385590721992e-04
1107,3.6832560648002269e-04,1.5805313441847289e-04
1108,3.6798730287038861e-04,1.5821235497152640e-04
1109,3.6764958018436383e-04,1.5837151760372998e-04
1110,3.6731243692930438e-04,1.5853062235247450e-04
1111,3.6697587161778350e-04,1.5868966925505667e-04
1112,3.6663988276751510e-04,1.5884865834887830e-04
1113,3.6630446890150212e-04,1.5900758967121167e-04
1114,3.6596962854779834e-04,1.5916646325946470e-04
1115,3.6563536023963435e-04,1.5932527915082708e-04
1116,3.6530166251533757e-04,1.5948403738261520e-04
1117,3.6496853391834207e-04,1.5964273799211703e-04
1118,3.6463597299709574e-04,1.5980138101657088e-04
1119,3.6430397830513705e-04,1.5995996649321247e-04
1120,3.6397254840099210e-04,1.6011849445927496e-04
1121,3.6364168184819487e-04,1.6027696495190597e-04
1122,3.6331137721524174e-04,1.6043537800842640e-04
1123,3.6298163307561012e-04,1.6059373366589870e-04
1124,3.6265244800764708e-04,1.6075203196145885e-04
1125,3.6232382059467121e-04,1.6091027293230978e-04
1126,3.6199574942486824e-04,1.6106845661556556e-04
1127,3.6166823309124243e-04,1.6122658304830096e-04
1128,3.6134127019174002e-04,1.6138465226757848e-04
1129,3.6101485932900655e-04,1.6154266431050952e-04
1130,3.6068899911059798e-04,1.6170061921411312e-04
1131,3.6036368814878133e-04,1.6185851701538978e-04
1132,3.6003892506062079e-04,1.6201635775142141e-04
1133,3.5971470846788583e-04,1.6217414145908285e-04
1134,3.5939103699710051e-04,1.6233186817542737e-04
1135,3.5906790927946663e-04,1.6248953793732076e-04
1136,3.5874532395083908e-04,1.6264715078177284e-04
1137,3.5842327965179989e-04,1.6280470674559180e-04
1138,3.5810177502746944e-04,1.6296220586572622e-04
1139,3.5778080872765828e-04,1.6311964817900616e-04
1140,3.5746037940676586e-04,1.6327703372223285e-04
1141,3.5714048572373260e-04,1.6343436253229282e-04
1142,3.5682112634206886e-04,1.6359163464588981e-04
1143,3.5650229992983891e-04,1.6374885009986799e-04
1144,3.5618400515960674e-04,1.6390600893093123e-04
1145,3.5586624070844410e-04,1.6406311117580350e-04
1146,3.5554900525786839e-04,1.6422015687115720e-04
1147,3.5523229749394504e-04,1.6437714605369429e-04
1148,3.5491611610704199e-04,1.6453407876006599e-04
1149,3.5460045979206981e-04,1.6469095502688038e-04
1150,3.5428532724826752e-04,1.6484777489073231e-04
1151,3.5397071717928981e-04,1.6500453838816885e-04
1152,3.5365662829314097e-04,1.6516124555581398e-04
1153,3.5334305930218311e-04,1.6531789643011352e-04
1154,3.5303000892309425e-04,1.6547449104763160e-04
1155,3.5271747587683702e-04,1.6563102944474535e-04
1156,3.5240545888873389e-04,1.6578751165795340e-04
1157,3.5209395668829054e-04,1.6594393772370312e-04
1158,3.5178296800933830e-04,1.6610030767838228e-04
1159,3.5147249158987539e-04,1.6625662155828820e-04
1160,3.5116252617218213e-04,1.6641287939977601e-04
1161,3.5085307050271102e-04,1.6656908123921700e-04
1162,3.5054412333205979e-04,1.6672522711282269e-04
1163,3.5023568341506245e-04,1.6688131705690820e-04
1164,3.4992774951062954e-04,1.6703735110764232e-04
1165,3.4962032038181849e-04,1.6719332930129380e-04
1166,3.4931339479583808e-04,1.6734925167394396e-04
1167,3.4900697152392133e-04,1.6750511826178364e-04
1168,3.4870104934143614e-04,1.6766092910096696e-04
1169,3.4839562702776786e-04,1.6781668422753346e-04
1170,3.4809070336637828e-04,1.6797238367751991e-04
1171,3.4778627714471201e-04,1.6812802748694580e-04
1172,3.4748234715424711e-04,1.6828361569186406e-04
1173,3.4717891219046738e-04,1.6843914832822369e-04
1174,3.4687597105277477e-04,1.6859462543196207e-04
1175,3.4657352254459714e-04,1.6875004703894870e-04
1176,3.4627156547324147e-04,1.6890541318507769e-04
1177,3.4597009864999146e-04,1.6906072390624477e-04
1178,3.4566912088997126e-04,1.6921597923819689e-04
1179,3.4536863101226195e-04,1.6937117921679551e-04
1180,3.4506862783981250e-04,1.6952632387768016e-04
1181,3.4476911019934155e-04,1.6968141325670094e-04
1182,3.4447007692155760e-04,1.6983644738949031e-04
1183,3.4417152684085257e-04,1.6999142631174251e-04
1184,3.4387345879552785e-04,1.7014635005901536e-04
1185,3.4357587162763144e-04,1.7030121866699936e-04
1186,3.4327876418297821e-04,1.7045603217118004e-04
1187,3.4298213531122238e-04,1.7061079060715970e-04
1188,3.4268598386563855e-04,1.7076549401041046e-04
1189,3.4239030870336569e-04,1.7092014241641443e-04
1190,3.4209510868514817e-04,1.7107473586060466e-04
1191,3.4180038267551754e-04,1.7122927437839144e-04
1192,3.4150612954263139e-04,1.7138375800511023e-04
1193,3.4121234815834653e-04,1.7153818677617349e-04
1194,3.4091903739817556e-04,1.7169256072683246e-04
1195,3.4062619614122838e-04,1.7184687989237838e-04
1196,3.4033382327031234e-04,1.7200114430810284e-04
1197,3.4004191767177100e-04,1.7215535400915631e-04
1198,3.3975047823561603e-04,1.7230950903075198e-04
1199,3.3945950385535725e-04,1.7246360940798689e-04
1200,3.3916899342813597e-04,1.7261765517601486e-04
1201,3.3887894585460664e-04,1.7277164636989232e-04
1202,3.3858936003898672e-04,1.7292558302467944e-04
1203,3.3830023488900439e-04,1.7307946517540574e-04
1204,3.3801156931586630e-04,1.7323329285694102e-04
1205,3.3772336223432642e-04,1.7338706610433181e-04
1206,3.3743561256257491e-04,1.7354078495246408e-04
1207,3.3714831922230815e-04,1.7369444943615583e-04
1208,3.3686148113855926e-04,1.7384805959031816e-04
1209,3.3657509723997593e-04,1.7400161544972007e-04
1210,3.3628916645849117e-04,1.7415511704910571e-04
1211,3.3600368772949485e-04,1.7430856442328331e-04
1212,3.3571865999177227e-04,1.7446195760687506e-04
1213,3.3543408218745607e-04,1.7461529663458214e-04
1214,3.3514995326210562e-04,1.7476858154102712e-04
1215,3.3486627216458532e-04,1.7492181236077937e-04
1216,3.3458303784709455e-04,1.7507498912846777e-04
1217,3.3430024926520141e-04,1.7522811187856439e-04
1218,3.3401790537773972e-04,1.7538118064553519e-04
1219,3.3373600514687523e-04,1.7553419546388708e-04
1220,3.3345454753806530e-04,1.7568715636803305e-04
1221,3.3317353151998078e-04,1.7584006339233047e-04
1222,3.3289295606462872e-04,1.7599291657110491e-04
1223,3.3261282014720111e-04,1.7614571593871863e-04
1224,3.3233312274616201e-04,1.7629846152940310e-04
1225,3.3205386284319112e-04,1.7645115337746095e-04
1226,3.3177503942313200e-04,1.7660379151701413e-04
1227,3.3149665147409486e-04,1.7675637598231223e-04
1228,3.3121869798730406e-04,1.7690890680742747e-04
1229,3.3094117795718893e-04,1.7706138402646761e-04
1230,3.3066409038133663e-04,1.7721380767354557e-04
1231,3.3038743426044680e-04,1.7736617778258513e-04
1232,3.3011120859837757e-04,1.7751849438766293e-04
1233,3.2983541240209360e-04,1.7767075752266926e-04
1234,3.2956004468168469e-04,1.7782296722153234e-04
1235,3.2928510445028351e-04,1.7797512351814090e-04
1236,3.2901059072419045e-04,1.7812722644639192e-04
1237,3.2873650252266247e-04,1.7827927603996396e-04
1238,3.2846283886812098e-04,1.7843127233274414e-04
1239,3.2818959878594970e-04,1.7858321535838952e-04
1240,3.2791678130461523e-04,1.7873510515062656e-04
1241,3.2764438545556903e-04,1.7888694174310067e-04
1242,3.2737241027331671e-04,1.7903872516944133e-04
1243,3.2710085479530126e-04,1.7919045546318412e-04
1244,3.2682971806200059e-04,1.7934213265800386e-04
1245,3.2655899911684586e-04,1.7949375678725322e-04
1246,3.2628869700619331e-04,1.7964532788452317e-04
1247,3.2601881077942642e-04,1.7979684598321043e-04
1248,3.2574933948880015e-04,1.7994831111669356e-04
1249,3.2548028218951227e-04,1.8009972331830147e-04
1250,3.2521163793969917e-04,1.8025108262144601e-04
1251,3.2494340580035215e-04,1.8040238905940527e-04
1252,3.2467558483541357e-04,1.8055364266538116e-04
1253,3.2440817411167082e-04,1.8070484347254957e-04
1254,3.2414117269874637e-04,1.8085599151420760e-04
1255,3.2387457966921642e-04,1.8100708682342108e-04
1256,3.2360839409836329e-04,1.8115812943325779e-04
1257,3.2334261506449078e-04,1.8130911937682179e-04
1258,3.2307724164853713e-04,1.8146005668715653e-04
1259,3.2281227293436701e-04,1.8161094139718613e-04
1260,3.2254770800861312e-04,1.8176177353992188e-04
1261,3.2228354596071531e-04,1.8191255314827442e-04
1262,3.2201978588287478e-04,1.8206328025508809e-04
1263,3.2175642687005723e-04,1.8221395489319612e-04
1264,3.2149346802002557e-04,1.8236457709544138e-04
1265,3.2123090843323021e-04,1.8251514689457459e-04
1266,3.2096874721291538e-04,1.8266566432331325e-04
1267,3.2070698346503204e-04,1.8281612941427642e-04
1268,3.2044561629822555e-04,1.8296654220020927e-04
1269,3.2018464482388634e-04,1.8311690271370637e-04
1270,3.1992406815605303e-04,1.8326721098731031e-04
1271,3.1966388541148548e-04,1.8341746705360983e-04
1272,3.1940409570960676e-04,1.8356767094503183e-04
1273,3.1914469817251242e-04,1.8371782269408445e-04
1274,3.1888569192490559e-04,1.8386792233314570e-04
1275,3.1862707609420172e-04,1.8401796989468797e-04
1276,3.1836884981041336e-04,1.8416796541095870e-04
1277,3.1811101220617074e-04,1.8431790891432147e-04
1278,3.1785356241671226e-04,1.8446780043705779e-04
1279,3.1759649957990236e-04,1.8461764001135084e-04
1280,3.1733982283619402e-04,1.8476742766946531e-04
1281,3.1708353132862976e-04,1.8491716344349002e-04
1282,3.1682762420274531e-04,1.8506684736561155e-04
1283,3.1657210060676564e-04,1.8521647946785025e-04
1284,3.1631695969139479e-04,1.8536605978227631e-04
1285,3.1606220060988508e-04,1.8551558834090849e-04
1286,3.1580782251803104e-04,1.8566506517569839e-04
1287,3.1555382457415244e-04,1.8581449031861220e-04
1288,3.1530020593908238e-04,1.8596386380146361e-04
1289,3.1504696577613959e-04,1.8611318565621109e-04
1290,3.1479410325119966e-04,1.8626245591458495e-04
1291,3.1454161753253514e-04,1.8641167460838268e-04
1292,3.1428950779093786e-04,1.8656084176940706e-04
1293,3.1403777319971370e-04,1.8670995742931288e-04
1294,3.1378641293454017e-04,1.8685902161975088e-04
1295,3.1353542617359792e-04,1.8700803437234607e-04
1296,3.1328481209748235e-04,1.8715699571876678e-04
1297,3.1303456988922805e-04,1.8730590569046959e-04
1298,3.1278469873430385e-04,1.8745476431897577e-04
1299,3.1253519782054360e-04,1.8760357163584394e-04
1300,3.1228606633825140e-04,1.8775232767246001e-04
1301,3.1203730348004245e-04,1.8790103246022716e-04
1302,3.1178890844099622e-04,1.8804968603046773e-04
1303,3.1154088041854185e-04,1.8819828841457335e-04
1304,3.1129321861241954e-04,1.8834683964381654e-04
1305,3.1104592222479038e-04,1.8849533974939881e-04
1306,3.1079899046016981e-04,1.8864378876259693e-04
1307,3.1055242252534085e-04,1.8879218671454358e-04
1308,3.1030621762948008e-04,1.8894053363639800e-04
1309,3.1006037498409209e-04,1.8908882955920927e-04
1310,3.0981489380295022e-04,1.8923707451410751e-04
1311,3.0956977330213878e-04,1.8938526853207508e-04
1312,3.0932501270006680e-04,1.8953341164413908e-04
1313,3.0908061121743283e-04,1.8968150388116100e-04
1314,3.0883656807716056e-04,1.8982954527415859e-04
1315,3.0859288250451782e-04,1.8997753585389202e-04
1316,3.0834955372694681e-04,1.9012547565127688e-04
1317,3.0810658097423947e-04,1.9027336469710265e-04
1318,3.0786396347838796e-04,1.9042120302210057e-04
1319,3.0762170047355552e-04,1.9056899065700324e-04
1320,3.0737979119626046e-04,1.9071672763249718e-04
1321,3.0713823488514301e-04,1.9086441397921138e-04
1322,3.0689703078111256e-04,1.9101204972784018e-04
1323,3.0665617812723615e-04,1.9115963490884061e-04
1324,3.0641567616878799e-04,1.9130716955276551e-04
1325,3.0617552415328539e-04,1.9145465369018122e-04
1326,3.0593572133030974e-04,1.9160208735151805e-04
1327,3.0569626695174543e-04,1.9174947056715692e-04
1328,3.0545716027153115e-04,1.9189680336748329e-04
1329,3.0521840054583289e-04,1.9204408578292823e-04
1330,3.0497998703291415e-04,1.9219131784374639e-04
1331,3.0474191899320443e-04,1.9233849958018512e-04
1332,3.0450419568927049e-04,1.9248563102252080e-04
1333,3.0426681638578507e-04,1.9263271220092953e-04
1334,3.0402978034952175e-04,1.9277974314560475e-04
1335,3.0379308684941358e-04,1.9292672388660545e-04
1336,3.0355673515642892e-04,1.9307365445411426e-04
1337,3.0332072454368470e-04,1.9322053487806249e-04
1338,3.0308505428633154e-04,1.9336736518854743e-04
1339,3.0284972366166900e-04,1.9351414541555516e-04
1340,3.0261473194897743e-04,1.9366087558898956e-04
1341,3.0238007842963875e-04,1.9380755573871129e-04
1342,3.0214576238713858e-04,1.9395418589466073e-04
1343,3.0191178310689463e-04,1.9410076608661217e-04
1344,3.0167813987650030e-04,1.9424729634441338e-04
1345,3.0144483198546598e-04,1.9439377669776538e-04
1346,3.0121185872539289e-04,1.9454020717641368e-04
1347,3.0097921938985079e-04,1.9468658781001739e-04
1348,3.0074691327449169e-04,1.9483291862823919e-04
1349,3.0051493967688984e-04,1.9497919966066635e-04
1350,3.0028329789664858e-04,1.9512543093686761e-04
1351,3.0005198723538856e-04,1.9527161248638134e-04
1352,2.9982100699663897e-04,1.9541774433873976e-04
1353,2.9959035648597846e-04,1.9556382652338800e-04
1354,2.9936003501091765e-04,1.9570985906967631e-04
1355,2.9913004188089425e-04,1.9585584200709530e-04
1356,2.9890037640736947e-04,1.9600177536494294e-04
1357,2.9867103790368347e-04,1.9614765917253755e-04
1358,2.9844202568516049e-04,1.9629349345916911e-04
1359,2.9821333906902375e-04,1.9643927825404263e-04
1360,2.9798497737443822e-04,1.9658501358640198e-04
1361,2.9775693992246911e-04,1.9673069948542823e-04
1362,2.9752922603611451e-04,1.9687633598017992e-04
1363,2.9730183504028017e-04,1.9702192309985363e-04
1364,2.9707476626170994e-04,1.9716746087340513e-04
1365,2.9684801902910701e-04,1.9731294932996381e-04
1366,2.9662159267303164e-04,1.9745838849843900e-04
1367,2.9639548652590298e-04,1.9760377840780373e-04
1368,2.9616969992205677e-04,1.9774911908699422e-04
1369,2.9594423219758730e-04,1.9789441056486222e-04
1370,2.9571908269059906e-04,1.9803965287024707e-04
1371,2.9549425074092004e-04,1.9818484603199287e-04
1372,2.9526973569026931e-04,1.9832999007882604e-04
1373,2.9504553688218603e-04,1.9847508503952391e-04
1374,2.9482165366208449e-04,1.9862013094277620e-04
1375,2.9459808537711670e-04,1.9876512781722197e-04
1376,2.9437483137634962e-04,1.9891007569149596e-04
1377,2.9415189101057796e-04,1.9905497459422788e-04
1378,2.9392926363246369e-04,1.9919982455391942e-04
1379,2.9370694859636934e-04,1.9934462559918805e-04
1380,2.9348494525861178e-04,1.9948937775838497e-04
1381,2.9326325297711169e-04,1.9963408106002712e-04
1382,2.9304187111170888e-04,1.9977873553255591e-04
1383,2.9282079902391767e-04,1.9992334120433002e-04
1384,2.9260003607706707e-04,2.0006789810367157e-04
1385,2.9237958163624671e-04,2.0021240625895715e-04
1386,2.9215943506829428e-04,2.0035686569836814e-04
1387,2.9193959574175943e-04,2.0050127645022454e-04
1388,2.9172006302698986e-04,2.0064563854264988e-04
1389,2.9150083629601848e-04,2.0078995200388598e-04
1390,2.9128191492263072e-04,2.0093421686200811e-04
1391,2.9106329828234597e-04,2.0107843314519806e-04
1392,2.9084498575236923e-04,2.0122260088142505e-04
1393,2.9062697671162547e-04,2.0136672009879084e-04
1394,2.9040927054077949e-04,2.0151079082518562e-04
1395,2.9019186662212739e-04,2.0165481308868124e-04
1396,2.8997476433971725e-04,2.0179878691712550e-04
1397,2.8975796307925228e-04,2.0194271233846302e-04
1398,2.8954146222813488e-04,2.0208658938053960e-04
1399,2.8932526117539696e-04,2.0223041807114253e-04
1400,2.8910935931182678e-04,2.0237419843805297e-04
1401,2.8889375602978102e-04,2.0251793050904719e-04
1402,2.8867845072332081e-04,2.0266161431185727e-04
1403,2.8846344278816435e-04,2.0280524987414158e-04
1404,2.8824873162166333e-04,2.0294883722352057e-04
1405,2.8803431662279157e-04,2.0309237638765513e-04
1406,2.8782019719218819e-04,2.0323586739407073e-04
1407,2.8760637273209116e-04,2.0337931027035697e-04
1408,2.8739284264639632e-04,2.0352270504402653e-04
1409,2.8717960634060303e-04,2.0366605174252720e-04
1410,2.8696666322177697e-04,2.0380935039330646e-04
1411,2.8675401269865464e-04,2.0395260102376941e-04
1412,2.8654165418154533e-04,2.0409580366130732e-04
1413,2.8632958708235196e-04,2.0423895833322580e-04
1414,2.8611781081456660e-04,2.0438206506687151e-04
1415,2.8590632479326877e-04,2.0452512388945880e-04
1416,2.8569512843512737e-04,2.0466813482831765e-04
1417,2.8548422115832708e-04,2.0481109791052759e-04
1418,2.8527360238271657e-04,2.0495401316337445e-04
1419,2.8506327152961228e-04,2.0509688061391582e-04
1420,2.8485322802196161e-04,2.0523970028931088e-04
1421,2.8464347128421527e-04,2.0538247221658034e-04
1422,2.8443400074237049e-04,2.0552519642277699e-04
1423,2.8422481582401291e-04,2.0566787293494791e-04
1424,2.8401591595818846e-04,2.0581050177998953e-04
1425,2.8380730057554358e-04,2.0595308298486544e-04
1426,2.8359896910819851e-04,2.0609561657648651e-04
1427,2.8339092098984066e-04,2.0623810258169067e-04
1428,2.8318315565562435e-04,2.0638054102736536e-04
1429,2.8297567254223082e-04,2.0652293194027143e-04
1430,2.8276847108786563e-04,2.0666527534718665e-04
1431,2.8256155073219159e-04,2.0680757127483745e-04
1432,2.8235491091640395e-04,2.0694981974997312e-04
1433,2.8214855108317966e-04,2.0709202079919418e-04
1434,2.8194247067664922e-04,2.0723417444918873e-04
1435,2.8173666914246045e-04,2.0737628072651785e-04
1436,2.8153114592770732e-04,2.0751833965781198e-04
1437,2.8132590048096521e-04,2.0766035126956693e-04
1438,2.8112093225226398e-04,2.0780231558828290e-04
1439,2.8091624069310659e-04,2.0794423264045451e-04
1440,2.8071182525644418e-04,2.0808610245253865e-04
1441,2.8050768539663847e-04,2.0822792505089093e-04
1442,2.8030382056957450e-04,2.0836970046191828e-04
1443,2.8010023023250876e-04,2.0851142871194413e-04
1444,2.7989691384413878e-04,2.0865310982731195e-04
1445,2.7969387086462989e-04,2.0879474383426192e-04
1446,2.7949110075553552e-04,2.0893633075906134e-04
1447,2.7928860297982388e-04,2.0907787062793661e-04
1448,2.7908637700191705e-04,2.0921936346704538e-04
1449,2.7888442228761679e-04,2.0936080930254641e-04
1450,2.7868273830412279e-04,2.0950220816053213e-04
1451,2.7848132452005646e-04,2.0964356006714259e-04
1452,2.7828018040542963e-04,2.0978486504836296e-04
1453,2.7807930543164594e-04,2.0992612313026917e-04
1454,2.7787869907146295e-04,2.1006733433881529e-04
1455,2.7767836079909140e-04,2.1020849869995766e-04
1456,2.7747829009003246e-04,2.1034961623968819e-04
1457,2.7727848642120973e-04,2.1049068698381928e-04
1458,2.7707894927094499e-04,2.1063171095824198e-04
1459,2.7687967811884705e-04,2.1077268818872486e-04
1460,2.7668067244591575e-04,2.1091361870122558e-04
1461,2.7648193173453645e-04,2.1105450252134514e-04
1462,2.7628345546839385e-04,2.1119533967489678e-04
1463,2.7608524313256353e-04,2.1133613018758829e-04
1464,2.7588729421340553e-04,2.1147687408504766e-04
1465,2.7568960819869705e-04,2.1161757139297004e-04
1466,2.7549218457744703e-04,2.1175822213694674e-04
1467,2.7529502284008567e-04,2.1189882634255642e-04
1468,2.7509812247828455e-04,2.1203938403532090e-04
1469,2.7490148298510935e-04,2.1217989524079944e-04
1470,2.7470510385487845e-04,2.1232035998444400e-04
1471,2.7450898458324671e-04,2.1246077829173597e-04
1472,2.7431312466718580e-04,2.1260115018806888e-04
1473,2.7411752360491278e-04,2.1274147569885527e-04
1474,2.7392218089606149e-04,2.1288175484942705e-04
1475,2.7372709604137199e-04,2.1302198766516851e-04
1476,2.7353226854306370e-04,2.1316217417134621e-04
1477,2.7333769790451609e-04,2.1330231439326507e-04
1478,2.7314338363043281e-04,2.1344240835609166e-04
1479,2.7294932522679545e-04,2.1358245608513394e-04
1480,2.7275552220083559e-04,2.1372245760546203e-04
1481,2.7256197406106048e-04,2.1386241294228512e-04
1482,2.7236868031723440e-04,2.1400232212073159e-04
1483,2.7217564048042904e-04,2.1414218516585499e-04
1484,2.7198285406289472e-04,2.1428200210271608e-04
1485,2.7179032057818558e-04,2.1442177295639438e-04
1486,2.7159803954104195e-04,2.1456149775179469e-04
1487,2.7140601046755930e-04,2.1470117651396000e-04
1488,2.7121423287492636e-04,2.1484080926777334e-04
1489,2.7102270628167274e-04,2.1498039603818351e-04
1490,2.7083143020754127e-04,2.1511993685001976e-04
1491,2.7064040417345008e-04,2.1525943172816237e-04
1492,2.7044962770157206e-04,2.1539888069742184e-04
1493,2.7025910031532469e-04,2.1553828378259013e-04
1494,2.7006882153928689e-04,2.1567764100840874e-04
1495,2.6987879089929211e-04,2.1581695239960614e-04
1496,2.6968900792233237e-04,2.1595621798089877e-04
1497,2.6949947213665337e-04,2.1609543777691208e-04
1498,2.6931018307168160e-04,2.1623461181230727e-04
1499,2.6912114025799450e-04,2.1637374011175195e-04
1500,2.6893234322743491e-04,2.1651282269972332e-04
1501,2.6874379151296313e-04,2.1665185960081476e-04
1502,2.6855548464878532e-04,2.1679085083957129e-04
1503,2.6836742217021121e-04,2.1692979644041881e-04
1504,2.6817960361380966e-04,2.1706869642789683e-04
1505,2.6799202851723902e-04,2.1720755082635319e-04
1506,2.6780469641938723e-04,2.1734635966031823e-04
1507,2.6761760686028424e-04,2.1748512295401490e-04
1508,2.6743075938110198e-04,2.1762384073187760e-04
1509,2.6724415352420017e-04,2.1776251301822703e-04
1510,2.6705778883306833e-04,2.1790113983730084e-04
1511,2.6687166485233347e-04,2.1803972121338822e-04
1512,2.6668578112781468e-04,2.1817825717072381e-04
1513,2.6650013720643900e-04,2.1831674773350641e-04
1514,2.6631473263624288e-04,2.1845519292585516e-04
1515,2.6612956696646833e-04,2.1859359277199219e-04
1516,2.6594463974741569e-04,2.1873194729601767e-04
1517,2.6575995053057272e-04,2.1887025652195428e-04
1518,2.6557549886847186e-04,2.1900852047390738e-04
1519,2.6539128431485065e-04,2.1914673917592504e-04
1520,2.6520730642454014e-04,2.1928491265196231e-04
1521,2.6502356475342157e-04,2.1942304092601589e-04
1522,2.6484005885858025e-04,2.1956112402202996e-04
1523,2.6465678829810702e-04,2.1969916196393197e-04
1524,2.6447375263128942e-04,2.1983715477555673e-04
1525,2.6429095141843609e-04,2.1997510248083355e-04
1526,2.6410838422101458e-04,2.2011300510354161e-04
1527,2.6392605060150686e-04,2.2025086266752030e-04
1528,2.6374395012357588e-04,2.2038867519650807e-04
1529,2.6356208235188297e-04,2.2052644271428154e-04
1530,2.6338044685222440e-04,2.2066416524457700e-04
1531,2.6319904319143842e-04,2.2080184281104094e-04
1532,2.6301787093747827e-04,2.2093947543734490e-04
1533,2.6283692965930214e-04,2.2107706314713224e-04
1534,2.6265621892702636e-04,2.2121460596400251e-04
1535,2.6247573831176017e-04,2.2135210391156129e-04
1536,2.6229548738566932e-04,2.2148955701338323e-04
1537,2.6211546572202534e-04,2.2162696529293125e-04
1538,2.6193567289514057e-04,2.2176432877371352e-04
1539,2.6175610848032323e-04,2.2190164747920007e-04
1540,2.6157677205400825e-04,2.2203892143290234e-04
1541,2.6139766319360265e-04,2.2217615065817364e-04
1542,2.6121878147761213e-04,2.2231333517842009e-04
1543,2.6104012648554923e-04,2.2245047501697347e-04
1544,2.6086169779793676e-04,2.2258757019717420e-04
1545,2.6068349499640720e-04,2.2272462074237768e-04
1546,2.6050551766351737e-04,2.2286162667582485e-04
1547,2.6032776538290574e-04,2.2299858802080622e-04
1548,2.6015023773926817e-04,2.2313550480047801e-04
1549,2.5997293431822275e-04,2.2327237703813330e-04
1550,2.5979585470648099e-04,2.2340920475681650e-04
1551,2.5961899849172456e-04,2.2354598797978616e-04
1552,2.5944236526265137e-04,2.2368272673015447e-04
1553,2.5926595460899727e-04,2.2381942103091949e-04
1554,2.5908976612142628e-04,2.2395607090521706e-04
1555,2.5891379939168484e-04,2.2409267637609880e-04
1556,2.5873805401245824e-04,2.2422923746654987e-04
1557,2.5856252957743951e-04,2.2436575419954407e-04
1558,2.5838722568130194e-04,2.2450222659806132e-04
1559,2.5821214191973607e-04,2.2463865468505653e-04
1560,2.5803727788940530e-04,2.2477503848339299e-04
1561,2.5786263318789955e-04,2.2491137801596361e-04
1562,2.5768820741384874e-04,2.2504767330560921e-04
1563,2.5751400016684953e-04,2.2518392437519125e-04
1564,2.5734001104743163e-04,2.2532013124750312e-04
1565,2.5716623965712577e-04,2.2545629394524238e-04
1566,2.5699268559840747e-04,2.2559241249128453e-04
1567,2.5681934847474920e-04,2.2572848690828010e-04
1568,2.5664622789055172e-04,2.2586451721894496e-04
1569,2.5647332345113839e-04,2.2600050344594026e-04
1570,2.5630063476286065e-04,2.2613644561190750e-04
1571,2.5612816143298406e-04,2.2627234373947969e-04
1572,2.5595590306969778e-04,2.2640819785123709e-04
1573,2.5578385928217475e-04,2.2654400796974446e-04
1574,2.5561202968050876e-04,2.2667977411756484e-04
1575,2.5544041387571441e-04,2.2681549631720972e-04
1576,2.5526901147980606e-04,2.2695117459114295e-04
1577,2.5509782210562731e-04,2.2708680896190084e-04
1578,2.5492684536705277e-04,2.2722239945180948e-04
1579,2.5475608087881544e-04,2.2735794608336912e-04
1580,2.5458552825661205e-04,2.2749344887895820e-04
1581,2.5441518711704953e-04,2.2762890786091243e-04
1582,2.5424505707762724e-04,2.2776432305162618e-04
1583,2.5407513775680540e-04,2.2789969447333265e-04
1584,2.5390542877391461e-04,2.2803502214833421e-04
1585,2.5373592974920492e-04,2.2817030609897443e-04
1586,2.5356664030387491e-04,2.2830554634742080e-04
1587,2.5339756005995792e-04,2.2844074291589200e-04
1588,2.5322868864045226e-04,2.2857589582661047e-04
1589,2.5306002566920607e-04,2.2871100510168192e-04
1590,2.5289157077100841e-04,2.2884607076328913e-04
1591,2.5272332357147576e-04,2.2898109283353232e-04
1592,2.5255528369719243e-04,2.2911607133450001e-04
1593,2.5238745077558105e-04,2.2925100628827530e-04
1594,2.5221982443497795e-04,2.2938589771683257e-04
1595,2.5205240430455403e-04,2.2952074564225856e-04
1596,2.5188519001440669e-04,2.2965555008646981e-04
1597,2.5171818119552848e-04,2.2979031107154158e-04
1598,2.5155137747969841e-04,2.2992502861932527e-04
1599,2.5138477849965488e-04,2.3005970275173575e-04
1600,2.5121838388896282e-04,2.3019433349070220e-04
1601,2.5105219328206573e-04,2.3032892085806051e-04
1602,2.5088620631425401e-04,2.3046346487568515e-04
1603,2.5072042262172523e-04,2.3059796556536104e-04
1604,2.5055484184146421e-04,2.3073242294890332e-04
1605,2.5038946361138686e-04,2.3086683704808133e-04
1606,2.5022428757018268e-04,2.3100120788465978e-04
1607,2.5005931335748125e-04,2.3113553548028074e-04
1608,2.4989454061367445e-04,2.3126981985677471e-04
1609,2.4972996898007833e-04,2.3140406103568865e-04
1610,2.4956559809876576e-04,2.3153825903871102e-04
1611,2.4940142761274470e-04,2.3167241388751431e-04
1612,2.4923745716578426e-04,2.3180652560365821e-04
1613,2.4907368640251983e-04,2.3194059420871400e-04
1614,2.4891011496842207e-04,2.3207461972424818e-04
1615,2.4874674250979041e-04,2.3220860217178102e-04
1616,2.4858356867376094e-04,2.3234254157284128e-04
1617,2.4842059310825729e-04,2.3247643794888214e-04
1618,2.4825781546206316e-04,2.3261029132138646e-04
1619,2.4809523538478663e-04,2.3274410171177863e-04
1620,2.4793285252683490e-04,2.3287786914148070e-04
1621,2.4777066653942339e-04,2.3301159363188931e-04
1622,2.4760867707458061e-04,2.3314527520431130e-04
1623,2.4744688378519635e-04,2.3327891388020582e-04
1624,2.4728528632488543e-04,2.3341250968074326e-04
1625,2.4712388434816417e-04,2.3354606262732482e-04
1626,2.4696267751024250e-04,2.3367957274123436e-04
1627,2.4680166546724587e-04,2.3381304004357163e-04
1628,2.4664084787599593e-04,2.3394646455576036e-04
1629,2.4648022439420362e-04,2.3407984629884534e-04
1630,2.4631979468026143e-04,2.3421318529412517e-04
1631,2.4615955839350079e-04,2.3434648156271472e-04
1632,2.4599951519390257e-04,2.3447973512572898e-04
1633,2.4583966474230669e-04,2.3461294600422974e-04
1634,2.4568000670034006e-04,2.3474611421939260e-04
1635,2.4552054073035339e-04,2.3487923979223163e-04
1636,2.4536126649558150e-04,2.3501232274381517e-04
1637,2.4520218365992708e-04,2.3514536309517724e-04
1638,2.4504329188813028e-04,2.3527836086724782e-04
1639,2.4488459084569562e-04,2.3541131608106018e-04
1640,2.4472608019889078e-04,2.3554422875752171e-04
1641,2.4456775961472676e-04,2.3567709891763418e-04
1642,2.4440962876106249e-04,2.3580992658225701e-04
1643,2.4425168730641519e-04,2.3594271177221736e-04
1644,2.4409393492012281e-04,2.3607545450843144e-04
1645,2.4393637127229765e-04,2.3620815481181277e-04
1646,2.4377899603378623e-04,2.3634081270303638e-04
1647,2.4362180887614615e-04,2.3647342820295618e-04
1648,2.4346480947176391e-04,2.3660600133237431e-04
1649,2.4330799749375039e-04,2.3673853211200741e-04
1650,2.4315137261593967e-04,2.3687102056257062e-04
1651,2.4299493451295791e-04,2.3700346670480621e-04
1652,2.4283868286009179e-04,2.3713587055938584e-04
1653,2.4268261733349935e-04,2.3726823214693582e-04
1654,2.4252673760992696e-04,2.3740055148812367e-04
1655,2.4237104336699550e-04,2.3753282860353340e-04
1656,2.4221553428299903e-04,2.3766506351384324e-04
1657,2.4206021003691562e-04,2.3779725623957078e-04
1658,2.4190507030855064e-04,2.3792940680123203e-04
1659,2.4175011477840455e-04,2.3806151521942929e-04
1660,2.4159534312762651e-04,2.3819358151456360e-04
1661,2.4144075503824213e-04,2.3832560570724126e-04
1662,2.4128635019285289e-04,2.3845758781786889e-04
1663,2.4113212827486008e-04,2.3858952786687531e-04
1664,2.4097808896840459e-04,2.3872142587468150e-04
1665,2.4082423195821189e-04,2.3885328186170731e-04
1666,2.4067055692990726e-04,2.3898509584832303e-04
1667,2.4051706356969407e-04,2.3911686785490563e-04
1668,2.4036375156451570e-04,2.3924859790176251e-04
1669,2.4021062060204976e-04,2.3938028600920788e-04
1670,2.4005767037068649e-04,2.3951193219755047e-04
1671,2.3990490055946141e-04,2.3964353648704177e-04
1672,2.3975231085815400e-04,2.3977509889792900e-04
1673,2.3959990095724794e-04,2.3990661945043866e-04
1674,2.3944767054791141e-04,2.4003809816477796e-04
1675,2.3929561932200814e-04,2.4016953506114601e-04
1676,2.3914374697210191e-04,2.4030093015970088e-04
1677,2.3899205319143752e-04,2.4043228348060282e-04
1678,2.3884053767397022e-04,2.4056359504395899e-04
1679,2.3868920011432956e-04,2.4069486486983640e-04
1680,2.3853804020780133e-04,2.4082609297833844e-04
1681,2.3838705765042033e-04,2.4095727938955856e-04
1682,2.3823625213885668e-04,2.4108842412352662e-04
1683,2.3808562337046714e-04,2.4121952720017889e-04
1684,2.3793517104327971e-04,2.4135058863960325e-04
1685,2.3778489485602592e-04,2.4148160846177238e-04
1686,2.3763479450809760e-04,2.4161258668655783e-04
1687,2.3748486969952658e-04,2.4174352333398676e-04
1688,2.3733512013107721e-04,2.4187441842393588e-04
1689,2.3718554550413240e-04,2.4200527197626245e-04
1690,2.3703614552075488e-04,2.4213608401086996e-04
1691,2.3688691988369434e-04,2.4226685454766948e-04
1692,2.3673786829632717e-04,2.4239758360638001e-04
1693,2.3658899046269567e-04,2.4252827120688333e-04
1694,2.3644028608753526e-04,2.4265891736893511e-04
1695,2.3629175487620724e-04,2.4278952211236320e-04
1696,2.3614339653471426e-04,2.4292008545686493e-04
1697,2.3599521076977077e-04,2.4305060742216901e-04
1698,2.3584719728867218e-04,2.4318108802796933e-04
1699,2.3569935579940878e-04,2.4331152729404373e-04
1700,2.3555168601061739e-04,2.4344192523992149e-04
1701,2.3540418763154025e-04,2.4357228188544663e-04
1702,2.3525686037212718e-04,2.4370259725002149e-04
1703,2.3510970394290904e-04,2.4383287135338407e-04
1704,2.3496271805510145e-04,2.4396310421513395e-04
1705,2.3481590242050752e-04,2.4409329585475277e-04
1706,2.3466925675164914e-04,2.4422344629186231e-04
1707,2.3452278076159047e-04,2.4435355554598156e-04
1708,2.3437647416410016e-04,2.4448362363659070e-04
1709,2.3423033667353525e-04,2.4461365058319222e-04
1710,2.3408436800490142e-04,2.4474363640524557e-04
1711,2.3393856787381063e-04,2.4487358112223686e-04
1712,2.3379293599655470e-04,2.4500348475353379e-04
1713,2.3364747208998746e-04,2.4513334731862072e-04
1714,2.3350217587160234e-04,2.4526316883683591e-04
1715,2.3335704705955540e-04,2.4539294932754776e-04
1716,2.3321208537254354e-04,2.4552268881009704e-04
1717,2.3306729052997478e-04,2.4565238730382330e-04
1718,2.3292266225175915e-04,2.4578204482811615e-04
1719,2.3277820025855038e-04,2.4591166140214548e-04
1720,2.3263390427150709e-04,2.4604123704522195e-04
1721,2.3248977401246019e-04,2.4617077177666426e-04
1722,2.3234580920381486e-04,2.4630026561560337e-04
1723,2.3220200956858568e-04,2.4642971858133300e-04
1724,2.3205837483043735e-04,2.4655913069303672e-04
1725,2.3191490471358205e-04,2.4668850196984547e-04
1726,2.3177159894284614e-04,2.4681783243093715e-04
1727,2.3162845724369278e-04,2.4694712209549904e-04
1728,2.3148547934213431e-04,2.4707637098256242e-04
1729,2.3134266496481999e-04,2.4720557911130282e-04
1730,2.3120001383895790e-04,2.4733474650068759e-04
1731,2.3105752569236673e-04,2.4746387316995183e-04
1732,2.3091520025348973e-04,2.4759295913798581e-04
1733,2.3077303725128678e-04,2.4772200442387384e-04
1734,2.3063103641536573e-04,2.4785100904661811e-04
1735,2.3048919747592437e-04,2.4797997302519444e-04
1736,2.3034752016369946e-04,2.4810889637855317e-04
1737,2.3020600421005900e-04,2.4823777912572406e-04
1738,2.3006464934689387e-04,2.4836662128547324e-04
1739,2.2992345530676019e-04,2.4849542287684454e-04
1740,2.2978242182271195e-04,2.4862418391870201e-04
1741,2.2964154862842155e-04,2.4875290442992492e-04
1742,2.2950083545814724e-04,2.4888158442932617e-04
1743,2.2936028204668455e-04,2.4901022393575636e-04
1744,2.2921988812940914e-04,2.4913882296805946e-04
1745,2.2907965344231096e-04,2.4926738154496518e-04
1746,2.2893957772190121e-04,2.4939589968529943e-04
1747,2.2879966070526948e-04,2.4952437740784574e-04
1748,2.2865990213010484e-04,2.4965281473132727e-04
1749,2.2852030173457522e-04,2.4978121167443658e-04
1750,2.2838085925753923e-04,2.4990956825590911e-04
1751,2.2824157443828994e-04,2.5003788449442312e-04
1752,2.2810244701676837e-04,2.5016616040864808e-04
1753,2.2796347673344490e-04,2.5029439601719281e-04
1754,2.2782466332932195e-04,2.5042259133882115e-04
1755,2.2768600654599896e-04,2.5055074639198190e-04
1756,2.2754750612561961e-04,2.5067886119534632e-04
1757,2.2740916181084156e-04,2.5080693576749768e-04
1758,2.2727097334493120e-04,2.5093497012700615e-04
1759,2.2713294047165732e-04,2.5106296429239905e-04
1760,2.2699506293537665e-04,2.5119091828212751e-04
1761,2.2685734048093594e-04,2.5131883211480718e-04
1762,2.2671977285379090e-04,2.5144670580887381e-04
1763,2.2658235979990812e-04,2.5157453938277885e-04
1764,2.2644510106578780e-04,2.5170233285504178e-04
1765,2.2630799639847745e-04,2.5183008624399830e-04
1766,2.2617104554560226e-04,2.5195779956813482e-04
1767,2.2603424825525062e-04,2.5208547284581544e-04
1768,2.2589760427611273e-04,2.5221310609542177e-04
1769,2.2576111335735437e-04,2.5234069933532271e-04
1770,2.2562477524874899e-04,2.5246825258389298e-04
1771,2.2548858970055754e-04,2.5259576585941347e-04
1772,2.2535255646351468e-04,2.5272323918019274e-04
1773,2.2521667528902848e-04,2.5285067256456740e-04
1774,2.2508094592889165e-04,2.5297806603074273e-04
1775,2.2494536813548932e-04,2.5310541959703496e-04
1776,2.2480994166173104e-04,2.5323273328165387e-04
1777,2.2467466626103247e-04,2.5336000710282169e-04
1778,2.2453954168736025e-04,2.5348724107872794e-04
1779,2.2440456769513381e-04,2.5361443522755808e-04
1780,2.2426974403939480e-04,2.5374158956754787e-04
1781,2.2413507047561222e-04,2.5386870411676693e-04
1782,2.2400054675979344e-04,2.5399577889339111e-04
1783,2.2386617264849020e-04,2.5412281391550353e-04
1784,2.2373194789874782e-04,2.5424980920117206e-04
1785,2.2359787226810480e-04,2.5437676476865233e-04
1786,2.2346394551464626e-04,2.5450368063578867e-04
1787,2.2333016739696165e-04,2.5463055682075671e-04
1788,2.2319653767410386e-04,2.5475739334152232e-04
1789,2.2306305610568980e-04,2.5488419021616496e-04
1790,2.2292972245179372e-04,2.5501094746263608e-04
1791,2.2279653647302671e-04,2.5513766509890998e-04
1792,2.2266349793051527e-04,2.5526434314296082e-04
1793,2.2253060658581139e-04,2.5539098161277433e-04
1794,2.2239786220107580e-04,2.5551758052616092e-04
1795,2.2226526453886399e-04,2.5564413990115844e-04
1796,2.2213281336229168e-04,2.5577065975560204e-04
1797,2.2200050843495787e-04,2.5589714010733626e-04
1798,2.2186834952094315e-04,2.5602358097427490e-04
1799,2.2173633638483702e-04,2.5614998237423486e-04
1800,2.2160446879169931e-04,2.5627634432506450e-04
1801,2.2147274650710855e-04,2.5640266684459926e-04
1802,2.2134116929710767e-04,2.5652894995058099e-04
1803,2.2120973692824281e-04,2.5665519366076381e-04
1804,2.2107844916752890e-04,2.5678139799291774e-04
1805,2.2094730578250284e-04,2.5690756296481882e-04
1806,2.2081630654114572e-04,2.5703368859421815e-04
1807,2.2068545121193780e-04,2.5715977489876817e-04
1808,2.2055473956382888e-04,2.5728582189619303e-04
1809,2.2042417136627576e-04,2.5741182960415196e-04
1810,2.2029374638918547e-04,2.5753779804030589e-04
1811,2.2016346440297622e-04,2.5766372722228981e-04
1812,2.2003332517849479e-04,2.5778961716773231e-04
1813,2.1990332848709774e-04,2.5791546789428175e-04
1814,2.1977347410060143e-04,2.5804127941949127e-04
1815,2.1964376179134292e-04,2.5816705176096450e-04
1816,2.1951419133201208e-04,2.5829278493625822e-04
1817,2.1938476249592348e-04,2.5841847896285360e-04
1818,2.1925547505672197e-04,2.5854413385838557e-04
1819,2.1912632878861514e-04,2.5866974964031358e-04
1820,2.1899732346622276e-04,2.5879532632609129e-04
1821,2.1886845886465880e-04,2.5892086393325658e-04
1822,2.1873973475948125e-04,2.5904636247929308e-04
1823,2.1861115092673973e-04,2.5917182198157080e-04
1824,2.1848270714288861e-04,2.5929724245756815e-04
1825,2.1835440318492536e-04,2.5942262392473819e-04
1826,2.1822623883024263e-04,2.5954796640035747e-04
1827,2.1809821385668164e-04,2.5967326990196436e-04
1828,2.1797032804262724e-04,2.5979853444681644e-04
1829,2.1784258116680505e-04,2.5992376005233553e-04
1830,2.1771497300849711e-04,2.6004894673575102e-04
1831,2.1758750334732491e-04,2.6017409451450533e-04
1832,2.1746017196349720e-04,2.6029920340584053e-04
1833,2.1733297863757618e-04,2.6042427342702862e-04
1834,2.1720592315060269e-04,2.6054930459539936e-04
1835,2.1707900528407400e-04,2.6067429692811785e-04
1836,2.1695222481992282e-04,2.6079925044257481e-04
1837,2.1682558154051160e-04,2.6092416515583079e-04
1838,2.1669907522869661e-04,2.6104904108521803e-04
1839,2.1657270566774009e-04,2.6117387824787104e-04
1840,2.1644647264135227e-04,2.6129867666090816e-04
1841,2.1632037593367871e-04,2.6142343634158899e-04
1842,2.1619441532933544e-04,2.6154815730706593e-04
1843,2.1606859061334526e-04,2.6167283957438957e-04
1844,2.1594290157118143e-04,2.6179748316073530e-04
1845,2.1581734798874588e-04,2.6192208808316472e-04
1846,2.1569192965239094e-04,2.6204665435875039e-04
1847,2.1556664634889307e-04,2.6217118200464579e-04
1848,2.1544149786547454e-04,2.6229567103786954e-04
1849,2.1531648398977722e-04,2.6242012147539314e-04
1850,2.1519160450987241e-04,2.6254453333428827e-04
1851,2.1506685921426075e-04,2.6266890663157702e-04
1852,2.1494224789189744e-04,2.6279324138422255e-04
1853,2.1481777033212162e-04,2.6291753760921511e-04
1854,2.1469342632474746e-04,2.6304179532349163e-04
1855,2.1456921565998294e-04,2.6316601454401368e-04
1856,2.1444513812846232e-04,2.6329019528773385e-04
1857,2.1432119352124936e-04,2.6341433757155953e-04
1858,2.1419738162985398e-04,2.6353844141236929e-04
1859,2.1407370224616032e-04,2.6366250682705061e-04
1860,2.1395015516249312e-04,2.6378653383250599e-04
1861,2.1382674017162229e-04,2.6391052244552121e-04
1862,2.1370345706669855e-04,2.6403447268305959e-04
1863,2.1358030564130301e-04,2.6415838456178640e-04
1864,2.1345728568944526e-04,2.6428225809858093e-04
1865,2.1333439700553806e-04,2.6440609331034644e-04
1866,2.1321163938440123e-04,2.6452989021370278e-04
1867,2.1308901262127823e-04,2.6465364882549637e-04
1868,2.1296651651182626e-04,2.6477736916240892e-04
1869,2.1284415085209715e-04,2.6490105124125311e-04
1870,2.1272191543858480e-04,2.6502469507872953e-04
1871,2.1259981006814654e-04,2.6514830069155281e-04
1872,2.1247783453807472e-04,2.6527186809636826e-04
1873,2.1235598864609016e-04,2.6539539730984163e-04
1874,2.1223427219026119e-04,2.6551888834871128e-04
1875,2.1211268496910889e-04,2.6564234122954979e-04
1876,2.1199122678156607e-04,2.6576575596907125e-04
1877,2.1186989742687289e-04,2.6588913258375626e-04
1878,2.1174869670481482e-04,2.6601247109030694e-04
1879,2.1162762441548073e-04,2.6613577150534249e-04
1880,2.1150668035936000e-04,2.6625903384536485e-04
1881,2.1138586433741129e-04,2.6638225812694572e-04
1882,2.1126517615088682e-04,2.6650544436664569e-04
1883,2.1114461560153971e-04,2.6662859258096285e-04
1884,2.1102418249143698e-04,2.6675170278638933e-04
1885,2.1090387662309665e-04,2.6687477499956025e-04
1886,2.1078369779938574e-04,2.6699780923684062e-04
1887,2.1066364582359083e-04,2.6712080551470748e-04
1888,2.1054372049939354e-04,2.6724376384961498e-04
1889,2.1042392163084979e-04,2.6736668425808520e-04
1890,2.1030424902239610e-04,2.6748956675645854e-04
1891,2.1018470247889537e-04,2.6761241136116564e-04
1892,2.1006528180554884e-04,2.6773521808863700e-04
1893,2.0994598680800473e-04,2.6785798695523009e-04
1894,2.0982681729224067e-04,2.6798071797730735e-04
1895,2.0970777306461198e-04,2.6810341117129434e-04
1896,2.0958885393193593e-04,2.6822606655342482e-04
1897,2.0947005970134899e-04,2.6834868414010477e-04
1898,2.0935139018035868e-04,2.6847126394760124e-04
1899,2.0923284517688584e-04,2.6859380599226178e-04
1900,2.0911442449925643e-04,2.6871631029034979e-04
1901,2.0899612795609161e-04,2.6883877685809280e-04
1902,2.0887795535645039e-04,2.6896120571184238e-04
1903,2.0875990650979712e-04,2.6908359686775350e-04
1904,2.0864198122589288e-04,2.6920595034207327e-04
1905,2.0852417931491618e-04,2.6932826615103203e-04
1906,2.0840650058743298e-04,2.6945054431086528e-04
1907,2.0828894485436312e-04,2.6957278483767883e-04
1908,2.0817151192697829e-04,2.6969498774771029e-04
1909,2.0805420161698303e-04,2.6981715305710464e-04
1910,2.0793701373639215e-04,2.6993928078200503e-04
1911,2.0781994809762375e-04,2.7006137093851904e-04
1912,2.0770300451343959e-04,2.7018342354277427e-04
1913,2.0758618279697951e-04,2.7030543861094052e-04
1914,2.0746948276178197e-04,2.7042741615896065e-04
1915,2.0735290422170161e-04,2.7054935620303585e-04
1916,2.0723644699096225e-04,2.7067125875919500e-04
1917,2.0712011088419853e-04,2.7079312384350020e-04
1918,2.0700389571636443e-04,2.7091495147195003e-04
1919,2.0688780130276592e-04,2.7103674166058245e-04
1920,2.0677182745915132e-04,2.7115849442539572e-04
1921,2.0665597400151606e-04,2.7128020978240709e-04
1922,2.0654024074630227e-04,2.7140188774756974e-04
1923,2.0642462751026315e-04,2.7152352833686489e-04
1924,2.0630913411052022e-04,2.7164513156626346e-04
1925,2.0619376036459534e-04,2.7176669745169796e-04
1926,2.0607850609027863e-04,2.7188822600903708e-04
1927,2.0596337110577890e-04,2.7200971725424946e-04
1928,2.0584835522967292e-04,2.7213117120317837e-04
1929,2.0573345828083791e-04,2.7225258787183163e-04
1930,2.0561868007853125e-04,2.7237396727596724e-04
1931,2.0550402044235047e-04,2.7249530943143944e-04
1932,2.0538947919229302e-04,2.7261661435414042e-04
1933,2.0527505614860529e-04,2.7273788205994126e-04
1934,2.0516075113199920e-04,2.7285911256450592e-04
1935,2.0504656396344470e-04,2.7298030588382248e-04
1936,2.0493249446429311e-04,2.7310146203358065e-04
1937,2.0481854245626009e-04,2.7322258102956067e-04
1938,2.0470470776138338e-04,2.7334366288756982e-04
1939,2.0459099020205665e-04,2.7346470762329910e-04
1940,2.0447738960099817e-04,2.7358571525258282e-04
1941,2.0436390578127745e-04,2.7370668579104317e-04
1942,2.0425053856634357e-04,2.7382761925442961e-04
1943,2.0413728777993239e-04,2.7394851565843028e-04
1944,2.0402415324614740e-04,2.7406937501880203e-04
1945,2.0391113478942640e-04,2.7419019735113880e-04
1946,2.0379823223454929e-04,2.7431098267106143e-04
1947,2.0368544540662787e-04,2.7443173099433782e-04
1948,2.0357277413113637e-04,2.7455244233652956e-04
1949,2.0346021823383653e-04,2.7467311671322900e-04
1950,2.0334777754087345e-04,2.7479375414012335e-04
1951,2.0323545187870182e-04,2.7491435463272744e-04
1952,2.0312324107411110e-04,2.7503491820665503e-04
1953,2.0301114495424203e-04,2.7515544487749846e-04
1954,2.0289916334654431e-04,2.7527593466077256e-04
1955,2.0278729607881764e-04,2.7539638757204360e-04
1956,2.0267554297916687e-04,2.7551680362683506e-04
1957,2.0256390387606891e-04,2.7563718284067860e-04
1958,2.0245237859828219e-04,2.7575752522902239e-04
1959,2.0234096697494471e-04,2.7587783080743164e-04
1960,2.0222966883547735e-04,2.7599809959132885e-04
1961,2.0211848400962894e-04,2.7611833159615998e-04
1962,2.0200741232753456e-04,2.7623852683750623e-04
1963,2.0189645361956947e-04,2.7635868533065430e-04
1964,2.0178560771647416e-04,2.7647880709109202e-04
1965,2.0167487444934526e-04,2.7659889213423977e-04
1966,2.0156425364953488e-04,2.7671894047550137e-04
1967,2.0145374514879641e-04,2.7683895213024271e-04
1968,2.0134334877910544e-04,2.7695892711384468e-04
1969,2.0123306437284889e-04,2.7707886544167898e-04
1970,2.0112289176269594e-04,2.7719876712910371e-04
1971,2.0101283078161937e-04,2.7731863219145931e-04
1972,2.0090288126293511e-04,2.7743846064408730e-04
1973,2.0079304304027981e-04,2.7755825250222471e-04
1974,2.0068331594756805e-04,2.7767800778123394e-04
1975,2.0057369981910740e-04,2.7779772649642257e-04
1976,2.0046419448942551e-04,2.7791740866294726e-04
1977,2.0035479979342471e-04,2.7803705429624661e-04
1978,2.0024551556631920e-04,2.7815666341142811e-04
1979,2.0013634164360353e-04,2.7827623602376817e-04
1980,2.0002727786111533e-04,2.7839577214855659e-04
1981,1.9991832405499312e-04,2.7851527180091442e-04
1982,1.9980948006169746e-04,2.7863473499611675e-04
1983,1.9970074571796600e-04,2.7875416174931087e-04
1984,1.9959212086087272e-04,2.7887355207569463e-04
1985,1.9948360532781083e-04,2.7899290599035521e-04
1986,1.9937519895644372e-04,2.7911222350854504e-04
1987,1.9926690158478334e-04,2.7923150464536966e-04
1988,1.9915871305111775e-04,2.7935074941596899e-04
1989,1.9905063319405647e-04,2.7946995783540557e-04
1990,1.9894266185248462e-04,2.7958912991881888e-04
1991,1.9883479886564502e-04,2.7970826568128024e-04
1992,1.9872704407305675e-04,2.7982736513790186e-04
1993,1.9861939731449890e-04,2.7994642830371676e-04
1994,1.9851185843015122e-04,2.8006545519383816e-04
1995,1.9840442726040201e-04,2.8018444582318506e-04
1996,1.9829710364595426e-04,2.8030340020689950e-04
1997,1.9818988742787601e-04,2.8042231835999826e-04
1998,1.9808277844745559e-04,2.8054120029738413e-04
1999,1.9797577654633711e-04,2.8066004603414932e-04
2000,1.9786888156641852e-04,2.8077885558524997e-04
2001,1.9776209334992990e-04,2.8089762896563316e-04
2002,1.9765541173938510e-04,2.8101636619021978e-04
2003,1.9754883657757745e-04,2.8113506727406177e-04
2004,1.9744236770760472e-04,2.8125373223204580e-04
2005,1.9733600497290061e-04,2.8137236107903636e-04
2006,1.9722974821710098e-04,2.8149095383001537e-04
2007,1.9712359728424163e-04,2.8160951049982660e-04
2008,1.9701755201856889e-04,2.8172803110340796e-04
2009,1.9691161226466212e-04,2.8184651565558435e-04
2010,1.9680577786736781e-04,2.8196496417126578e-04
2011,1.9670004867182233e-04,2.8208337666522253e-04
2012,1.9659442452350090e-04,2.8220175315237417e-04
2013,1.9648890526810688e-04,2.8232009364749278e-04
2014,1.9638349075165257e-04,2.8243839816544726e-04
2015,1.9627818082044004e-04,2.8255666672099899e-04
2016,1.9617297532105498e-04,2.8267489932894629e-04
2017,1.9606787410038305e-04,2.8279309600410510e-04
2018,1.9596287700558793e-04,2.8291125676114051e-04
2019,1.9585798388410753e-04,2.8302938161491167e-04
2020,1.9575319458365513e-04,2.8314747058014319e-04
2021,1.9564850895226454e-04,2.8326552367151858e-04
2022,1.9554392683821710e-04,2.8338354090383296e-04
2023,1.9543944809011500e-04,2.8350152229167055e-04
2024,1.9533507255677804e-04,2.8361946784989276e-04
2025,1.9523080008736668e-04,2.8373737759306174e-04
2026,1.9512663053131564e-04,2.8385525153589114e-04
2027,1.9502256373830462e-04,2.8397308969310415e-04
2028,1.9491859955830085e-04,2.8409089207925565e-04
2029,1.9481473784158551e-04,2.8420865870899380e-04
2030,1.9471097843869602e-04,2.8432638959700494e-04
2031,1.9460732120039467e-04,2.8444408475787928e-04
2032,1.9450376597784870e-04,2.8456174420620238e-04
2033,1.9440031262234393e-04,2.8467936795661388e-04
2034,1.9429696098556760e-04,2.8479695602366944e-04
2035,1.9419371091938524e-04,2.8491450842192358e-04
2036,1.9409056227605187e-04,2.8503202516596263e-04
2037,1.9398751490795564e-04,2.8514950627026156e-04
2038,1.9388456866787493e-04,2.8526695174951893e-04
2039,1.9378172340879946e-04,2.8538436161806299e-04
2040,1.9367897898398144e-04,2.8550173589055803e-04
2041,1.9357633524699560e-04,2.8561907458142543e-04
2042,1.9347379205165546e-04,2.8573637770520845e-04
2043,1.9337134925203199e-04,2.8585364527635148e-04
2044,1.9326900670249011e-04,2.8597087730932141e-04
2045,1.9316676425762888e-04,2.8608807381859624e-04
2046,1.9306462177235949e-04,2.8620523481865062e-04
2047,1.9296257910183064e-04,2.8632236032383591e-04
2048,1.9286063610147222e-04,2.8643945034865375e-04
2049,1.9275879262695966e-04,2.8655650490747416e-04
2050,1.9265704853426325e-04,2.8667352401470547e-04
2051,1.9255540367955047e-04,2.8679050768476932e-04
2052,1.9245385791938376e-04,2.8690745593199310e-04
2053,1.9235241111042822e-04,2.8702436877075274e-04
2054,1.9225106310974285e-04,2.8714124621546976e-04
2055,1.9214981377457382e-04,2.8725808828044045e-04
2056,1.9204866296246233e-04,2.8737489497997692e-04
2057,1.9194761053119557e-04,2.8749166632847071e-04
2058,1.9184665633880619e-04,2.8760840234017427e-04
2059,1.9174580024364137e-04,2.8772510302942615e-04
2060,1.9164504210424804e-04,2.8784176841048482e-04
2061,1.9154438177945916e-04,2.8795839849761874e-04
2062,1.9144381912836929e-04,2.8807499330516206e-04
2063,1.9134335401028925e-04,2.8819155284730237e-04
2064,1.9124298628487115e-04,2.8830807713836018e-04
2065,1.9114271581193403e-04,2.8842456619256350e-04
2066,1.9104254245160294e-04,2.8854102002401328e-04
2067,1.9094246606423778e-04,2.8865743864708740e-04
2068,1.9084248651046713e-04,2.8877382207586673e-04
2069,1.9074260365117493e-04,2.8889017032464207e-04
2070,1.9064281734747609e-04,2.8900648340755104e-04
2071,1.9054312746076332e-04,2.8912276133874211e-04
2072,1.9044353385264240e-04,2.8923900413237592e-04
2073,1.9034403638503312e-04,2.8935521180264892e-04
2074,1.9024463492005376e-04,2.8947138436366749e-04
2075,1.9014532932009069e-04,2.8958752182955760e-04
2076,1.9004611944779064e-04,2.8970362421444087e-04
2077,1.8994700516602661e-04,2.8981969153243843e-04
2078,1.8984798633793945e-04,2.8993572379763869e-04
2079,1.8974906282690748e-04,2.9005172102409058e-04
2080,1.8965023449655060e-04,2.9016768322595647e-04
2081,1.8955150121077269e-04,2.9028361041714246e-04
2082,1.8945286283368626e-04,2.9039950261191617e-04
2083,1.8935431922964093e-04,2.9051535982415824e-04
2084,1.8925587026327284e-04,2.9063118206796841e-04
2085,1.8915751579943869e-04,2.9074696935730388e-04
2086,1.8905925570323145e-04,2.9086272170622210e-04
2087,1.8896108983999492e-04,2.9097843912874861e-04
2088,1.8886301807535122e-04,2.9109412163888651e-04
2089,1.8876504027509096e-04,2.9120976925050743e-04
2090,1.8866715630531884e-04,2.9132538197767361e-04
2091,1.8856936603235531e-04,2.9144095983426471e-04
2092,1.8847166932271670e-04,2.9155650283434821e-04
2093,1.8837406604325146e-04,2.9167201099175837e-04
2094,1.8827655606096561e-04,2.9178748432046443e-04
2095,1.8817913924315259e-04,2.9190292283434114e-04
2096,1.8808181545731885e-04,2.9201832654735535e-04
2097,1.8798458457122100e-04,2.9213369547336247e-04
2098,1.8788744645286337e-04,2.9224902962626375e-04
2099,1.8779040097046464e-04,2.9236432901988863e-04
2100,1.8769344799247586e-04,2.9247959366819284e-04
2101,1.8759658738762110e-04,2.9259482358498089e-04
2102,1.8749981902483714e-04,2.9271001878404388e-04
2103,1.8740314277328820e-04,2.9282517927930232e-04
2104,1.8730655850239972e-04,2.9294030508451104e-04
2105,1.8721006608177500e-04,2.9305539621353433e-04
2106,1.8711366538133980e-04,2.9317045268011614e-04
2107,1.8701735627116558e-04,2.9328547449811550e-04
2108,1.8692113862159919e-04,2.9340046168126427e-04
2109,1.8682501230323840e-04,2.9351541424331949e-04
2110,1.8672897718686172e-04,2.9363033219816239e-04
2111,1.8663303314351019e-04,2.9374521555937622e-04
2112,1.8653718004445791e-04,2.9386006434079881e-04
2113,1.8644141776118513e-04,2.9397487855613638e-04
2114,1.8634574616544061e-04,2.9408965821911429e-04
2115,1.8625016512916466e-04,2.9420440334342805e-04
2116,1.8615467452452524e-04,2.9431911394285550e-04
2117,1.8605927422398410e-04,2.9443379003090959e-04
2118,1.8596396410011770e-04,2.9454843162148324e-04
2119,1.8586874402582573e-04,2.9466303872812592e-04
2120,1.8577361387420039e-04,2.9477761136452251e-04
2121,1.8567857351855220e-04,2.9489214954430646e-04
2122,1.8558362283241931e-04,2.9500665328112137e-04
2123,1.8548876168956988e-04,2.9512112258860655e-04
2124,1.8539398996402051e-04,2.9523555748037537e-04
2125,1.8529930752994849e-04,2.9534995797004051e-04
2126,1.8520471426182954e-04,2.9546432407123773e-04
2127,1.8511021003431516e-04,2.9557865579745574e-04
2128,1.8501579472227750e-04,2.9569295316239039e-04
2129,1.8492146820084282e-04,2.9580721617953530e-04
2130,1.8482723034531808e-04,2.9592144486251498e-04
2131,1.8473308103127717e-04,2.9603563922478800e-04
2132,1.8463902013447387e-04,2.9614979927998801e-04
2133,1.8454504753091710e-04,2.9626392504156554e-04
2134,1.8445116309679551e-04,2.9637801652306105e-04
2135,1.8435736670855619e-04,2.9649207373805682e-04
2136,1.8426365824283675e-04,2.9660609669995451e-04
2137,1.8417003757650156e-04,2.9672008542231656e-04
2138,1.8407650458664005e-04,2.9683403991853370e-04
2139,1.8398305915055598e-04,2.9694796020220512e-04
2140,1.8388970114575635e-04,2.9706184628667696e-04
2141,1.8379643044999649e-04,2.9717569818546739e-04
2142,1.8370324694119716e-04,2.9728951591201922e-04
2143,1.8361015049754854e-04,2.9740329947966764e-04
2144,1.8351714099741761e-04,2.9751704890195894e-04
2145,1.8342421831940377e-04,2.9763076419227165e-04
2146,1.8333138234230250e-04,2.9774444536397521e-04
2147,1.8323863294515919e-04,2.9785809243049682e-04
2148,1.8314597000719534e-04,2.9797170540517238e-04
2149,1.8305339340784344e-04,2.9808528430136361e-04
2150,1.8296090302679201e-04,2.9819882913254957e-04
2151,1.8286849874389301e-04,2.9831233991197130e-04
2152,1.8277618043922495e-04,2.9842581665298336e-04
2153,1.8268394799309426e-04,2.9853925936899130e-04
2154,1.8259180128600729e-04,2.9865266807326571e-04
2155,1.8249974019865468e-04,2.9876604277912557e-04
2156,1.8240776461197409e-04,2.9887938349988435e-04
2157,1.8231587440708711e-04,2.9899269024887085e-04
2158,1.8222406946534925e-04,2.9910596303932188e-04
2159,1.8213234966829025e-04,2.9921920188452031e-04
2160,1.8204071489769151e-04,2.9933240679771598e-04
2161,1.8194916503546987e-04,2.9944557779222462e-04
2162,1.8185769996384638e-04,2.9955871488132938e-04
2163,1.8176631956514673e-04,2.9967181807817058e-04
2164,1.8167502372198261e-04,2.9978488739597272e-04
2165,1.8158381231712356e-04,2.9989792284801077e-04
2166,1.8149268523357309e-04,3.0001092444750723e-04
2167,1.8140164235453207e-04,3.0012389220761444e-04
2168,1.8131068356336705e-04,3.0023682614156201e-04
2169,1.8121980874370738e-04,3.0034972626256440e-04
2170,1.8112901777935745e-04,3.0046259258370176e-04
2171,1.8103831055431776e-04,3.0057542511819073e-04
2172,1.8094768695279832e-04,3.0068822387913416e-04
2173,1.8085714685921360e-04,3.0080098887980513e-04
2174,1.8076669015820013e-04,3.0091372013322788e-04
2175,1.8067631673449364e-04,3.0102641765252024e-04
2176,1.8058602647322533e-04,3.0113908145091228e-04
2177,1.8049581925952339e-04,3.0125171154141205e-04
2178,1.8040569497884378e-04,3.0136430793713942e-04
2179,1.8031565351677418e-04,3.0147687065117123e-04
2180,1.8022569475914754e-04,3.0158939969660324e-04
2181,1.8013581859195328e-04,3.0170189508651703e-04
2182,1.8004602490142216e-04,3.0181435683395862e-04
2183,1.7995631357396453e-04,3.0192678495194805e-04
2184,1.7986668449616029e-04,3.0203917945362865e-04
2185,1.7977713755480901e-04,3.0215154035195319e-04
2186,1.7968767263695302e-04,3.0226386765995711e-04
2187,1.7959828962973276e-04,3.0237616139066454e-04
2188,1.7950898842054804e-04,3.0248842155708244e-04
2189,1.7941976889700260e-04,3.0260064817219965e-04
2190,1.7933063094685789e-04,3.0271284124897598e-04
2191,1.7924157445808650e-04,3.0282500080044158e-04
2192,1.7915259931885420e-04,3.0293712683957913e-04
2193,1.7906370541752737e-04,3.0304921937925858e-04
2194,1.7897489264264734e-04,3.0316127843252457e-04
2195,1.7888616088295532e-04,3.0327330401229381e-04
2196,1.7879751002740043e-04,3.0338529613151404e-04
2197,1.7870893996512312e-04,3.0349725480303215e-04
2198,1.7862045058540562e-04,3.0360918003986034e-04
2199,1.7853204177779484e-04,3.0372107185478695e-04
2200,1.7844371343196257e-04,3.0383293026085134e-04
2201,1.7835546543782245e-04,3.0394475527084722e-04
2202,1.7826729768544007e-04,3.0405654689768478e-04
2203,1.7817921006509516e-04,3.0416830515423647e-04
2204,1.7809120246723814e-04,3.0428003005332065e-04
2205,1.7800327478251863e-04,3.0439172160783674e-04
2206,1.7791542690178745e-04,3.0450337983064211e-04
2207,1.7782765871605797e-04,3.0461500473452576e-04
2208,1.7773997011652227e-04,3.0472659633231036e-04
2209,1.7765236099461036e-04,3.0483815463684200e-04
2210,1.7756483124189144e-04,3.0494967966088790e-04
2211,1.7747738075013332e-04,3.0506117141734161e-04
2212,1.7739000941128074e-04,3.0517262991891492e-04
2213,1.7730271711751677e-04,3.0528405517838726e-04
2214,1.7721550376111528e-04,3.0539544720854512e-04
2215,1.7712836923462546e-04,3.0550680602212414e-04
2216,1.7704131343071708e-04,3.0561813163191648e-04
2217,1.7695433624230597e-04,3.0572942405066662e-04
2218,1.7686743756241174e-04,3.0584068329113064e-04
2219,1.7678061728429559e-04,3.0595190936595688e-04
2220,1.7669387530140971e-04,3.0606310228792534e-04
2221,1.7660721150733108e-04,3.0617426206977727e-04
2222,1.7652062579586673e-04,3.0628538872411843e-04
2223,1.7643411806099625e-04,3.0639648226369871e-04
2224,1.7634768819685721e-04,3.0650754270123001e-04
2225,1.7626133609781214e-04,3.0661857004933801e-04
2226,1.7617506165834638e-04,3.0672956432069222e-04
2227,1.7608886477317559e-04,3.0684052552799255e-04
2228,1.7600274533718192e-04,3.0695145368386871e-04
2229,1.7591670324540982e-04,3.0706234880090979e-04
2230,1.7583073839309228e-04,3.0717321089181551e-04
2231,1.7574485067563906e-04,3.0728403996917500e-04
2232,1.7565903998865287e-04,3.0739483604560601e-04
2233,1.7557330622789186e-04,3.0750559913373830e-04
2234,1.7548764928930255e-04,3.0761632924611521e-04
2235,1.7540206906902417e-04,3.0772702639539579e-04
2236,1.7531656546335682e-04,3.0783769059410099e-04
2237,1.7523113836873569e-04,3.0794832185484562e-04
2238,1.7514578768183854e-04,3.0805892019015828e-04
2239,1.7506051329954078e-04,3.0816948561262440e-04
2240,1.7497531511875838e-04,3.0828001813475045e-04
2241,1.7489019303673677e-04,3.0839051776909146e-04
2242,1.7480514695078730e-04,3.0850098452819418e-04
2243,1.7472017675846703e-04,3.0861141842453919e-04
2244,1.7463528235744461e-04,3.0872181947066356e-04
2245,1.7455046364562020e-04,3.0883218767911703e-04
2246,1.7446572052104133e-04,3.0894252306229962e-04
2247,1.7438105288189101e-04,3.0905282563276298e-04
2248,1.7429646062661107e-04,3.0916309540295045e-04
2249,1.7421194365372359e-04,3.0927333238537789e-04
2250,1.7412750186199513e-04,3.0938353659246479e-04
2251,1.7404313515031135e-04,3.0949370803664259e-04
2252,1.7395884341776522e-04,3.0960384673041032e-04
2253,1.7387462656359644e-04,3.0971395268616345e-04
2254,1.7379048448721066e-04,3.0982402591637527e-04
2255,1.7370641708822006e-04,3.0993406643339214e-04
2256,1.7362242426637638e-04,3.1004407424969839e-04
2257,1.7353850592159470e-04,3.1015404937766026e-04
2258,1.7345466195398565e-04,3.1026399182962805e-04
2259,1.7337089226377995e-04,3.1037390161810290e-04
2260,1.7328719675146492e-04,3.1048377875533205e-04
2261,1.7320357531761034e-04,3.1059362325377233e-04
2262,1.7312002786297478e-04,3.1070343512574588e-04
2263,1.7303655428850870e-04,3.1081321438358007e-04
2264,1.7295315449531609e-04,3.1092296103970597e-04
2265,1.7286982838464785e-04,3.1103267510638089e-04
2266,1.7278657585795639e-04,3.1114235659595175e-04
2267,1.7270339681682291e-04,3.1125200552073316e-04
2268,1.7262029116302859e-04,3.1136162189304847e-04
2269,1.7253725879849867e-04,3.1147120572520387e-04
2270,1.7245429962533209e-04,3.1158075702948391e-04
2271,1.7237141354577937e-04,3.1169027581813709e-04
2272,1.7228860046228470e-04,3.1179976210351579e-04
2273,1.7220586027739176e-04,3.1190921589781571e-04
2274,1.7212319289389537e-04,3.1201863721337214e-04
2275,1.7204059821469527e-04,3.1212802606237486e-04
2276,1.7195807614285195e-04,3.1223738245708850e-04
2277,1.7187562658164035e-04,3.1234670640977157e-04
2278,1.7179324943442461e-04,3.1245599793266196e-04
2279,1.7171094460478675e-04,3.1256525703788577e-04
2280,1.7162871199645263e-04,3.1267448373774353e-04
2281,1.7154655151329024e-04,3.1278367804445225e-04
2282,1.7146446305936548e-04,3.1289283997013853e-04
2283,1.7138244653886240e-04,3.1300196952704570e-04
2284,1.7130050185617084e-04,3.1311106672730785e-04
2285,1.7121862891581867e-04,3.1322013158317335e-04
2286,1.7113682762246509e-04,3.1332916410668722e-04
2287,1.7105509788096986e-04,3.1343816431010510e-04
2288,1.7097343959634779e-04,3.1354713220556460e-04
2289,1.7089185267375344e-04,3.1365606780514474e-04
2290,1.7081033701848647e-04,3.1376497112102541e-04
2291,1.7072889253605644e-04,3.1387384216532418e-04
2292,1.7064751913210008e-04,3.1398268095015843e-04
2293,1.7056621671237619e-04,3.1409148748762314e-04
2294,1.7048498518286374e-04,3.1420026178982056e-04
2295,1.7040382444965526e-04,3.1430900386880624e-04
2296,1.7032273441901943e-04,3.1441771373676505e-04
2297,1.7024171499738268e-04,3.1452639140570828e-04
2298,1.7016076609129398e-04,3.1463503688768807e-04
2299,1.7007988760752064e-04,3.1474365019475777e-04
2300,1.6999907945292075e-04,3.1485223133902374e-04
2301,1.6991834153454210e-04,3.1496078033249912e-04
2302,1.6983767375958992e-04,3.1506929718720027e-04
2303,1.6975707603537508e-04,3.1517778191519192e-04
2304,1.6967654826943293e-04,3.1528623452847126e-04
2305,1.6959609036941577e-04,3.1539465503905521e-04
2306,1.6951570224312486e-04,3.1550304345893249e-04
2307,1.6943538379851088e-04,3.1561139980014160e-04
2308,1.6935513494372326e-04,3.1571972407461071e-04
2309,1.6927495558698399e-04,3.1582801629443226e-04
2310,1.6919484563674320e-04,3.1593627647144058e-04
2311,1.6911480500154803e-04,3.1604450461769347e-04
2312,1.6903483359013825e-04,3.1615270074511020e-04
2313,1.6895493131138036e-04,3.1626086486560926e-04
2314,1.6887509807429575e-04,3.1636899699120246e-04
2315,1.6879533378803913e-04,3.1647709713380633e-04
2316,1.6871563836196897e-04,3.1658516530535960e-04
2317,1.6863601170554146e-04,3.1669320151774254e-04
2318,1.6855645372836829e-04,3.1680120578281512e-04
2319,1.6847696434025034e-04,3.1690917811261595e-04
2320,1.6839754345106787e-04,3.1701711851893734e-04
2321,1.6831819097092233e-04,3.1712502701370873e-04
2322,1.6823890681001054e-04,3.1723290360879779e-04
2323,1.6815969087873524e-04,3.1734074831607549e-04
2324,1.6808054308756670e-04,3.1744856114747919e-04
2325,1.6800146334717818e-04,3.1755634211470325e-04
2326,1.6792245156838854e-04,3.1766409122973367e-04
2327,1.6784350766215541e-04,3.1777180850435819e-04
2328,1.6776463153956713e-04,3.1787949395047733e-04
2329,1.6768582311188165e-04,3.1798714757974616e-04
2330,1.6760708229048683e-04,3.1809476940421384e-04
2331,1.6752840898692464e-04,3.1820235943548600e-04
2332,1.6744980311287803e-04,3.1830991768554487e-04
2333,1.6737126458018142e-04,3.1841744416605852e-04
2334,1.6729279330080440e-04,3.1852493888885505e-04
2335,1.6721438918687514e-04,3.1863240186571704e-04
2336,1.6713605215064515e-04,3.1873983310841359e-04
2337,1.6705778210454687e-04,3.1884723262873575e-04
2338,1.6697957896108831e-04,3.1895460043834090e-04
2339,1.6690144263300865e-04,3.1906193654915408e-04
2340,1.6682337303313438e-04,3.1916924097277874e-04
2341,1.6674537007442937e-04,3.1927651372098536e-04
2342,1.6666743367002823e-04,3.1938375480552913e-04
2343,1.6658956373321053e-04,3.1949096423809417e-04
2344,1.6651176017736614e-04,3.1959814203044951e-04
2345,1.6643402291604211e-04,3.1970528819420720e-04
2346,1.6635635186293995e-04,3.1981240274114972e-04
2347,1.6627874693189663e-04,3.1991948568292552e-04
2348,1.6620120803686678e-04,3.2002653703123312e-04
2349,1.6612373509199862e-04,3.2013355679775754e-04
2350,1.6604632801150442e-04,3.2024054499416043e-04
2351,1.6596898670979786e-04,3.2034750163201795e-04
2352,1.6589171110142770e-04,3.2045442672317748e-04
2353,1.6581450110103469e-04,3.2056132027907228e-04
2354,1.6573735662346530e-04,3.2066818231147589e-04
2355,1.6566027758365301e-04,3.2077501283199028e-04
2356,1.6558326389668794e-04,3.2088181185221097e-04
2357,1.6550631547780360e-04,3.2098857938374836e-04
2358,1.6542943224236620e-04,3.2109531543827882e-04
2359,1.6535261410588595e-04,3.2120202002733030e-04
2360,1.6527586098400050e-04,3.2130869316254859e-04
2361,1.6519917279247940e-04,3.2141533485551091e-04
2362,1.6512254944725136e-04,3.2152194511774547e-04
2363,1.6504599086438412e-04,3.2162852396090533e-04
2364,1.6496949696005088e-04,3.2173507139647686e-04
2365,1.6489306765055900e-04,3.2184158743605451e-04
2366,1.6481670285241481e-04,3.2194807209122314e-04
2367,1.6474040248219864e-04,3.2205452537345595e-04
2368,1.6466416645661642e-04,3.2216094729435715e-04
2369,1.6458799469257969e-04,3.2226733786540806e-04
2370,1.6451188710708036e-04,3.2237369709809429e-04
2371,1.6443584361724650e-04,3.2248002500405231e-04
2372,1.6435986414036120e-04,3.2258632159467112e-04
2373,1.6428394859380953e-04,3.2269258688153666e-04
2374,1.6420809689517287e-04,3.2279882087601994e-04
2375,1.6413230896210356e-04,3.2290502358976031e-04
2376,1.6405658471240088e-04,3.2301119503411641e-04
2377,1.6398092406401247e-04,3.2311733522058294e-04
2378,1.6390532693502950e-04,3.2322344416071968e-04
2379,1.6382979324364665e-04,3.2332952186589004e-04
2380,1.6375432290820113e-04,3.2343556834752823e-04
2381,1.6367891584716468e-04,3.2354158361708727e-04
2382,1.6360357197914144e-04,3.2364756768599477e-04
2383,1.6352829122287310e-04,3.2375352056577790e-04
2384,1.6345307349722202e-04,3.2385944226776453e-04
2385,1.6337791872118071e-04,3.2396533280337650e-04
2386,1.6330282681387734e-04,3.2407119218404125e-04
2387,1.6322779769459107e-04,3.2417702042111769e-04
2388,1.6315283128269067e-04,3.2428281752609094e-04
2389,1.6307792749768586e-04,3.2438858351025108e-04
2390,1.6300308625925722e-04,3.2449431838493846e-04
2391,1.6292830748714573e-04,3.2460002216166712e-04
2392,1.6285359110130483e-04,3.2470569485171642e-04
2393,1.6277893702173424e-04,3.2481133646641651e-04
2394,1.6270434516861527e-04,3.2491694701719959e-04
2395,1.6262981546222768e-04,3.2502252651530651e-04
2396,1.6255534782301477e-04,3.2512807497215988e-04
2397,1.6248094217151366e-04,3.2523359239904043e-04
2398,1.6240659842841558e-04,3.2533907880729203e-04
2399,1.6233231651451981e-04,3.2544453420823693e-04
2400,1.6225809635075656e-04,3.2554995861314336e-04
2401,1.6218393785819515e-04,3.2565535203333531e-04
2402,1.6210984095800139e-04,3.2576071448011930e-04
2403,1.6203580557152644e-04,3.2586604596475215e-04
2404,1.6196183162018473e-04,3.2597134649852766e-04
2405,1.6188791902554939e-04,3.2607661609272308e-04
2406,1.6181406770929114e-04,3.2618185475860958e-04
2407,1.6174027759328341e-04,3.2628706250738791e-04
2408,1.6166654859941287e-04,3.2639223935040159e-04
2409,1.6159288064978664e-04,3.2649738529888755e-04
2410,1.6151927366656526e-04,3.2660250036398798e-04
2411,1.6144572757211825e-04,3.2670758455700905e-04
2412,1.6137224228882422e-04,3.2681263788915605e-04
2413,1.6129881773929236e-04,3.2691766037166742e-04
2414,1.6122545384620278e-04,3.2702265201567837e-04
2415,1.6115215053238375e-04,3.2712761283248655e-04
2416,1.6107890772075234e-04,3.2723254283325485e-04
2417,1.6100572533437409e-04,3.2733744202917989e-04
2418,1.6093260329643790e-04,3.2744231043143246e-04
2419,1.6085954153026132e-04,3.2754714805114326e-04
2420,1.6078653995926141e-04,3.2765195489953058e-04
2421,1.6071359850698835e-04,3.2775673098781001e-04
2422,1.6064071709713675e-04,3.2786147632702940e-04
2423,1.6056789565347567e-04,3.2796619092839143e-04
2424,1.6049513409993190e-04,3.2807087480304665e-04
2425,1.6042243236055810e-04,3.2817552796211131e-04
2426,1.6034979035950948e-04,3.2828015041668689e-04
2427,1.6027720802105279e-04,3.2838474217800821e-04
2428,1.6020468526961145e-04,3.2848930325702925e-04
2429,1.6013222202970290e-04,3.2859383366493728e-04
2430,1.6005981822595459e-04,3.2869833341283661e-04
2431,1.5998747378313921e-04,3.2880280251186062e-04
2432,1.5991518862614371e-04,3.2890724097304152e-04
2433,1.5984296267996170e-04,3.2901164880744824e-04
2434,1.5977079586973112e-04,3.2911602602617098e-04
2435,1.5969868812067202e-04,3.2922037264031527e-04
2436,1.5962663935814974e-04,3.2932468866085694e-04
2437,1.5955464950766899e-04,3.2942897409895264e-04
2438,1.5948271849477891e-04,3.2953322896557406e-04
2439,1.5941084624524163e-04,3.2963745327180814e-04
2440,1.5933903268485093e-04,3.2974164702864088e-04
2441,1.5926727773958807e-04,3.2984581024715208e-04
2442,1.5919558133550856e-04,3.2994994293834195e-04
2443,1.5912394339878994e-04,3.3005404511317609e-04
2444,1.5905236385574948e-04,3.3015811678275089e-04
2445,1.5898084263280137e-04,3.3026215795804324e-04
2446,1.5890937965647812e-04,3.3036616864995296e-04
2447,1.5883797485342357e-04,3.3047014886953001e-04
2448,1.5876662815042828e-04,3.3057409862785077e-04
2449,1.5869533947437291e-04,3.3067801793577954e-04
2450,1.5862410875224877e-04,3.3078190680426703e-04
2451,1.5855293591118100e-04,3.3088576524431150e-04
2452,1.5848182087839372e-04,3.3098959326691006e-04
2453,1.5841076358122518e-04,3.3109339088293401e-04
2454,1.5833976394716273e-04,3.3119715810336561e-04
2455,1.5826882190377544e-04,3.3130089493916669e-04
2456,1.5819793737873020e-04,3.3140460140124238e-04
2457,1.5812711029986051e-04,3.3150827750045556e-04
2458,1.5805634059507228e-04,3.3161192324779646e-04
2459,1.5798562819239846e-04,3.3171553865415552e-04
2460,1.5791497302000243e-04,3.3181912373039666e-04
2461,1.5784437500612007e-04,3.3192267848747086e-04
2462,1.5777383407913369e-04,3.3202620293620882e-04
2463,1.5770335016754229e-04,3.3212969708755198e-04
2464,1.5763292319992062e-04,3.3223316095232366e-04
2465,1.5756255310501492e-04,3.3233659454148313e-04
2466,1.5749223981160700e-04,3.3243999786575717e-04
2467,1.5742198324866186e-04,3.3254337093610711e-04
2468,1.5735178334523218e-04,3.3264671376334793e-04
2469,1.5728164003046561e-04,3.3275002635823502e-04
2470,1.5721155323360824e-04,3.3285330873182042e-04
2471,1.5714152288410322e-04,3.3295656089478345e-04
2472,1.5707154891139830e-04,3.3305978285793378e-04
2473,1.5700163124511828e-04,3.3316297463213175e-04
2474,1.5693176981495120e-04,3.3326613622821006e-04
2475,1.5686196455076652e-04,3.3336926765695077e-04
2476,1.5679221538246495e-04,3.3347236892919971e-04
2477,1.5672252224011241e-04,3.3357544005563193e-04
2478,1.5665288505385225e-04,3.3367848104712760e-04
2479,1.5658330375395665e-04,3.3378149191440229e-04
2480,1.5651377827081173e-04,3.3388447266828066e-04
2481,1.5644430853487882e-04,3.3398742331953042e-04
2482,1.5637489447677255e-04,3.3409034387892912e-04
2483,1.5630553602717922e-04,3.3419323435715422e-04
2484,1.5623623311693873e-04,3.3429609476497786e-04
2485,1.5616698567692434e-04,3.3439892511320411e-04
2486,1.5609779363820909e-04,3.3450172541251371e-04
2487,1.5602865693190867e-04,3.3460449567360921e-04
2488,1.5595957548926434e-04,3.3470723590727175e-04
2489,1.5589054924162627e-04,3.3480994612424019e-04
2490,1.5582157812047047e-04,3.3491262633513548e-04
2491,1.5575266205734313e-04,3.3501527655068039e-04
2492,1.5568380098394038e-04,3.3511789678161859e-04
2493,1.5561499483201187e-04,3.3522048703864043e-04
2494,1.5554624353346605e-04,3.3532304733240254e-04
2495,1.5547754702029227e-04,3.3542557767356028e-04
2496,1.5540890522460065e-04,3.3552807807284797e-04
2497,1.5534031807857489e-04,3.3563054854084644e-04
2498,1.5527178551454903e-04,3.3573298908828864e-04
2499,1.5520330746491602e-04,3.3583539972583467e-04
2500,1.5513488386220331e-04,3.3593778046405533e-04
2501,1.5506651463906642e-04,3.3604013131361934e-04
2502,1.5499819972820931e-04,3.3614245228523964e-04
2503,1.5492993906248188e-04,3.3624474338938919e-04
2504,1.5486173257482180e-04,3.3634700463691127e-04
2505,1.5479358019827670e-04,3.3644923603818569e-04
2506,1.5472548186601655e-04,3.3655143760398694e-04
2507,1.5465743751126050e-04,3.3665360934484044e-04
2508,1.5458944706739692e-04,3.3675575127135290e-04
2509,1.5452151046787941e-04,3.3685786339415828e-04
2510,1.5445362764629437e-04,3.3695994572381443e-04
2511,1.5438579853626458e-04,3.3706199827090002e-04
2512,1.5431802307161747e-04,3.3716402104595387e-04
2513,1.5425030118619006e-04,3.3726601405962208e-04
2514,1.5418263281398917e-04,3.3736797732234516e-04
2515,1.5411501788908241e-04,3.3746991084477885e-04
2516,1.5404745634565005e-04,3.3757181463741742e-04
2517,1.5397994811798473e-04,3.3767368871089152e-04
2518,1.5391249314048515e-04,3.3777553307564240e-04
2519,1.5384509134761719e-04,3.3787734774217630e-04
2520,1.5377774267400678e-04,3.3797913272111971e-04
2521,1.5371044705431974e-04,3.3808088802294916e-04
2522,1.5364320442334855e-04,3.3818261365816689e-04
2523,1.5357601471602760e-04,3.3828430963723578e-04
2524,1.5350887786731330e-04,3.3838597597077194e-04
2525,1.5344179381229832e-04,3.3848761266911379e-04
2526,1.5337476248623245e-04,3.3858921974286771e-04
2527,1.5330778382436434e-04,3.3869079720245471e-04
2528,1.5324085776210160e-04,3.3879234505839687e-04
2529,1.5317398423498458e-04,3.3889386332114195e-04
2530,1.5310716317855065e-04,3.3899535200108022e-04
2531,1.5304039452853922e-04,3.3909681110882712e-04
2532,1.5297367822072799e-04,3.3919824065470686e-04
2533,1.5290701419102773e-04,3.3929964064927131e-04
2534,1.5284040237543148e-04,3.3940101110280620e-04
2535,1.5277384271002520e-04,3.3950235202583534e-04
2536,1.5270733513102341e-04,3.3960366342878333e-04
2537,1.5264087957469802e-04,3.3970494532211098e-04
2538,1.5257447597744826e-04,3.3980619771616826e-04
2539,1.5250812427576065e-04,3.3990742062137787e-04
2540,1.5244182440623210e-04,3.4000861404813795e-04
2541,1.5237557630551980e-04,3.4010977800686104e-04
2542,1.5230937991045002e-04,3.4021091250798792e-04
2543,1.5224323515787395e-04,3.4031201756177907e-04
2544,1.5217714198476564e-04,3.4041309317873585e-04
2545,1.5211110032820440e-04,3.4051413936916219e-04
2546,1.5204511012538097e-04,3.4061515614347565e-04
2547,1.5197917131355438e-04,3.4071614351198856e-04
2548,1.5191328383006516e-04,3.4081710148510655e-04
2549,1.5184744761239757e-04,3.4091803007308622e-04
2550,1.5178166259813034e-04,3.4101892928637561e-04
2551,1.5171592872487372e-04,3.4111979913528038e-04
2552,1.5165024593038660e-04,3.4122063963012143e-04
2553,1.5158461415253963e-04,3.4132145078123700e-04
2554,1.5151903332925878e-04,3.4142223259892430e-04
2555,1.5145350339857387e-04,3.4152298509353254e-04
2556,1.5138802429864209e-04,3.4162370827535090e-04
2557,1.5132259596765461e-04,3.4172440215466353e-04
2558,1.5125721834394480e-04,3.4182506674177652e-04
2559,1.5119189136595469e-04,3.4192570204702048e-04
2560,1.5112661497216582e-04,3.4202630808065788e-04
2561,1.5106138910119839e-04,3.4212688485291164e-04
2562,1.5099621369173551e-04,3.4222743237421620e-04
2563,1.5093108868258475e-04,3.4232795065466032e-04
2564,1.5086601401263661e-04,3.4242843970454695e-04
2565,1.5080098962086511e-04,3.4252889953421506e-04
2566,1.5073601544634955e-04,3.4262933015386031e-04
2567,1.5067109142825706e-04,3.4272973157368743e-04
2568,1.5060621750582259e-04,3.4283010380402562e-04
2569,1.5054139361846163e-04,3.4293044685505033e-04
2570,1.5047661970556697e-04,3.4303076073695891e-04
2571,1.5041189570668345e-04,3.4313104546005330e-04
2572,1.5034722156147121e-04,3.4323130103450737e-04
2573,1.5028259720964912e-04,3.4333152747050146e-04
2574,1.5021802259100879e-04,3.4343172477828757e-04
2575,1.5015349764546432e-04,3.4353189296808934e-04
2576,1.5008902231303662e-04,3.4363203205002888e-04
2577,1.5002459653382821e-04,3.4373214203427661e-04
2578,1.4996022024797091e-04,3.4383222293110063e-04
2579,1.4989589339578594e-04,3.4393227475071347e-04
2580,1.4983161591763147e-04,3.4403229750310166e-04
2581,1.4976738775396005e-04,3.4413229119859294e-04
2582,1.4970320884531737e-04,3.4423225584728594e-04
2583,1.4963907913234596e-04,3.4433219145932640e-04
2584,1.4957499855576683e-04,3.4443209804491700e-04
2585,1.4951096705642376e-04,3.4453197561410862e-04
2586,1.4944698457519516e-04,3.4463182417710528e-04
2587,1.4938305105311367e-04,3.4473164374401445e-04
2588,1.4931916643124525e-04,3.4483143432499587e-04
2589,1.4925533065078295e-04,3.4493119593008762e-04
2590,1.4919154365298349e-04,3.4503092856948988e-04
2591,1.4912780537921808e-04,3.4513063225325661e-04
2592,1.4906411577095347e-04,3.4523030699151920e-04
2593,1.4900047476968016e-04,3.4532995279435103e-04
2594,1.4893688231705656e-04,3.4542956967187149e-04
2595,1.4887333835478570e-04,3.4552915763415206e-04
2596,1.4880984282468948e-04,3.4562871669127079e-04
2597,1.4874639566864859e-04,3.4572824685331004e-04
2598,1.4868299682862257e-04,3.4582774813031203e-04
2599,1.4861964624672972e-04,3.4592722053235203e-04
2600,1.4855634386508381e-04,3.4602666406948547e-04
2601,1.4849308962592577e-04,3.4612607875181766e-04
2602,1.4842988347164472e-04,3.4622546458933350e-04
2603,1.4836672534459708e-04,3.4632482159206084e-04
2604,1.4830361518730788e-04,3.4642414977010134e-04
2605,1.4824055294239514e-04,3.4652344913344328e-04
2606,1.4817753855252399e-04,3.4662271969210131e-04
2607,1.4811457196046309e-04,3.4672196145617046e-04
2608,1.4805165310904626e-04,3.4682117443552823e-04
2609,1.4798878194126377e-04,3.4692035864027960e-04
2610,1.4792595840009218e-04,3.4701951408044039e-04
2611,1.4786318242870686e-04,3.4711864076589043e-04
2612,1.4780045397022436e-04,3.4721773870675731e-04
2613,1.4773777296802040e-04,3.4731680791294224e-04
2614,1.4767513936541515e-04,3.4741584839451144e-04
2615,1.4761255310587277e-04,3.4751486016132427e-04
2616,1.4755001413293818e-04,3.4761384322342986e-04
2617,1.4748752239025480e-04,3.4771279759077546e-04
2618,1.4742507782153596e-04,3.4781172327327239e-04
2619,1.4736268037055374e-04,3.4791062028097989e-04
2620,1.4730032998122716e-04,3.4800948862370067e-04
2621,1.4723802659749553e-04,3.4810832831150978e-04
2622,1.4717577016344274e-04,3.4820713935430106e-04
2623,1.4711356062318474e-04,3.4830592176194361e-04
2624,1.4705139792095279e-04,3.4840467554444858e-04
2625,1.4698928200105281e-04,3.4850340071168606e-04
2626,1.4692721280787921e-04,3.4860209727359358e-04
2627,1.4686519028590090e-04,3.4870076524005120e-04
2628,1.4680321437968348e-04,3.4879940462100001e-04
2629,1.4674128503384655e-04,3.4889801542629766e-04
2630,1.4667940219315488e-04,3.4899659766594393e-04
2631,1.4661756580239122e-04,3.4909515134965487e-04
2632,1.4655577580645454e-04,3.4919367648743381e-04
2633,1.4649403215030583e-04,3.4929217308913430e-04
2634,1.4643233477902815e-04,3.4939064116458555e-04
2635,1.4637068363775347e-04,3.4948908072375957e-04
2636,1.4630907867169187e-04,3.4958749177636285e-04
2637,1.4624751982615772e-04,3.4968587433234624e-04
2638,1.4618600704654198e-04,3.4978422840154861e-04
2639,1.4612454027832075e-04,3.4988255399383158e-04
2640,1.4606311946703071e-04,3.4998085111901804e-04
2641,1.4600174455833015e-04,3.5007911978693584e-04
2642,1.4594041549790087e-04,3.5017736000742331e-04
2643,1.4587913223156895e-04,3.5027557179026741e-04
2644,1.4581789470519160e-04,3.5037375514535300e-04
2645,1.4575670286473422e-04,3.5047191008243171e-04
2646,1.4569555665625822e-04,3.5057003661133172e-04
2647,1.4563445602587281e-04,3.5066813474185672e-04
2648,1.4557340091976155e-04,3.5076620448378068e-04
2649,1.4551239128424463e-04,3.5086424584697824e-04
2650,1.4545142706564416e-04,3.5096225884113686e-04
2651,1.4539050821044531e-04,3.5106024347609258e-04
2652,1.4532963466515344e-04,3.5115819976160587e-04
2653,1.4526880637637181e-04,3.5125612770744091e-04
2654,1.4520802329079843e-04,3.5135402732338868e-04
2655,1.4514728535518028e-04,3.5145189861916836e-04
2656,1.4508659251637703e-04,3.5154974160456470e-04
2657,1.4502594472129326e-04,3.5164755628932425e-04
2658,1.4496534191696709e-04,3.5174534268315154e-04
2659,1.4490478405045396e-04,3.5184310079582341e-04
2660,1.4484427106891589e-04,3.5194083063708702e-04
2661,1.4478380291961757e-04,3.5203853221666618e-04
2662,1.4472337954985013e-04,3.5213620554424435e-04
2663,1.4466300090703276e-04,3.5223385062959603e-04
2664,1.4460266693863550e-04,3.5233146748239904e-04
2665,1.4454237759221517e-04,3.5242905611230629e-04
2666,1.4448213281539670e-04,3.5252661652915936e-04
2667,1.4442193255592158e-04,3.5262414874253977e-04
2668,1.4436177676154901e-04,3.5272165276219631e-04
2669,1.4430166538017636e-04,3.5281912859777120e-04
2670,1.4424159835971971e-04,3.5291657625895445e-04
2671,1.4418157564821603e-04,3.5301399575544550e-04
2672,1.4412159719377361e-04,3.5311138709693212e-04
2673,1.4406166294457095e-04,3.5320875029302176e-04
2674,1.4400177284885722e-04,3.5330608535344790e-04
2675,1.4394192685497270e-04,3.5340339228778637e-04
2676,1.4388212491131246e-04,3.5350067110577428e-04
2677,1.4382236696639330e-04,3.5359792181695543e-04
2678,1.4376265296875168e-04,3.5369514443107008e-04
2679,1.4370298286702776e-04,3.5379233895768111e-04
2680,1.4364335660997627e-04,3.5388950540650687e-04
2681,1.4358377414635257e-04,3.5398664378709621e-04
2682,1.4352423542502918e-04,3.5408375410903308e-04
2683,1.4346474039496487e-04,3.5418083638200451e-04
2684,1.4340528900518530e-04,3.5427789061561583e-04
2685,1.4334588120477358e-04,3.5437491681944747e-04
2686,1.4328651694291131e-04,3.5447191500314804e-04
2687,1.4322719616884194e-04,3.5456888517624381e-04
2688,1.4316791883190293e-04,3.5466582734832526e-04
2689,1.4310868488148844e-04,3.5476274152907914e-04
2690,1.4304949426705092e-04,3.5485962772797503e-04
2691,1.4299034693817110e-04,3.5495648595459072e-04
2692,1.4293124284445451e-04,3.5505331621854850e-04
2693,1.4287218193561539e-04,3.5515011852939066e-04
2694,1.4281316416141172e-04,3.5524689289668490e-04
2695,1.4275418947169981e-04,3.5534363932996640e-04
2696,1.4269525781639242e-04,3.5544035783878134e-04
2697,1.4263636914552645e-04,3.5553704843268750e-04
2698,1.4257752340911180e-04,3.5563371112125298e-04
2699,1.4251872055734199e-04,3.5573034591395580e-04
2700,1.4245996054041275e-04,3.5582695282037881e-04
2701,1.4240124330862586e-04,3.5592353184999022e-04
2702,1.4234256881235328e-04,3.5602008301234772e-04
2703,1.4228393700201501e-04,3.5611660631689422e-04
2704,1.4222534782814465e-04,3.5621310177329593e-04
2705,1.4216680124131919e-04,3.5630956939085724e-04
2706,1.4210829719219913e-04,3.5640600917931982e-04
2707,1.4204983563151867e-04,3.5650242114787864e-04
2708,1.4199141651010346e-04,3.5659880530628684e-04
2709,1.4193303977877547e-04,3.5669516166387085e-04
2710,1.4187470538854253e-04,3.5679149023014345e-04
2711,1.4181641329039861e-04,3.5688779101465825e-04
2712,1.4175816343546549e-04,3.5698406402676763e-04
2713,1.4169995577486668e-04,3.5708030927603004e-04
2714,1.4164179025990170e-04,3.5717652677184247e-04
2715,1.4158366684181240e-04,3.5727271652366994e-04
2716,1.4152558547204748e-04,3.5736887854098280e-04
2717,1.4146754610203126e-04,3.5746501283320158e-04
2718,1.4140954868330149e-04,3.5756111940979618e-04
2719,1.4135159316743911e-04,3.5765719828013249e-04
2720,1.4129367950612866e-04,3.5775324945381290e-04
2721,1.4123580765112363e-04,3.5784927294006127e-04
2722,1.4117797755420431e-04,3.5794526874833525e-04
2723,1.4112018916727617e-04,3.5804123688814362e-04
2724,1.4106244244230842e-04,3.5813717736886267e-04
2725,1.4100473733128502e-04,3.5823309019984039e-04
2726,1.4094707378633305e-04,3.5832897539051406e-04
2727,1.4088945175960650e-04,3.5842483295028707e-04
2728,1.4083187120335781e-04,3.5852066288854877e-04
2729,1.4077433206988041e-04,3.5861646521466315e-04
2730,1.4071683431155855e-04,3.5871223993807138e-04
2731,1.4065937788080560e-04,3.5880798706805131e-04
2732,1.4060196273020775e-04,3.5890370661406206e-04
2733,1.4054458881229448e-04,3.5899939858538538e-04
2734,1.4048725607974043e-04,3.5909506299145578e-04
2735,1.4042996448527723e-04,3.5919069984164764e-04
2736,1.4037271398169168e-04,3.5928630914523269e-04
2737,1.4031550452185603e-04,3.5938189091157518e-04
2738,1.4025833605870410e-04,3.5947744515003394e-04
2739,1.4020120854523892e-04,3.5957297186998489e-04
2740,1.4014412193452756e-04,3.5966847108072564e-04
2741,1.4008707617971003e-04,3.5976394279156273e-04
2742,1.4003007123400337e-04,3.5985938701183244e-04
2743,1.3997310705069076e-04,3.5995480375086708e-04
2744,1.3991618358311965e-04,3.6005019301796315e-04
2745,1.3985930078465658e-04,3.6014555482244409e-04
2746,1.3980245860888406e-04,3.6024088917360980e-04
2747,1.3974565700927084e-04,3.6033619608073899e-04
2748,1.3968889593946149e-04,3.6043147555318421e-04
2749,1.3963217535316062e-04,3.6052672760014253e-04
2750,1.3957549520408091e-04,3.6062195223098063e-04
2751,1.3951885544610183e-04,3.6071714945491305e-04
2752,1.3946225603308831e-04,3.6081231928127065e-04
2753,1.3940569691897712e-04,3.6090746171932206e-04
2754,1.3934917805782847e-04,3.6100257677827518e-04
2755,1.3929269940372047e-04,3.6109766446741756e-04
2756,1.3923626091081817e-04,3.6119272479606099e-04
2757,1.3917986253334658e-04,3.6128775777334430e-04
2758,1.3912350422559081e-04,3.6138276340865231e-04
2759,1.3906718594193789e-04,3.6147774171108521e-04
2760,1.3901090763676960e-04,3.6157269268997260e-04
2761,1.3895466926463991e-04,3.6166761635454166e-04
2762,1.3889847078005398e-04,3.6176251271397805e-04
2763,1.3884231213767898e-04,3.6185738177750093e-04
2764,1.3878619329218164e-04,3.6195222355441968e-04
2765,1.3873011419833904e-04,3.6204703805383488e-04
2766,1.3867407481096312e-04,3.6214182528500523e-04
2767,1.3861807508495780e-04,3.6223658525715767e-04
2768,1.3856211497527854e-04,3.6233131797945085e-04
2769,1.3850619443692795e-04,3.6242602346106068e-04
2770,1.3845031342501598e-04,3.6252070171126447e-04
2771,1.3839447189469724e-04,3.6261535273917158e-04
2772,1.3833866980117842e-04,3.6270997655398521e-04
2773,1.3828290709975381e-04,3.6280457316490550e-04
2774,1.3822718374576293e-04,3.6289914258104015e-04
2775,1.3817149969462994e-04,3.6299368481159896e-04
2776,1.3811585490182261e-04,3.6308819986574723e-04
2777,1.3806024932289817e-04,3.6318268775265992e-04
2778,1.3800468291346238e-04,3.6327714848145257e-04
2779,1.3794915562918589e-04,3.6337158206128624e-04
2780,1.3789366742579566e-04,3.6346598850126933e-04
2781,1.3783821825911471e-04,3.6356036781062150e-04
2782,1.3778280808500270e-04,3.6365471999840810e-04
2783,1.3772743685937184e-04,3.6374904507377204e-04
2784,1.3767210453825363e-04,3.6384334304585120e-04
2785,1.3761681107765653e-04,3.6393761392377797e-04
2786,1.3756155643374933e-04,3.6403185771665205e-04
2787,1.3750634056270290e-04,3.6412607443362305e-04
2788,1.3745116342076709e-04,3.6422026408371980e-04
2789,1.3739602496422556e-04,3.6431442667608414e-04
2790,1.3734092514950801e-04,3.6440856221981013e-04
2791,1.3728586393301647e-04,3.6450267072396476e-04
2792,1.3723084127126593e-04,3.6459675219771949e-04
2793,1.3717585712082894e-04,3.6469080665006020e-04
2794,1.3712091143830432e-04,3.6478483409016434e-04
2795,1.3706600418042741e-04,3.6487883452704210e-04
2796,1.3701113530393394e-04,3.6497280796975661e-04
2797,1.3695630476562765e-04,3.6506675442735754e-04
2798,1.3690151252240183e-04,3.6516067390897719e-04
2799,1.3684675853119923e-04,3.6525456642367231e-04
2800,1.3679204274903120e-04,3.6534843198039637e-04
2801,1.3673736513294366e-04,3.6544227058829808e-04
2802,1.3668272564008684e-04,3.6553608225637539e-04
2803,1.3662812422763211e-04,3.6562986699368606e-04
2804,1.3657356085283073e-04,3.6572362480917942e-04
2805,1.3651903547303712e-04,3.6581735571202109e-04
2806,1.3646454804558441e-04,3.6591105971116040e-04
2807,1.3641009852793332e-04,3.6600473681560355e-04
2808,1.3635568687757758e-04,3.6609838703441925e-04
2809,1.3630131305205861e-04,3.6619201037655378e-04
2810,1.3624697700903869e-04,3.6628560685105806e-04
2811,1.3619267870616463e-04,3.6637917646688907e-04
2812,1.3613841810120164e-04,3.6647271923313541e-04
2813,1.3608419515193576e-04,3.6656623515873431e-04
2814,1.3603000981626736e-04,3.6665972425266367e-04
2815,1.3597586205209920e-04,3.6675318652389446e-04
2816,1.3592175181740605e-04,3.6684662198146697e-04
2817,1.3586767907027632e-04,3.6694003063432229e-04
2818,1.3581364376878162e-04,3.6703341249141099e-04
2819,1.3575964587110031e-04,3.6712676756173754e-04
2820,1.3570568533548377e-04,3.6722009585428222e-04
2821,1.3565176212018966e-04,3.6731339737787515e-04
2822,1.3559787618358914e-04,3.6740667214163773e-04
2823,1.3554402748409221e-04,3.6749992015441319e-04
2824,1.3549021598015902e-04,3.6759314142519224e-04
2825,1.3543644163032149e-04,3.6768633596287318e-04
2826,1.3538270439317332e-04,3.6777950377643478e-04
2827,1.3532900422735353e-04,3.6787264487473477e-04
2828,1.3527534109158103e-04,3.6796575926684427e-04
2829,1.3522171494463061e-04,3.6805884696154614e-04
2830,1.3516812574530373e-04,3.6815190796785503e-04
2831,1.3511457345250110e-04,3.6824494229453590e-04
2832,1.3506105802517073e-04,3.6833794995066115e-04
2833,1.3500757942232591e-04,3.6843093094508480e-04
2834,1.3495413760299699e-04,3.6852388528667556e-04
2835,1.3490073252635278e-04,3.6861681298436028e-04
2836,1.3484736415153350e-04,3.6870971404698771e-04
2837,1.3479403243779552e-04,3.6880258848349381e-04
2838,1.3474073734443071e-04,3.6889543630276914e-04
2839,1.3468747883080406e-04,3.6898825751365498e-04
2840,1.3463425685631894e-04,3.6908105212505270e-04
2841,1.3458107138045644e-04,3.6917382014579235e-04
2842,1.3452792236275023e-04,3.6926656158477010e-04
2843,1.3447480976277779e-04,3.6935927645083758e-04
2844,1.3442173354019150e-04,3.6945196475287744e-04
2845,1.3436869365470065e-04,3.6954462649968641e-04
2846,1.3431569006606170e-04,3.6963726170015024e-04
2847,1.3426272273410226e-04,3.6972987036311590e-04
2848,1.3420979161868915e-04,3.6982245249742030e-04
2849,1.3415689667976621e-04,3.6991500811185679e-04
2850,1.3410403787732380e-04,3.7000753721535943e-04
2851,1.3405121517139797e-04,3.7010003981659885e-04
2852,1.3399842852212685e-04,3.7019251592451913e-04
2853,1.3394567788962777e-04,3.7028496554794902e-04
2854,1.3389296323417199e-04,3.7037738869560616e-04
2855,1.3384028451601007e-04,3.7046978537638877e-04
2856,1.3378764169547699e-04,3.7056215559905643e-04
2857,1.3373503473296187e-04,3.7065449937236273e-04
2858,1.3368246358891887e-04,3.7074681670521168e-04
2859,1.3362992822386500e-04,3.7083910760631842e-04
2860,1.3357742859834053e-04,3.7093137208450298e-04
2861,1.3352496467296964e-04,3.7102361014852730e-04
2862,1.3347253640843027e-04,3.7111582180718116e-04
2863,1.3342014376543462e-04,3.7120800706923749e-04
2864,1.3336778670479461e-04,3.7130016594343751e-04
2865,1.3331546518733311e-04,3.7139229843863504e-04
2866,1.3326317917395616e-04,3.7148440456355984e-04
2867,1.3321092862560375e-04,3.7157648432687514e-04
2868,1.3315871350329380e-04,3.7166853773742037e-04
2869,1.3310653376809951e-04,3.7176056480397199e-04
2870,1.3305438938114228e-04,3.7185256553517798e-04
2871,1.3300228030356547e-04,3.7194453993989718e-04
2872,1.3295020649662967e-04,3.7203648802674116e-04
2873,1.3289816792162338e-04,3.7212840980455563e-04
2874,1.3284616453985838e-04,3.7222030528196934e-04
2875,1.3279419631276798e-04,3.7231217446777006e-04
2876,1.3274226320177232e-04,3.7240401737064063e-04
2877,1.3269036516839160e-04,3.7249583399932829e-04
2878,1.3263850217418020e-04,3.7258762436258427e-04
2879,1.3258667418076473e-04,3.7267938846901141e-04
2880,1.3253488114981380e-04,3.7277112632733242e-04
2881,1.3248312304302954e-04,3.7286283794635424e-04
2882,1.3243139982220897e-04,3.7295452333466141e-04
2883,1.3237971144919043e-04,3.7304618250100523e-04
2884,1.3232805788584683e-04,3.7313781545400245e-04
2885,1.3227643909413024e-04,3.7322942220243272e-04
2886,1.3222485503603111e-04,3.7332100275481214e-04
2887,1.3217330567359947e-04,3.7341255712002025e-04
2888,1.3212179096894292e-04,3.7350408530657288e-04
2889,1.3207031088421315e-04,3.7359558732326587e-04
2890,1.3201886538162440e-04,3.7368706317862156e-04
2891,1.3196745442342698e-04,3.7377851288136516e-04
2892,1.3191607797196814e-04,3.7386993644015625e-04
2893,1.3186473598960342e-04,3.7396133386363793e-04
2894,1.3181342843875292e-04,3.7405270516045882e-04
2895,1.3176215528189718e-04,3.7414405033920251e-04
2896,1.3171091648155950e-04,3.7423536940859388e-04
2897,1.3165971200034953e-04,3.7432666237717852e-04
2898,1.3160854180088605e-04,3.7441792925365194e-04
2899,1.3155740584585394e-04,3.7450917004659738e-04
2900,1.3150630409801604e-04,3.7460038476462104e-04
2901,1.3145523652015250e-04,3.7469157341646071e-04
2902,1.3140420307510697e-04,3.7478273601060678e-04
2903,1.3135320372581875e-04,3.7487387255567454e-04
2904,1.3130223843517042e-04,3.7496498306024772e-04
2905,1.3125130716623985e-04,3.7505606753303344e-04
2906,1.3120040988205155e-04,3.7514712598251743e-04
2907,1.3114954654571751e-04,3.7523815841735591e-04
2908,1.3109871712038647e-04,3.7532916484608891e-04
2909,1.3104792156932307e-04,3.7542014527729769e-04
2910,1.3099715985573262e-04,3.7551109971961454e-04
2911,1.3094643194297922e-04,3.7560202818162793e-04
2912,1.3089573779439596e-04,3.7569293067181225e-04
2913,1.3084507737344572e-04,3.7578380719881140e-04
2914,1.3079445064357483e-04,3.7587465777108890e-04
2915,1.3074385756830755e-04,3.7596548239737316e-04
2916,1.3069329811124343e-04,3.7605628108608685e-04
2917,1.3064277223598250e-04,3.7614705384580885e-04
2918,1.3059227990622487e-04,3.7623780068511930e-04
2919,1.3054182108569184e-04,3.7632852161249370e-04
2920,1.3049139573816275e-04,3.7641921663654260e-04
2921,1.3044100382748414e-04,3.7650988576574024e-04
2922,1.3039064531751956e-04,3.7660052900866136e-04
2923,1.3034032017222256e-04,3.7669114637378485e-04
2924,1.3029002835558139e-04,3.7678173786969197e-04
2925,1.3023976983160120e-04,3.7687230350484451e-04
2926,1.3018954456440598e-04,3.7696284328773614e-04
2927,1.3013935251811586e-04,3.7705335722703313e-04
2928,1.3008919365690592e-04,3.7714384533108132e-04
2929,1.3003906794505587e-04,3.7723430760841351e-04
2930,1.2998897534680515e-04,3.7732474406754863e-04
2931,1.2993891582652092e-04,3.7741515471698313e-04
2932,1.2988888934858801e-04,3.7750553956521606e-04
2933,1.2983889587744359e-04,3.7759589862069044e-04
2934,1.2978893537758226e-04,3.7768623189192929e-04
2935,1.2973900781354389e-04,3.7777653938735159e-04
2936,1.2968911314989006e-04,3.7786682111552511e-04
2937,1.2963925135129912e-04,3.7795707708487787e-04
2938,1.2958942238243534e-04,3.7804730730387349e-04
2939,1.2953962620805237e-04,3.7813751178094115e-04
2940,1.2948986279292282e-04,3.7822769052454734e-04
2941,1.2944013210187136e-04,3.7831784354317425e-04
2942,1.2939043409982272e-04,3.7840797084529325e-04
2943,1.2934076875168994e-04,3.7849807243932077e-04
2944,1.2929113602244916e-04,3.7858814833366730e-04
2945,1.2924153587714866e-04,3.7867819853679781e-04
2946,1.2919196828087190e-04,3.7876822305715671e-04
2947,1.2914243319873570e-04,3.7885822190320472e-04
2948,1.2909293059594601e-04,3.7894819508328215e-04
2949,1.2904346043770201e-04,3.7903814260587356e-04
2950,1.2899402268930210e-04,3.7912806447937828e-04
2951,1.2894461731605987e-04,3.7921796071222012e-04
2952,1.2889524428336883e-04,3.7930783131279367e-04
2953,1.2884590355664396e-04,3.7939767628951946e-04
2954,1.2879659510133795e-04,3.7948749565080574e-04
2955,1.2874731888301769e-04,3.7957728940500281e-04
2956,1.2869807486718882e-04,3.7966705756059619e-04
2957,1.2864886301952897e-04,3.7975680012593098e-04
2958,1.2859968330566793e-04,3.7984651710935532e-04
2959,1.2855053569132074e-04,3.7993620851930923e-04
2960,1.2850142014226632e-04,3.8002587436408643e-04
2961,1.2845233662428938e-04,3.8011551465219151e-04
2962,1.2840328510327177e-04,3.8020512939190767e-04
2963,1.2835426554509648e-04,3.8029471859159908e-04
2964,1.2830527791573835e-04,3.8038428225968654e-04
2965,1.2825632218116192e-04,3.8047382040448218e-04
2966,1.2820739830745313e-04,3.8056333303438359e-04
2967,1.2815850626067809e-04,3.8065282015765223e-04
2968,1.2810964600699665e-04,3.8074228178278850e-04
2969,1.2806081751258317e-04,3.8083171791796183e-04
2970,1.2801202074366728e-04,3.8092112857160420e-04
2971,1.2796325566656863e-04,3.8101051375211966e-04
2972,1.2791452224758480e-04,3.8109987346768900e-04
2973,1.2786582045309683e-04,3.8118920772671526e-04
2974,1.2781715024953963e-04,3.8127851653756460e-04
2975,1.2776851160337970e-04,3.8136779990852242e-04
2976,1.2771990448111846e-04,3.8145705784787805e-04
2977,1.2767132884935206e-04,3.8154629036401405e-04
2978,1.2762278467465870e-04,3.8163549746518598e-04
2979,1.2757427192373517e-04,3.8172467915968190e-04
2980,1.2752579056322789e-04,3.8181383545581938e-04
2981,1.2747734055993081e-04,3.8190296636192141e-04
2982,1.2742892188064898e-04,3.8199207188629352e-04
2983,1.2738053449217951e-04,3.8208115203714106e-04
2984,1.2733217836143724e-04,3.8217020682287483e-04
2985,1.2728385345537479e-04,3.8225923625171603e-04
2986,1.2723555974093100e-04,3.8234824033190831e-04
2987,1.2718729718514426e-04,3.8243721907175445e-04
2988,1.2713906575513535e-04,3.8252617247954757e-04
2989,1.2709086541795288e-04,3.8261510056355238e-04
2990,1.2704269614081742e-04,3.8270400333201672e-04
2991,1.2699455789087638e-04,3.8279288079318672e-04
2992,1.2694645063545185e-04,3.8288173295530350e-04
2993,1.2689837434179898e-04,3.8297055982667054e-04
2994,1.2685032897727670e-04,3.8305936141555335e-04
2995,1.2680231450928312e-04,3.8314813773012319e-04
2996,1.2675433090523634e-04,3.8323688877866781e-04
2997,1.2670637813264572e-04,3.8332561456944460e-04
2998,1.2665845615900345e-04,3.8341431511062216e-04
2999,1.2661056495191420e-04,3.8350299041045854e-04
3000,1.2656270447897029e-04,3.8359164047718444e-04
3001,1.2651487470783949e-04,3.8368026531905184e-04
3002,1.2646707560624163e-04,3.8376886494426019e-04
3003,1.2641930714190700e-04,3.8385743936095683e-04
3004,1.2637156928264033e-04,3.8394598857745613e-04
3005,1.2632386199629527e-04,3.8403451260188119e-04
3006,1.2627618525072333e-04,3.8412301144251414e-04
3007,1.2622853901388082e-04,3.8421148510750893e-04
3008,1.2618092325373991e-04,3.8429993360505091e-04
3009,1.2613333793830682e-04,3.8438835694330802e-04
3010,1.2608578303564461e-04,3.8447675513058233e-04
3011,1.2603825851387193e-04,3.8456512817495157e-04
3012,1.2599076434112932e-04,3.8465347608458971e-04
3013,1.2594330048561393e-04,3.8474179886779816e-04
3014,1.2589586691555345e-04,3.8483009653263140e-04
3015,1.2584846359925042e-04,3.8491836908726286e-04
3016,1.2580109050502447e-04,3.8500661653995393e-04
3017,1.2575374760122844e-04,3.8509483889871086e-04
3018,1.2570643485629695e-04,3.8518303617180935e-04
3019,1.2565915223867758e-04,3.8527120836746246e-04
3020,1.2561189971686527e-04,3.8535935549367155e-04
3021,1.2556467725942220e-04,3.8544747755865947e-04
3022,1.2551748483492051e-04,3.8553557457054555e-04
3023,1.2547032241199335e-04,3.8562364653751849e-04
3024,1.2542318995931721e-04,3.8571169346762383e-04
3025,1.2537608744560727e-04,3.8579971536913560e-04
3026,1.2532901483962430e-04,3.8588771225006764e-04
3027,1.2528197211018533e-04,3.8597568411858295e-04
3028,1.2523495922611396e-04,3.8606363098278151e-04
3029,1.2518797615630641e-04,3.8615155285077346e-04
3030,1.2514102286970616e-04,3.8623944973079040e-04
3031,1.2509409933528624e-04,3.8632732163075979e-04
3032,1.2504720552204617e-04,3.8641516855889469e-04
3033,1.2500034139906833e-04,3.8650299052333116e-04
3034,1.2495350693543991e-04,3.8659078753207950e-04
3035,1.2490670210031757e-04,3.8667855959331483e-04
3036,1.2485992686287633e-04,3.8676630671507036e-04
3037,1.2481318119237633e-04,3.8685402890544136e-04
3038,1.2476646505804411e-04,3.8694172617255679e-04
3039,1.2471977842924258e-04,3.8702939852452420e-04
3040,1.2467312127528211e-04,3.8711704596926434e-04
3041,1.2462649356560787e-04,3.8720466851499639e-04
3042,1.2457989526962250e-04,3.8729226616968180e-04
3043,1.2453332635683546e-04,3.8737983894157905e-04
3044,1.2448678679675832e-04,3.8746738683860624e-04
3045,1.2444027655895463e-04,3.8755490986881291e-04
3046,1.2439379561305627e-04,3.8764240804032082e-04
3047,1.2434734392868744e-04,3.8772988136111036e-04
3048,1.2430092147555692e-04,3.8781732983929313e-04
3049,1.2425452822338495e-04,3.8790475348290834e-04
3050,1.2420816414195269e-04,3.8799215229994748e-04
3051,1.2416182920108967e-04,3.8807952629851323e-04
3052,1.2411552337063359e-04,3.8816687548661952e-04
3053,1.2406924662049606e-04,3.8825419987224559e-04
3054,1.2402299892061238e-04,3.8834149946342478e-04
3055,1.2397678024097148e-04,3.8842877426827527e-04
3056,1.2393059055159112e-04,3.8851602429475370e-04
3057,1.2388442982252918e-04,3.8860324955086858e-04
3058,1.2383829802390607e-04,3.8869045004468822e-04
3059,1.2379219512584865e-04,3.8877762578411694e-04
3060,1.2374612109855663e-04,3.8886477677730876e-04
3061,1.2370007591226118e-04,3.8895190303208158e-04
3062,1.2365405953721672e-04,3.8903900455657255e-04
3063,1.2360807194375956e-04,3.8912608135877497e-04
3064,1.2356211310219671e-04,3.8921313344663245e-04
3065,1.2351618298295802e-04,3.8930016082810558e-04
3066,1.2347028155645985e-04,3.8938716351125580e-04
3067,1.2342440879315760e-04,3.8947414150401202e-04
3068,1.2337856466358260e-04,3.8956109481437740e-04
3069,1.2333274913828090e-04,3.8964802345030131e-04
3070,1.2328696218783989e-04,3.8973492741977708e-04
3071,1.2324120378289985e-04,3.8982180673080243e-04
3072,1.2319547389412800e-04,3.8990866139117968e-04
3073,1.2314977249224511e-04,3.8999549140908700e-04
3074,1.2310409954799121e-04,3.9008229679236069e-04
3075,1.2305845503216440e-04,3.9016907754896253e-04
3076,1.2301283891559558e-04,3.9025583368689659e-04
3077,1.2296725116916034e-04,3.9034256521399617e-04
3078,1.2292169176376699e-04,3.9042927213834644e-04
3079,1.2287616067035715e-04,3.9051595446775795e-04
3080,1.2283065785993852e-04,3.9060261221028310e-04
3081,1.2278518330353748e-04,3.9068924537374758e-04
3082,1.2273973697221613e-04,3.9077585396611950e-04
3083,1.2269431883709143e-04,3.9086243799535240e-04
3084,1.2264892886930317e-04,3.9094899746930573e-04
3085,1.2260356704004441e-04,3.9103553239594013e-04
3086,1.2255823332055140e-04,3.9112204278322329e-04
3087,1.2251292768208680e-04,3.9120852863893421e-04
3088,1.2246765009593161e-04,3.9129498997108800e-04
3089,1.2242240053346502e-04,3.9138142678751212e-04
3090,1.2237717896604021e-04,3.9146783909621704e-04
3091,1.2233198536510726e-04,3.9155422690499231e-04
3092,1.2228681970211311e-04,3.9164059022177842e-04
3093,1.2224168194855403e-04,3.9172692905443664e-04
3094,1.2219657207598376e-04,3.9181324341086728e-04
3095,1.2215149005595575e-04,3.9189953329901462e-04
3096,1.2210643586011151e-04,3.9198579872664301e-04
3097,1.2206140946009325e-04,3.9207203970167964e-04
3098,1.2201641082758210e-04,3.9215825623201768e-04
3099,1.2197143993434778e-04,3.9224444832548170e-04
3100,1.2192649675209977e-04,3.9233061599003283e-04
3101,1.2188158125272231e-04,3.9241675923348113e-04
3102,1.2183669340798362e-04,3.9250287806354340e-04
3103,1.2179183318983578e-04,3.9258897248830611e-04
3104,1.2174700057015051e-04,3.9267504251546797e-04
3105,1.2170219552092282e-04,3.9276108815299054e-04
3106,1.2165741801413237e-04,3.9284710940858326e-04
3107,1.2161266802181466e-04,3.9293310629023555e-04
3108,1.2156794551606859e-04,3.9301907880563339e-04
3109,1.2152325046898490e-04,3.9310502696272788e-04
3110,1.2147858285271107e-04,3.9319095076927258e-04
3111,1.2143394263945503e-04,3.9327685023315533e-04
3112,1.2138932980142097e-04,3.9336272536224333e-04
3113,1.2134474431089162e-04,3.9344857616421239e-04
3114,1.2130018614015665e-04,3.9353440264691447e-04
3115,1.2125565526155177e-04,3.9362020481829385e-04
3116,1.2121115164745729e-04,3.9370598268605330e-04
3117,1.2116667527028705e-04,3.9379173625800324e-04
3118,1.2112222610248099e-04,3.9387746554201065e-04
3119,1.2107780411656499e-04,3.9396317054579254e-04
3120,1.2103340928500770e-04,3.9404885127720360e-04
3121,1.2098904158041865e-04,3.9413450774400144e-04
3122,1.2094470097536972e-04,3.9422013995397433e-04
3123,1.2090038744251313e-04,3.9430574791494901e-04
3124,1.2085610095448655e-04,3.9439133163471861e-04
3125,1.2081184148405395e-04,3.9447689112095832e-04
3126,1.2076760900393836e-04,3.9456242638159864e-04
3127,1.2072340348690115e-04,3.9464793742430510e-04
3128,1.2067922490580146e-04,3.9473342425683949e-04
3129,1.2063507323346771e-04,3.9481888688704017e-04
3130,1.2059094844280577e-04,3.9490432532260264e-04
3131,1.2054685050673902e-04,3.9498973957136004e-04
3132,1.2050277939824766e-04,3.9507512964098625e-04
3133,1.2045873509031315e-04,3.9516049553935876e-04
3134,1.2041471755599627e-04,3.9524583727401598e-04
3135,1.2037072676836287e-04,3.9533115485294022e-04
3136,1.2032676270053230e-04,3.9541644828372741e-04
3137,1.2028282532563959e-04,3.9550171757416007e-04
3138,1.2023891461687956e-04,3.9558696273193754e-04
3139,1.2019503054748401e-04,3.9567218376485838e-04
3140,1.2015117309066883e-04,3.9575738068065177e-04
3141,1.2010734221977533e-04,3.9584255348693465e-04
3142,1.2006353790811100e-04,3.9592770219157948e-04
3143,1.2001976012902930e-04,3.9601282680215468e-04
3144,1.1997600885596287e-04,3.9609792732649553e-04
3145,1.1993228406229875e-04,3.9618300377232808e-04
3146,1.1988858572156549e-04,3.9626805614725110e-04
3147,1.1984491380722465e-04,3.9635308445904838e-04
3148,1.1980126829284469e-04,3.9643808871542822e-04
3149,1.1975764915199281e-04,3.9652306892398785e-04
3150,1.1971405635828731e-04,3.9660802509255228e-04
3151,1.1967048988538964e-04,3.9669295722878379e-04
3152,1.1962694970696476e-04,3.9677786534033521e-04
3153,1.1958343579673335e-04,3.9686274943485369e-04
3154,1.1953994812847320e-04,3.9694760952016094e-04
3155,1.1949648667595387e-04,3.9703244560379363e-04
3156,1.1945305141301485e-04,3.9711725769349924e-04
3157,1.1940964231351341e-04,3.9720204579697920e-04
3158,1.1936625935133073e-04,3.9728680992183354e-04
3159,1.1932290250042619e-04,3.9737155007575582e-04
3160,1.1927957173473503e-04,3.9745626626639210e-04
3161,1.1923626702828164e-04,3.9754095850152055e-04
3162,1.1919298835510969e-04,3.9762562678862293e-04
3163,1.1914973568924686e-04,3.9771027113543383e-04
3164,1.1910650900484421e-04,3.9779489154960138e-04
3165,1.1906330827602916e-04,3.9787948803879109e-04
3166,1.1902013347696190e-04,3.9796406061062860e-04
3167,1.1897698458186087e-04,3.9804860927271878e-04
3168,1.1893386156498657e-04,3.9813313403275739e-04
3169,1.1889076440057532e-04,3.9821763489836226e-04
3170,1.1884769306298810e-04,3.9830211187716390e-04
3171,1.1880464752654349e-04,3.9838656497676424e-04
3172,1.1876162776562893e-04,3.9847099420486736e-04
3173,1.1871863375465016e-04,3.9855539956891342e-04
3174,1.1867566546807645e-04,3.9863978107672115e-04
3175,1.1863272288038890e-04,3.9872413873581259e-04
3176,1.1858980596608907e-04,3.9880847255379417e-04
3177,1.1854691469975299e-04,3.9889278253827959e-04
3178,1.1850404905594499e-04,3.9897706869689259e-04
3179,1.1846120900929489e-04,3.9906133103721059e-04
3180,1.1841839453444886e-04,3.9914556956687636e-04
3181,1.1837560560610444e-04,3.9922978429340699e-04
3182,1.1833284219898558e-04,3.9931397522450509e-04
3183,1.1829010428783570e-04,3.9939814236766418e-04
3184,1.1824739184746080e-04,3.9948228573047980e-04
3185,1.1820470485265519e-04,3.9956640532059031e-04
3186,1.1816204327830944e-04,3.9965050114552128e-04
3187,1.1811940709929852e-04,3.9973457321281381e-04
3188,1.1807679629052379e-04,3.9981862153016449e-04
3189,1.1803421082697585e-04,3.9990264610504115e-04
3190,1.1799165068363202e-04,3.9998664694506188e-04
3191,1.1794911583551350e-04,4.0007062405771830e-04
3192,1.1790660625766510e-04,4.0015457745068683e-04
3193,1.1786412192520608e-04,4.0023850713138932e-04
3194,1.1782166281323165e-04,4.0032241310745796e-04
3195,1.1777922889691356e-04,4.0040629538643939e-04
3196,1.1773682015143070e-04,4.0049015397588937e-04
3197,1.1769443655201574e-04,4.0057398888329745e-04
3198,1.1765207807392119e-04,4.0065780011624660e-04
3199,1.1760974469242500e-04,4.0074158768224985e-04
3200,1.1756743638285550e-04,4.0082535158893120e-04
3201,1.1752515312056833e-04,4.0090909184371164e-04
3202,1.1748289488094933e-04,4.0099280845414312e-04
3203,1.1744066163941582e-04,4.0107650142771634e-04
3204,1.1739845337140649e-04,4.0116017077203932e-04
3205,1.1735627005244383e-04,4.0124381649459992e-04
3206,1.1731411165799689e-04,4.0132743860285937e-04
3207,1.1727197816364699e-04,4.0141103710441596e-04
3208,1.1722986954497446e-04,4.0149461200670206e-04
3209,1.1718778577757234e-04,4.0157816331727738e-04
3210,1.1714572683709622e-04,4.0166169104363062e-04
3211,1.1710369269925883e-04,4.0174519519319723e-04
3212,1.1706168333972599e-04,4.0182867577357373e-04
3213,1.1701969873423413e-04,4.0191213279218771e-04
3214,1.1697773885861219e-04,4.0199556625657401e-04
3215,1.1693580368863323e-04,4.0207897617425064e-04
3216,1.1689389320013426e-04,4.0216236255256898e-04
3217,1.1685200736899418e-04,4.0224572539906652e-04
3218,1.1681014617112874e-04,4.0232906472125281e-04
3219,1.1676830958244798e-04,4.0241238052659845e-04
3220,1.1672649757893360e-04,4.0249567282254974e-04
3221,1.1668471013658124e-04,4.0257894161660701e-04
3222,1.1664294723145042e-04,4.0266218691617359e-04
3223,1.1660120883955291e-04,4.0274540872885109e-04
3224,1.1655949493701568e-04,4.0282860706187932e-04
3225,1.1651780549995784e-04,4.0291178192287664e-04
3226,1.1647614050453154e-04,4.0299493331925814e-04
3227,1.1643449992694913e-04,4.0307806125846159e-04
3228,1.1639288374339452e-04,4.0316116574794529e-04
3229,1.1635129193014123e-04,4.0324424679517249e-04
3230,1.1630972446347326e-04,4.0332730440749507e-04
3231,1.1626818131971073e-04,4.0341033859244313e-04
3232,1.1622666247516889e-04,4.0349334935742233e-04
3233,1.1618516790626949e-04,4.0357633670988046e-04
3234,1.1614369758939405e-04,4.0365930065714892e-04
3235,1.1610225150097365e-04,4.0374224120674822e-04
3236,1.1606082961750681e-04,4.0382515836613468e-04
3237,1.1601943191546673e-04,4.0390805214258888e-04
3238,1.1597805837141811e-04,4.0399092254360381e-04
3239,1.1593670896188697e-04,4.0407376957661740e-04
3240,1.1589538366349601e-04,4.0415659324903190e-04
3241,1.1585408245286998e-04,4.0423939356824346e-04
3242,1.1581280530664630e-04,4.0432217054157938e-04
3243,1.1577155220151782e-04,4.0440492417651941e-04
3244,1.1573032311422042e-04,4.0448765448047581e-04
3245,1.1568911802148698e-04,4.0457036146075075e-04
3246,1.1564793690009657e-04,4.0465304512490771e-04
3247,1.1560677972685717e-04,4.0473570548013225e-04
3248,1.1556564647861093e-04,4.0481834253390032e-04
3249,1.1552453713223077e-04,4.0490095629358049e-04
3250,1.1548345166462618e-04,4.0498354676653193e-04
3251,1.1544239005271223e-04,4.0506611396026016e-04
3252,1.1540135227345314e-04,4.0514865788189309e-04
3253,1.1536033830384785e-04,4.0523117853905001e-04
3254,1.1531934812093237e-04,4.0531367593895609e-04
3255,1.1527838170171741e-04,4.0539615008889729e-04
3256,1.1523743902333019e-04,4.0547860099649890e-04
3257,1.1519652006284694e-04,4.0556102866887622e-04
3258,1.1515562479744106e-04,4.0564343311344639e-04
3259,1.1511475320426789e-04,4.0572581433763943e-04
3260,1.1507390526053930e-04,4.0580817234871290e-04
3261,1.1503308094347189e-04,4.0589050715402326e-04
3262,1.1499228023035215e-04,4.0597281876089502e-04
3263,1.1495150309843600e-04,4.0605510717679636e-04
3264,1.1491074952509959e-04,4.0613737240888459e-04
3265,1.1487001948765803e-04,4.0621961446456406e-04
3266,1.1482931296348238e-04,4.0630183335119206e-04
3267,1.1478862993001208e-04,4.0638402907609882e-04
3268,1.1474797036468482e-04,4.0646620164656150e-04
3269,1.1470733424494501e-04,4.0654835106993789e-04
3270,1.1466672154832484e-04,4.0663047735350736e-04
3271,1.1462613225233301e-04,4.0671258050460580e-04
3272,1.1458556633454530e-04,4.0679466053058485e-04
3273,1.1454502377252774e-04,4.0687671743866270e-04
3274,1.1450450454391645e-04,4.0695875123623112e-04
3275,1.1446400862635615e-04,4.0704076193048150e-04
3276,1.1442353599751125e-04,4.0712274952885814e-04
3277,1.1438308663509330e-04,4.0720471403859722e-04
3278,1.1434266051683860e-04,4.0728665546690284e-04
3279,1.1430225762051928e-04,4.0736857382122423e-04
3280,1.1426187792391013e-04,4.0745046910868068e-04
3281,1.1422152140484164e-04,4.0753234133668033e-04
3282,1.1418118804116860e-04,4.0761419051244517e-04
3283,1.1414087781077101e-04,4.0769601664331870e-04
3284,1.1410059069154250e-04,4.0777781973657561e-04
3285,1.1406032666144353e-04,4.0785959979929839e-04
3286,1.1402008569841531e-04,4.0794135683898137e-04
3287,1.1397986778047487e-04,4.0802309086283080e-04
3288,1.1393967288563993e-04,4.0810480187804168e-04
3289,1.1389950099194429e-04,4.0818648989194889e-04
3290,1.1385935207748756e-04,4.0826815491177637e-04
3291,1.1381922612038860e-04,4.0834979694477261e-04
3292,1.1377912309876947e-04,4.0843141599820480e-04
3293,1.1373904299078690e-04,4.0851301207934647e-04
3294,1.1369898577467014e-04,4.0859458519540209e-04
3295,1.1365895142859971e-04,4.0867613535359304e-04
3296,1.1361893993087059e-04,4.0875766256118950e-04
3297,1.1357895125972662e-04,4.0883916682545789e-04
3298,1.1353898539350076e-04,4.0892064815360588e-04
3299,1.1349904231051764e-04,4.0900210655287443e-04
3300,1.1345912198914470e-04,4.0908354203043624e-04
3301,1.1341922440778374e-04,4.0916495459356620e-04
3302,1.1337934954484297e-04,4.0924634424948671e-04
3303,1.1333949737878174e-04,4.0932771100537016e-04
3304,1.1329966788805867e-04,4.0940905486854819e-04
3305,1.1325986105119777e-04,4.0949037584609002e-04
3306,1.1322007684673297e-04,4.0957167394531716e-04
3307,1.1318031525321516e-04,4.0965294917336115e-04
3308,1.1314057624925979e-04,4.0973420153744865e-04
3309,1.1310085981343494e-04,4.0981543104480793e-04
3310,1.1306116592442843e-04,4.0989663770263357e-04
3311,1.1302149456089613e-04,4.0997782151807368e-04
3312,1.1298184570153614e-04,4.1005898249834758e-04
3313,1.1294221932508013e-04,4.1014012065064494e-04
3314,1.1290261541027843e-04,4.1022123598217467e-04
3315,1.1286303393592408e-04,4.1030232850009863e-04
3316,1.1282347488082939e-04,4.1038339821161636e-04
3317,1.1278393822379986e-04,4.1046444512386011e-04
3318,1.1274442394374547e-04,4.1054546924407085e-04
3319,1.1270493201954246e-04,4.1062647057934435e-04
3320,1.1266546243010490e-04,4.1070744913682686e-04
3321,1.1262601515438211e-04,4.1078840492389274e-04
3322,1.1258659017134144e-04,4.1086933794744099e-04
3323,1.1254718745999465e-04,4.1095024821480585e-04
3324,1.1250780699938780e-04,4.1103113573307318e-04
3325,1.1246844876854127e-04,4.1111200050946339e-04
3326,1.1242911274656090e-04,4.1119284255104944e-04
3327,1.1238979891257166e-04,4.1127366186496028e-04
3328,1.1235050724566174e-04,4.1135445845843534e-04
3329,1.1231123772504557e-04,4.1143523233857192e-04
3330,1.1227199032989796e-04,4.1151598351254413e-04
3331,1.1223276503942532e-04,4.1159671198738975e-04
3332,1.1219356183289388e-04,4.1167741777033899e-04
3333,1.1215438068954748e-04,4.1175810086845787e-04
3334,1.1211522158873150e-04,4.1183876128897325e-04
3335,1.1207608450971100e-04,4.1191939903891032e-04
3336,1.1203696943188924e-04,4.1200001412544705e-04
3337,1.1199787633462224e-04,4.1208060655566398e-04
3338,1.1195880519731830e-04,4.1216117633672774e-04
3339,1.1191975599941460e-04,4.1224172347570907e-04
3340,1.1188072872037196e-04,4.1232224797976624e-04
3341,1.1184172333965575e-04,4.1240274985595524e-04
3342,1.1180273983680929e-04,4.1248322911140791e-04
3343,1.1176377819133522e-04,4.1256368575320163e-04
3344,1.1172483838283754e-04,4.1264411978847069e-04
3345,1.1168592039087893e-04,4.1272453122428369e-04
3346,1.1164702419508934e-04,4.1280492006776168e-04
3347,1.1160814977509706e-04,4.1288528632597865e-04
3348,1.1156929711057863e-04,4.1296563000605530e-04
3349,1.1153046618126202e-04,4.1304595111501223e-04
3350,1.1149165696681237e-04,4.1312624966001390e-04
3351,1.1145286944702415e-04,4.1320652564810463e-04
3352,1.1141410360163807e-04,4.1328677908633208e-04
3353,1.1137535941050302e-04,4.1336700998180487e-04
3354,1.1133663685338025e-04,4.1344721834154667e-04
3355,1.1129793591017083e-04,4.1352740417270937e-04
3356,1.1125925656074560e-04,4.1360756748225430e-04
3357,1.1122059878499206e-04,4.1368770827734588e-04
3358,1.1118196256284462e-04,4.1376782656496090e-04
3359,1.1114334787426909e-04,4.1384792235228587e-04
3360,1.1110475469925251e-04,4.1392799564618022e-04
3361,1.1106618301778234e-04,4.1400804645385682e-04
3362,1.1102763280989225e-04,4.1408807478231864e-04
3363,1.1098910405565957e-04,4.1416808063856480e-04
3364,1.1095059673516413e-04,4.1424806402970014e-04
3365,1.1091211082850693e-04,4.1432802496274817e-04
3366,1.1087364631581732e-04,4.1440796344465337e-04
3367,1.1083520317726802e-04,4.1448787948262920e-04
3368,1.1079678139305432e-04,4.1456777308361288e-04
3369,1.1075838094337319e-04,4.1464764425457707e-04
3370,1.1072000180845104e-04,4.1472749300265946e-04
3371,1.1068164396857320e-04,4.1480731933480762e-04
3372,1.1064330740402222e-04,4.1488712325809862e-04
3373,1.1060499209511052e-04,4.1496690477948073e-04
3374,1.1056669802216815e-04,4.1504666390602469e-04
3375,1.1052842516555300e-04,4.1512640064469801e-04
3376,1.1049017350569546e-04,4.1520611500254101e-04
3377,1.1045194302294083e-04,4.1528580698658383e-04
3378,1.1041373369778662e-04,4.1536547660375126e-04
3379,1.1037554551067680e-04,4.1544512386115795e-04
3380,1.1033737844209206e-04,4.1552474876572056e-04
3381,1.1029923247255674e-04,4.1560435132443859e-04
3382,1.1026110758260476e-04,4.1568393154426872e-04
3383,1.1022300375280038e-04,4.1576348943231953e-04
3384,1.1018492096374540e-04,4.1584302499552491e-04
3385,1.1014685919600393e-04,4.1592253824085834e-04
3386,1.1010881843028848e-04,4.1600202917525347e-04
3387,1.1007079864721497e-04,4.1608149780573419e-04
3388,1.1003279982747352e-04,4.1616094413931182e-04
3389,1.0999482195179339e-04,4.1624036818290573e-04
3390,1.0995686500088811e-04,4.1631976994351255e-04
3391,1.0991892895553476e-04,4.1639914942807530e-04
3392,1.0988101379650664e-04,4.1647850664366622e-04
3393,1.0984311950464207e-04,4.1655784159704836e-04
3394,1.0980524606076289e-04,4.1663715429534720e-04
3395,1.0976739344571333e-04,4.1671644474544926e-04
3396,1.0972956164038334e-04,4.1679571295429366e-04
3397,1.0969175062568263e-04,4.1687495892891123e-04
3398,1.0965396038256549e-04,4.1695418267622482e-04
3399,1.0961619089194434e-04,4.1703338420306875e-04
3400,1.0957844213485268e-04,4.1711256351659198e-04
3401,1.0954071409225279e-04,4.1719172062350832e-04
3402,1.0950300674519101e-04,4.1727085553087371e-04
3403,1.0946532007473128e-04,4.1734996824568840e-04
3404,1.0942765406192870e-04,4.1742905877478905e-04
3405,1.0939000868791263e-04,4.1750812712513927e-04
3406,1.0935238393377569e-04,4.1758717330361633e-04
3407,1.0931477978070662e-04,4.1766619731721706e-04
3408,1.0927719620984132e-04,4.1774519917278858e-04
3409,1.0923963320240131e-04,4.1782417887727271e-04
3410,1.0920209073960008e-04,4.1790313643762629e-04
3411,1.0916456880269138e-04,4.1798207186078128e-04
3412,1.0912706737293323e-04,4.1806098515355958e-04
3413,1.0908958643162675e-04,4.1813987632289596e-04
3414,1.0905212596008947e-04,4.1821874537576278e-04
3415,1.0901468593965510e-04,4.1829759231897938e-04
3416,1.0897726635169921e-04,4.1837641715948662e-04
3417,1.0893986717760832e-04,4.1845521990413833e-04
3418,1.0890248839877189e-04,4.1853400055991607e-04
3419,1.0886512999666935e-04,4.1861275913365541e-04
3420,1.0882779195271156e-04,4.1869149563221285e-04
3421,1.0879047424841108e-04,4.1877021006249681e-04
3422,1.0875317686526977e-04,4.1884890243145843e-04
3423,1.0871589978480059e-04,4.1892757274590326e-04
3424,1.0867864298857770e-04,4.1900622101273592e-04
3425,1.0864140645817577e-04,4.1908484723880712e-04
3426,1.0860419017518256e-04,4.1916345143099291e-04
3427,1.0856699412122676e-04,4.1924203359617777e-04
3428,1.0852981827793755e-04,4.1932059374126811e-04
3429,1.0849266262703243e-04,4.1939913187308297e-04
3430,1.0845552715012915e-04,4.1947764799846020e-04
3431,1.0841841182902648e-04,4.1955614212424897e-04
3432,1.0838131664540029e-04,4.1963461425743024e-04
3433,1.0834424158104279e-04,4.1971306440473366e-04
3434,1.0830718661772475e-04,4.1979149257304234e-04
3435,1.0827015173726872e-04,4.1986989876921044e-04
3436,1.0823313692149510e-04,4.1994828300011917e-04
3437,1.0819614215225666e-04,4.2002664527254427e-04
3438,1.0815916741144880e-04,4.2010498559336823e-04
3439,1.0812221268095087e-04,4.2018330396944095e-04
3440,1.0808527794268259e-04,4.2026160040753728e-04
3441,1.0804836317861925e-04,4.2033987491449409e-04
3442,1.0801146837069362e-04,4.2041812749721535e-04
3443,1.0797459350090670e-04,4.2049635816253567e-04
3444,1.0793773855129771e-04,4.2057456691718052e-04
3445,1.0790090350387326e-04,4.2065275376801235e-04
3446,1.0786408834070012e-04,4.2073091872185978e-04
3447,1.0782729304386834e-04,4.2080906178551579e-04
3448,1.0779051759548458e-04,4.2088718296590241e-04
3449,1.0775376197766935e-04,4.2096528226966514e-04
3450,1.0771702617255701e-04,4.2104335970373540e-04
3451,1.0768031016234175e-04,4.2112141527485779e-04
3452,1.0764361392920747e-04,4.2119944898979524e-04
3453,1.0760693745537566e-04,4.2127746085551321e-04
3454,1.0757028072308813e-04,4.2135545087865786e-04
3455,1.0753364371460060e-04,4.2143341906606649e-04
3456,1.0749702641219596e-04,4.2151136542452935e-04
3457,1.0746042879818934e-04,4.2158928996082737e-04
3458,1.0742385085490348e-04,4.2166719268181291e-04
3459,1.0738729256468885e-04,4.2174507359413725e-04
3460,1.0735075390991047e-04,4.2182293270474978e-04
3461,1.0731423487298458e-04,4.2190077002028181e-04
3462,1.0727773543632231e-04,4.2197858554758128e-04
3463,1.0724125558233906e-04,4.2205637929341869e-04
3464,1.0720479529352612e-04,4.2213415126453660e-04
3465,1.0716835455234727e-04,4.2221190146777345e-04
3466,1.0713193334132270e-04,4.2228962990985557e-04
3467,1.0709553164297448e-04,4.2236733659750225e-04
3468,1.0705914943985649e-04,4.2244502153747842e-04
3469,1.0702278671452638e-04,4.2252268473665338e-04
3470,1.0698644344958008e-04,4.2260032620166027e-04
3471,1.0695011962765117e-04,4.2267794593932263e-04
3472,1.0691381523134792e-04,4.2275554395634625e-04
3473,1.0687753024336446e-04,4.2283312025948722e-04
3474,1.0684126464633659e-04,4.2291067485549405e-04
3475,1.0680501842301751e-04,4.2298820775113363e-04
3476,1.0676879155608723e-04,4.2306571895317128e-04
3477,1.0673258402831493e-04,4.2314320846825347e-04
3478,1.0669639582246244e-04,4.2322067630315928e-04
3479,1.0666022692131347e-04,4.2329812246465074e-04
3480,1.0662407730767883e-04,4.2337554695933663e-04
3481,1.0658794696440124e-04,4.2345294979414058e-04
3482,1.0655183587432141e-04,4.2353033097569605e-04
3483,1.0651574402032039e-04,4.2360769051064421e-04
3484,1.0647967138529673e-04,4.2368502840582872e-04
3485,1.0644361795215577e-04,4.2376234466792560e-04
3486,1.0640758370384880e-04,4.2383963930358849e-04
3487,1.0637156862332059e-04,4.2391691231959496e-04
3488,1.0633557269358139e-04,4.2399416372262342e-04
3489,1.0629959589760788e-04,4.2407139351940178e-04
3490,1.0626363821842124e-04,4.2414860171655576e-04
3491,1.0622769963909206e-04,4.2422578832096333e-04
3492,1.0619178014267358e-04,4.2430295333915902e-04
3493,1.0615587971224056e-04,4.2438009677793275e-04
3494,1.0611999833091330e-04,4.2445721864388728e-04
3495,1.0608413598183241e-04,4.2453431894379191e-04
3496,1.0604829264812324e-04,4.2461139768429118e-04
3497,1.0601246831297049e-04,4.2468845487206254e-04
3498,1.0597666295958190e-04,4.2476549051387303e-04
3499,1.0594087657115048e-04,4.2484250461628445e-04
3500,1.0590510913090867e-04,4.2491949718607405e-04
3501,1.0586936062213561e-04,4.2499646822985026e-04
3502,1.0583363102808257e-04,4.2507341775433285e-04
3503,1.0579792033206139e-04,4.2515034576615199e-04
3504,1.0576222851737727e-04,4.2522725227203901e-04
3505,1.0572655556739493e-04,4.2530413727858113e-04
3506,1.0569090146543321e-04,4.2538100079248756e-04
3507,1.0565526619490453e-04,4.2545784282039406e-04
3508,1.0561964973920530e-04,4.2553466336893724e-04
3509,1.0558405208174937e-04,4.2561146244489965e-04
3510,1.0554847320597457e-04,4.2568824005473864e-04
3511,1.0551291309536604e-04,4.2576499620524462e-04
3512,1.0547737173338476e-04,4.2584173090307596e-04
3513,1.0544184910353207e-04,4.2591844415471839e-04
3514,1.0540634518934991e-04,4.2599513596705253e-04
3515,1.0537085997437588e-04,4.2607180634644218e-04
3516,1.0533539344216286e-04,4.2614845529976458e-04
3517,1.0529994557632924e-04,4.2622508283354939e-04
3518,1.0526451636044270e-04,4.2630168895441405e-04
3519,1.0522910577815681e-04,4.2637827366902596e-04
3520,1.0519371381309002e-04,4.2645483698399773e-04
3521,1.0515834044896189e-04,4.2653137890598326e-04
3522,1.0512298566939191e-04,4.2660789944150464e-04
3523,1.0508764945813822e-04,4.2668439859728114e-04
3524,1.0505233179891049e-04,4.2676087637992033e-04
3525,1.0501703267544467e-04,4.2683733279604442e-04
3526,1.0498175207153521e-04,4.2691376785218126e-04
3527,1.0494648997094777e-04,4.2699018155505417e-04
3528,1.0491124635751707e-04,4.2706657391117209e-04
3529,1.0487602121502762e-04,4.2714294492716232e-04
3530,1.0484081452737340e-04,4.2721929460967206e-04
3531,1.0480562627839055e-04,4.2729562296530701e-04
3532,1.0477045645198446e-04,4.2737193000056968e-04
3533,1.0473530503205831e-04,4.2744821572215865e-04
3534,1.0470017200254395e-04,4.2752448013656086e-04
3535,1.0466505734737221e-04,4.2760072325047875e-04
3536,1.0462996105054373e-04,4.2767694507046307e-04
3537,1.0459488309601832e-04,4.2775314560302823e-04
3538,1.0455982346779696e-04,4.2782932485487240e-04
3539,1.0452478214992972e-04,4.2790548283245524e-04
3540,1.0448975912647787e-04,4.2798161954245420e-04
3541,1.0445475438146609e-04,4.2805773499134103e-04
3542,1.0441976789899849e-04,4.2813382918579948e-04
3543,1.0438479966318361e-04,4.2820990213231550e-04
3544,1.0434984965814834e-04,4.2828595383749438e-04
3545,1.0431491786803724e-04,4.2836198430783965e-04
3546,1.0428000427700733e-04,4.2843799354999297e-04
3547,1.0424510886926063e-04,4.2851398157054950e-04
3548,1.0421023162897889e-04,4.2858994837592982e-04
3549,1.0417537254039118e-04,4.2866589397278854e-04
3550,1.0414053158775823e-04,4.2874181836764498e-04
3551,1.0410570875531920e-04,4.2881772156710426e-04
3552,1.0407090402737311e-04,4.2889360357763466e-04
3553,1.0403611738819226e-04,4.2896946440574614e-04
3554,1.0400134882215246e-04,4.2904530405809145e-04
3555,1.0396659831352060e-04,4.2912112254114138e-04
3556,1.0393186584670994e-04,4.2919691986142375e-04
3557,1.0389715140607508e-04,4.2927269602559097e-04
3558,1.0386245497602798e-04,4.2934845104000593e-04
3559,1.0382777654096468e-04,4.2942418491129269e-04
3560,1.0379311608534425e-04,4.2949989764600594e-04
3561,1.0375847359358716e-04,4.2957558925052236e-04
3562,1.0372384905022098e-04,4.2965125973155557e-04
3563,1.0368924243968586e-04,4.2972690909553920e-04
3564,1.0365465374651938e-04,4.2980253734897431e-04
3565,1.0362008295525204e-04,4.2987814449839916e-04
3566,1.0358553005041730e-04,4.2995373055029285e-04
3567,1.0355099501660281e-04,4.3002929551117907e-04
3568,1.0351647783840870e-04,4.3010483938762533e-04
3569,1.0348197850039096e-04,4.3018036218604901e-04
3570,1.0344749698722266e-04,4.3025586391300650e-04
3571,1.0341303328353873e-04,4.3033134457494458e-04
3572,1.0337858737399059e-04,4.3040680417844002e-04
3573,1.0334415924327095e-04,4.3048224272993125e-04
3574,1.0330974887606345e-04,4.3055766023590949e-04
3575,1.0327535625711832e-04,4.3063305670295389e-04
3576,1.0324098137115264e-04,4.3070843213742006e-04
3577,1.0320662420291221e-04,4.3078378654584794e-04
3578,1.0317228473720287e-04,4.3085911993472780e-04
3579,1.0313796295880525e-04,4.3093443231051627e-04
3580,1.0310365885252169e-04,4.3100972367974676e-04
3581,1.0306937240320433e-04,4.3108499404893169e-04
3582,1.0303510359568407e-04,4.3116024342435618e-04
3583,1.0300085241483476e-04,4.3123547181268796e-04
3584,1.0296661884554891e-04,4.3131067922027612e-04
3585,1.0293240287274297e-04,4.3138586565363390e-04
3586,1.0289820448131333e-04,4.3146103111922174e-04
3587,1.0286402365622827e-04,4.3153617562351985e-04
3588,1.0282986038243687e-04,4.3161129917286301e-04
3589,1.0279571464489982e-04,4.3168640177391462e-04
3590,1.0276158642866667e-04,4.3176148343297406e-04
3591,1.0272747571868730e-04,4.3183654415654491e-04
3592,1.0269338250006545e-04,4.3191158395104441e-04
3593,1.0265930675779756e-04,4.3198660282302336e-04
3594,1.0262524847697993e-04,4.3206160077874606e-04
3595,1.0259120764269374e-04,4.3213657782483394e-04
3596,1.0255718424004953e-04,4.3221153396759112e-04
3597,1.0252317825417742e-04,4.3228646921353721e-04
3598,1.0248918967020871e-04,4.3236138356909015e-04
3599,1.0245521847332021e-04,4.3243627704064804e-04
3600,1.0242126464867948e-04,4.3251114963473094e-04
3601,1.0238732818150033e-04,4.3258600135760359e-04
3602,1.0235340905696376e-04,4.3266083221581804e-04
3603,1.0231950726033457e-04,4.3273564221585337e-04
3604,1.0228562277686931e-04,4.3281043136393161e-04
3605,1.0225175559181056e-04,4.3288519966659406e-04
3606,1.0221790569045987e-04,4.3295994713025732e-04
3607,1.0218407305813416e-04,4.3303467376132267e-04
3608,1.0215025768014080e-04,4.3310937956619520e-04
3609,1.0211645954182555e-04,4.3318406455131447e-04
3610,1.0208267862855215e-04,4.3325872872300366e-04
3611,1.0204891492568283e-04,4.3333337208774575e-04
3612,1.0201516841863732e-04,4.3340799465196303e-04
3613,1.0198143909278650e-04,4.3348259642191664e-04
3614,1.0194772693361445e-04,4.3355717740412291e-04
3615,1.0191403192653427e-04,4.3363173760495538e-04
3616,1.0188035405701214e-04,4.3370627703082228e-04
3617,1.0184669331054317e-04,4.3378079568803590e-04
3618,1.0181304967262185e-04,4.3385529358301123e-04
3619,1.0177942312876402e-04,4.3392977072215504e-04
3620,1.0174581366451853e-04,4.3400422711193390e-04
3621,1.0171222126542129e-04,4.3407866275854993e-04
3622,1.0167864591706023e-04,4.3415307766850320e-04
3623,1.0164508760499427e-04,4.3422747184810695e-04
3624,1.0161154631487080e-04,4.3430184530382520e-04
3625,1.0157802203228453e-04,4.3437619804192768e-04
3626,1.0154451474288254e-04,4.3445053006871772e-04
3627,1.0151102443232301e-04,4.3452484139081026e-04
3628,1.0147755108628254e-04,4.3459913201439831e-04
3629,1.0144409469046012e-04,4.3467340194581225e-04
3630,1.0141065523055214e-04,4.3474765119145826e-04
3631,1.0137723269228870e-04,4.3482187975769969e-04
3632,1.0134382706143364e-04,4.3489608765090470e-04
3633,1.0131043832371603e-04,4.3497027487737267e-04
3634,1.0127706646494937e-04,4.3504444144352745e-04
3635,1.0124371147091043e-04,4.3511858735563995e-04
3636,1.0121037332741087e-04,4.3519271262010452e-04
3637,1.0117705202029104e-04,4.3526681724320683e-04
3638,1.0114374753539746e-04,4.3534090123137093e-04
3639,1.0111045985857440e-04,4.3541496459083263e-04
3640,1.0107718897573974e-04,4.3548900732801954e-04
3641,1.0104393487277398e-04,4.3556302944916709e-04
3642,1.0101069753558730e-04,4.3563703096070709e-04
3643,1.0097747695011564e-04,4.3571101186896998e-04
3644,1.0094427310229845e-04,4.3578497218014361e-04
3645,1.0091108597813640e-04,4.3585891190068562e-04
3646,1.0087791556358129e-04,4.3593283103684127e-04
3647,1.0084476184464775e-04,4.3600672959503783e-04
3648,1.0081162480735815e-04,4.3608060758140005e-04
3649,1.0077850443771251e-04,4.3615446500239213e-04
3650,1.0074540072181570e-04,4.3622830186430627e-04
3651,1.0071231364571031e-04,4.3630211817337832e-04
3652,1.0067924319545214e-04,4.3637591393601966e-04
3653,1.0064618935718683e-04,4.3644968915847160e-04
3654,1.0061315211701104e-04,4.3652344384700762e-04
3655,1.0058013146107688e-04,4.3659717800798720e-04
3656,1.0054712737550641e-04,4.3667089164772652e-04
3657,1.0051413984648241e-04,4.3674458477241244e-04
3658,1.0048116886019723e-04,4.3681825738845653e-04
3659,1.0044821440285932e-04,4.3689190950205761e-04
3660,1.0041527646066111e-04,4.3696554111953881e-04
3661,1.0038235501984562e-04,4.3703915224723241e-04
3662,1.0034945006668974e-04,4.3711274289135469e-04
3663,1.0031656158740502e-04,4.3718631305825347e-04
3664,1.0028368956833798e-04,4.3725986275408715e-04
3665,1.0025083399576410e-04,4.3733339198522231e-04
3666,1.0021799485598572e-04,4.3740690075789470e-04
3667,1.0018517213534842e-04,4.3748038907845914e-04
3668,1.0015236582020324e-04,4.3755385695311126e-04
3669,1.0011957589691716e-04,4.3762730438811595e-04
3670,1.0008680235187563e-04,4.3770073138980404e-04
3671,1.0005404517146161e-04,4.3777413796432826e-04
3672,1.0002130434210856e-04,4.3784752411803163e-04
3673,9.9988579850237221e-05,4.3792088985712240e-04
3674,9.9955871682298568e-05,4.3799423518793307e-04
3675,9.9923179824754153e-05,4.3806756011663579e-04
3676,9.9890504264098787e-05,4.3814086464949388e-04
3677,9.9857844986800612e-05,4.3821414879284217e-04
3678,9.9825201979395137e-05,4.3828741255282967e-04
3679,9.9792575228405364e-05,4.3836065593568115e-04
3680,9.9759964720380368e-05,4.3843387894770380e-04
3681,9.9727370441855456e-05,4.3850708159515271e-04
3682,9.9694792379439852e-05,4.3858026388421064e-04
3683,9.9662230519705398e-05,4.3865342582112945e-04
3684,9.9629684849276848e-05,4.3872656741211020e-04
3685,9.9597155354762531e-05,4.3879968866346178e-04
3686,9.9564642022817381e-05,4.3887278958139992e-04
3687,9.9532144840088418e-05,4.3894587017206217e-04
3688,9.9499663793263551e-05,4.3901893044172156e-04
3689,9.9467198869011714e-05,4.3909197039667064e-04
3690,9.9434750054052624e-05,4.3916499004303933e-04
3691,9.9402317335084881e-05,4.3923798938707225e-04
3692,9.9369900698862475e-05,4.3931096843493987e-04
3693,9.9337500132147638e-05,4.3938392719293550e-04
3694,9.9305115621681363e-05,4.3945686566721886e-04
3695,9.9272747154274113e-05,4.3952978386399230e-04
3696,9.9240394716705276e-05,4.3960268178951876e-04
3697,9.9208058295793963e-05,4.3967555944988008e-04
3698,9.9175737878375058e-05,4.3974841685141879e-04
3699,9.9143433451291498e-05,4.3982125400027694e-04
3700,9.9111145001405733e-05,4.3989407090256027e-04
3701,9.9078872515611426e-05,4.3996686756461896e-04
3702,9.9046615980765676e-05,4.4003964399254324e-04
3703,9.9014375383808860e-05,4.4011240019256126e-04
3704,9.8982150711670081e-05,4.4018513617086316e-04
3705,9.8949941951255620e-05,4.4025785193359441e-04
3706,9.8917749089540656e-05,4.4033054748698875e-04
3707,9.8885572113509195e-05,4.4040322283713190e-04
3708,9.8853411010117851e-05,4.4047587799033198e-04
3709,9.8821265766399266e-05,4.4054851295260934e-04
3710,9.8789136369345062e-05,4.4062112773038289e-04
3711,9.8757022806004010e-05,4.4069372232960567e-04
3712,9.8724925063423282e-05,4.4076629675645214e-04
3713,9.8692843128652720e-05,4.4083885101723073e-04
3714,9.8660776988784612e-05,4.4091138511801674e-04
3715,9.8628726630916005e-05,4.4098389906489246e-04
3716,9.8596692042153281e-05,4.4105639286419441e-04
3717,9.8564673209605954e-05,4.4112886652194968e-04
3718,9.8532670120424332e-05,4.4120132004433089e-04
3719,9.8500682761778452e-05,4.4127375343758099e-04
3720,9.8468711120822865e-05,4.4134616670777851e-04
3721,9.8436755184743818e-05,4.4141855986106377e-04
3722,9.8404814940724198e-05,4.4149093290351833e-04
3723,9.8372890376035704e-05,4.4156328584149908e-04
3724,9.8340981477857209e-05,4.4163561868095880e-04
3725,9.8309088233451100e-05,4.4170793142806961e-04
3726,9.8277210630069343e-05,4.4178022408903310e-04
3727,9.8245348655016186e-05,4.4185249666989451e-04
3728,9.8213502295555860e-05,4.4192474917686324e-04
3729,9.8181671539004594e-05,4.4199698161610053e-04
3730,9.8149856372691210e-05,4.4206919399362760e-04
3731,9.8118056783926029e-05,4.4214138631557605e-04
3732,9.8086272760094671e-05,4.4221355858821291e-04
3733,9.8054504288540159e-05,4.4228571081752588e-04
3734,9.8022751356650892e-05,4.4235784300960959e-04
3735,9.7991013951823886e-05,4.4242995517074099e-04
3736,9.7959292061463937e-05,4.4250204730687337e-04
3737,9.7927585673005142e-05,4.4257411942416592e-04
3738,9.7895894773891885e-05,4.4264617152882401e-04
3739,9.7864219351567492e-05,4.4271820362684860e-04
3740,9.7832559393499263e-05,4.4279021572445152e-04
3741,9.7800914887190860e-05,4.4286220782754947e-04
3742,9.7769285820126429e-05,4.4293417994236952e-04
3743,9.7737672179834257e-05,4.4300613207504515e-04
3744,9.7706073953805756e-05,4.4307806423160925e-04
3745,9.7674491129645863e-05,4.4314997641818404e-04
3746,9.7642923694870318e-05,4.4322186864084544e-04
3747,9.7611371637045923e-05,4.4329374090574522e-04
3748,9.7579834943794491e-05,4.4336559321880051e-04
3749,9.7548313602700105e-05,4.4343742558635010e-04
3750,9.7516807601374521e-05,4.4350923801434415e-04
3751,9.7485316927471184e-05,4.4358103050877798e-04
3752,9.7453841568592852e-05,4.4365280307588238e-04
3753,9.7422381512440065e-05,4.4372455572163759e-04
3754,9.7390936746678477e-05,4.4379628845217782e-04
3755,9.7359507258990279e-05,4.4386800127355650e-04
3756,9.7328093037089575e-05,4.4393969419182974e-04
3757,9.7296694068677353e-05,4.4401136721310434e-04
3758,9.7265310341510802e-05,4.4408302034343176e-04
3759,9.7233941843315451e-05,4.4415465358883338e-04
3760,9.7202588561862816e-05,4.4422626695546526e-04
3761,9.7171250484913744e-05,4.4429786044926194e-04
3762,9.7139927600294108e-05,4.4436943407640363e-04
3763,9.7108619895763308e-05,4.4444098784282658e-04
3764,9.7077327359194784e-05,4.4451252175462555e-04
3765,9.7046049978357342e-05,4.4458403581797628e-04
3766,9.7014787741160228e-05,4.4465553003875493e-04
3767,9.6983540635401413e-05,4.4472700442312095e-04
3768,9.6952308649011408e-05,4.4479845897701703e-04
3769,9.6921091769872059e-05,4.4486989370658679e-04
3770,9.6889889985849435e-05,4.4494130861781427e-04
3771,9.6858703284895015e-05,4.4501270371683806e-04
3772,9.6827531654940002e-05,4.4508407900946498e-04
3773,9.6796375083921414e-05,4.4515543450198585e-04
3774,9.6765233559798508e-05,4.4522677020029857e-04
3775,9.6734107070559463e-05,4.4529808611043780e-04
3776,9.6702995604175406e-05,4.4536938223845734e-04
3777,9.6671899148663805e-05,4.4544065859039551e-04
3778,9.6640817692031039e-05,4.4551191517222337e-04
3779,9.6609751222317475e-05,4.4558315198994617e-04
3780,9.6578699727552060e-05,4.4565436904971491e-04
3781,9.6547663195817161e-05,4.4572556635743101e-04
3782,9.6516641615160723e-05,4.4579674391915917e-04
3783,9.6485634973686771e-05,4.4586790174082032e-04
3784,9.6454643259491065e-05,4.4593903982858923e-04
3785,9.6423666460686709e-05,4.4601015818833119e-04
3786,9.6392704565396932e-05,4.4608125682604239e-04
3787,9.6361757561765402e-05,4.4615233574784208e-04
3788,9.6330825437958444e-05,4.4622339495968989e-04
3789,9.6299908182124306e-05,4.4629443446756053e-04
3790,9.6269005782481586e-05,4.4636545427745387e-04
3791,9.6238118227203671e-05,4.4643645439537791e-04
3792,9.6207245504485701e-05,4.4650743482730509e-04
3793,9.6176387602577620e-05,4.4657839557927766e-04
3794,9.6145544509708219e-05,4.4664933665718962e-04
3795,9.6114716214136536e-05,4.4672025806711483e-04
3796,9.6083902704115215e-05,4.4679115981500637e-04
3797,9.6053103967941973e-05,4.4686204190685577e-04
3798,9.6022319993883357e-05,4.4693290434860803e-04
3799,9.5991550770274599e-05,4.4700374714631537e-04
3800,9.5960796285410517e-05,4.4707457030585576e-04
3801,9.5930056527654449e-05,4.4714537383326385e-04
3802,9.5899331485324458e-05,4.4721615773454923e-04
3803,9.5868621146790074e-05,4.4728692201553638e-04
3804,9.5837925500423746e-05,4.4735766668238476e-04
3805,9.5807244534618370e-05,4.4742839174090299e-04
3806,9.5776578237778337e-05,4.4749909719712743e-04
3807,9.5745926598316182e-05,4.4756978305697135e-04
3808,9.5715289604642853e-05,4.4764044932651178e-04
3809,9.5684667245231209e-05,4.4771109601155889e-04
3810,9.5654059508509939e-05,4.4778172311814323e-04
3811,9.5623466382948851e-05,4.4785233065216797e-04
3812,9.5592887857057571e-05,4.4792291861968565e-04
3813,9.5562323919278611e-05,4.4799348702653617e-04
3814,9.5531774558178234e-05,4.4806403587873864e-04
3815,9.5501239762240314e-05,4.4813456518214402e-04
3816,9.5470719520004523e-05,4.4820507494285495e-04
3817,9.5440213820029141e-05,4.4827556516659916e-04
3818,9.5409722650873435e-05,4.4834603585946163e-04
3819,9.5379246001102419e-05,4.4841648702732167e-04
3820,9.5348783859306127e-05,4.4848691867619062e-04
3821,9.5318336214098457e-05,4.4855733081188356e-04
3822,9.5287903054085311e-05,4.4862772344041906e-04
3823,9.5257484367882770e-05,4.4869809656767603e-04
3824,9.5227080144154823e-05,4.4876845019955737e-04
3825,9.5196690371523039e-05,4.4883878434202927e-04
3826,9.5166315038680219e-05,4.4890909900108299e-04
3827,9.5135954134313445e-05,4.4897939418251959e-04
3828,9.5105607647072652e-05,4.4904966989225471e-04
3829,9.5075275565713904e-05,4.4911992613628972e-04
3830,9.5044957878900513e-05,4.4919016292048171e-04
3831,9.5014654575424133e-05,4.4926038025071334e-04
3832,9.4984365643990939e-05,4.4933057813293574e-04
3833,9.4954091073361376e-05,4.4940075657308616e-04
3834,9.4923830852322827e-05,4.4947091557701957e-04
3835,9.4893584969637062e-05,4.4954105515062210e-04
3836,9.4863353414124439e-05,4.4961117529983724e-04
3837,9.4833136174576950e-05,4.4968127603049139e-04
3838,9.4802933239823383e-05,4.4975135734856813e-04
3839,9.4772744598683133e-05,4.4982141925991817e-04
3840,9.4742570240031771e-05,4.4989146177045933e-04
3841,9.4712410152710986e-05,4.4996148488603380e-04
3842,9.4682264325591091e-05,4.5003148861255665e-04
3843,9.4652132747584492e-05,4.5010147295588437e-04
3844,9.4622015407559211e-05,4.5017143792192016e-04
3845,9.4591912294445909e-05,4.5024138351663169e-04
3846,9.4561823397151302e-05,4.5031130974573135e-04
3847,9.4531748704625837e-05,4.5038121661519390e-04
3848,9.4501688205823650e-05,4.5045110413088272e-04
3849,9.4471641889698604e-05,4.5052097229867629e-04
3850,9.4441609745223536e-05,4.5059082112441386e-04
3851,9.4411591761394973e-05,4.5066065061396057e-04
3852,9.4381587927205756e-05,4.5073046077322441e-04
3853,9.4351598231681320e-05,4.5080025160808371e-04
3854,9.4321622663821091e-05,4.5087002312432019e-04
3855,9.4291661212699864e-05,4.5093977532785728e-04
3856,9.4261713867333909e-05,4.5100950822453357e-04
3857,9.4231780616804649e-05,4.5107922182014933e-04
3858,9.4201861450193055e-05,4.5114891612065461e-04
3859,9.4171956356559676e-05,4.5121859113189916e-04
3860,9.4142065325044671e-05,4.5128824685969305e-04
3861,9.4112188344730460e-05,4.5135788330979694e-04
3862,9.4082325404751875e-05,4.5142750048824255e-04
3863,9.4052476494258899e-05,4.5149709840071870e-04
3864,9.4022641602373771e-05,4.5156667705315001e-04
3865,9.3992820718291549e-05,4.5163623645129013e-04
3866,9.3963013831174319e-05,4.5170577660109929e-04
3867,9.3933220930197798e-05,4.5177529750825774e-04
3868,9.3903442004571682e-05,4.5184479917876285e-04
3869,9.3873677043529734e-05,4.5191428161831020e-04
3870,9.3843926036251400e-05,4.5198374483287413e-04
3871,9.3814188972004542e-05,4.5205318882809997e-04
3872,9.3784465840041409e-05,4.5212261360992774e-04
3873,9.3754756629616542e-05,4.5219201918416285e-04
3874,9.3725061329985281e-05,4.5226140555666358e-04
3875,9.3695379930446590e-05,4.5233077273312177e-04
3876,9.3665712420322393e-05,4.5240012071945867e-04
3877,9.3636058788876093e-05,4.5246944952147955e-04
3878,9.3606419025475042e-05,4.5253875914499084e-04
3879,9.3576793119423693e-05,4.5260804959577748e-04
3880,9.3547181060094994e-05,4.5267732087971946e-04
3881,9.3517582836808472e-05,4.5274657300249448e-04
3882,9.3487998438987000e-05,4.5281580596999085e-04
3883,9.3458427855961759e-05,4.5288501978802483e-04
3884,9.3428871077159013e-05,4.5295421446232679e-04
3885,9.3399328091992734e-05,4.5302338999873620e-04
3886,9.3369798889849585e-05,4.5309254640313345e-04
3887,9.3340283460189698e-05,4.5316168368115492e-04
3888,9.3310781792436628e-05,4.5323080183863742e-04
3889,9.3281293876060304e-05,4.5329990088151554e-04
3890,9.3251819700523108e-05,4.5336898081534789e-04
3891,9.3222359255313333e-05,4.5343804164611588e-04
3892,9.3192912529885827e-05,4.5350708337945451e-04
3893,9.3163479513796118e-05,4.5357610602123874e-04
3894,9.3134060196517563e-05,4.5364510957720942e-04
3895,9.3104654567598781e-05,4.5371409405314930e-04
3896,9.3075262616563233e-05,4.5378305945487221e-04
3897,9.3045884332986032e-05,4.5385200578808434e-04
3898,9.3016519706399150e-05,4.5392093305861650e-04
3899,9.2987168726394641e-05,4.5398984127218572e-04
3900,9.2957831382566467e-05,4.5405873043461039e-04
3901,9.2928507664479372e-05,4.5412760055155469e-04
3902,9.2899197561767218e-05,4.5419645162898001e-04
3903,9.2869901064063148e-05,4.5426528367244548e-04
3904,9.2840618160989517e-05,4.5433409668777501e-04
3905,9.2811348842159738e-05,4.5440289068077590e-04
3906,9.2782093097287319e-05,4.5447166565717469e-04
3907,9.2752850915991635e-05,4.5454042162267039e-04
3908,9.2723622287981981e-05,4.5460915858307562e-04
3909,9.2694407202921627e-05,4.5467787654415433e-04
3910,9.2665205650546025e-05,4.5474657551161787e-04
3911,9.2636017620555838e-05,4.5481525549119348e-04
3912,9.2606843102657744e-05,4.5488391648866448e-04
3913,9.2577682086642096e-05,4.5495255850973705e-04
3914,9.2548534562201222e-05,4.5502118156017266e-04
3915,9.2519400519116773e-05,4.5508978564567671e-04
3916,9.2490279947177856e-05,4.5515837077200782e-04
3917,9.2461172836151594e-05,4.5522693694494902e-04
3918,9.2432079175816333e-05,4.5529548417015220e-04
3919,9.2402998956022666e-05,4.5536401245336385e-04
3920,9.2373932166559767e-05,4.5543252180036374e-04
3921,9.2344878797261058e-05,4.5550101221682757e-04
3922,9.2315838837985563e-05,4.5556948370843243e-04
3923,9.2286812278547691e-05,4.5563793628104337e-04
3924,9.2257799108848152e-05,4.5570636994021611e-04
3925,9.2228799318752692e-05,4.5577478469178019e-04
3926,9.2199812898140310e-05,4.5584318054137134e-04
3927,9.2170839836925230e-05,4.5591155749477298e-04
3928,9.2141880124986642e-05,4.5597991555764382e-04
3929,9.2112933752287664e-05,4.5604825473570299e-04
3930,9.2084000708723683e-05,4.5611657503468958e-04
3931,9.2055080984279516e-05,4.5618487646027642e-04
3932,9.2026174568857311e-05,4.5625315901816918e-04
3933,9.1997281452468462e-05,4.5632142271403249e-04
3934,9.1968401625066142e-05,4.5638966755367117e-04
3935,9.1939535076643124e-05,4.5645789354271070e-04
3936,9.1910681797212945e-05,4.5652610068683730e-04
3937,9.1881841776757711e-05,4.5659428899178726e-04
3938,9.1853015005343433e-05,4.5666245846314520e-04
3939,9.1824201472968578e-05,4.5673060910674391e-04
3940,9.1795401169671062e-05,4.5679874092824553e-04
3941,9.1766614085556103e-05,4.5686685393321190e-04
3942,9.1737840210647713e-05,4.5693494812745934e-04
3943,9.1709079535029413e-05,4.5700302351653625e-04
3944,9.1680332048805352e-05,4.5707108010625407e-04
3945,9.1651597742062587e-05,4.5713911790219909e-04
3946,9.1622876604920608e-05,4.5720713691013530e-04
3947,9.1594168627492684e-05,4.5727513713568794e-04
3948,9.1565473799925382e-05,4.5734311858452135e-04
3949,9.1536792112362558e-05,4.5741108126230381e-04
3950,9.1508123554935169e-05,4.5747902517464584e-04
3951,9.1479468117841781e-05,4.5754695032727464e-04
3952,9.1450825791241364e-05,4.5761485672594091e-04
3953,9.1422196565347515e-05,4.5768274437617691e-04
3954,9.1393580430315245e-05,4.5775061328366955e-04
3955,9.1364977376390732e-05,4.5781846345405489e-04
3956,9.1336387393780338e-05,4.5788629489306842e-04
3957,9.1307810472735553e-05,4.5795410760625800e-04
3958,9.1279246603462726e-05,4.5802190159940345e-04
3959,9.1250695776267990e-05,4.5808967687803584e-04
3960,9.1222157981358967e-05,4.5815743344781242e-04
3961,9.1193633209045709e-05,4.5822517131443425e-04
3962,9.1165121449615459e-05,4.5829289048357865e-04
3963,9.1136622693351014e-05,4.5836059096079755e-04
3964,9.1108136930576791e-05,4.5842827275173318e-04
3965,9.1079664151598368e-05,4.5849593586213709e-04
3966,9.1051204346756726e-05,4.5856358029747071e-04
3967,9.1022757506369368e-05,4.5863120606348998e-04
3968,9.0994323620818758e-05,4.5869881316580428e-04
3969,9.0965902680444614e-05,4.5876640160999135e-04
3970,9.0937494675634263e-05,4.5883397140180417e-04
3971,9.0909099596760967e-05,4.5890152254669759e-04
3972,9.0880717434214261e-05,4.5896905505037646e-04
3973,9.0852348178415465e-05,4.5903656891853057e-04
3974,9.0823991819771299e-05,4.5910406415670144e-04
3975,9.0795648348711294e-05,4.5917154077047622e-04
3976,9.0767317755654004e-05,4.5923899876560185e-04
3977,9.0739000031079468e-05,4.5930643814757241e-04
3978,9.0710695165418316e-05,4.5937385892198693e-04
3979,9.0682403149150575e-05,4.5944126109453737e-04
3980,9.0654123972745376e-05,4.5950864467076682e-04
3981,9.0625857626719879e-05,4.5957600965635217e-04
3982,9.0597604101531291e-05,4.5964335605684853e-04
3983,9.0569363387733471e-05,4.5971068387784368e-04
3984,9.0541135475799957e-05,4.5977799312499308e-04
3985,9.0512920356324697e-05,4.5984528380385304e-04
3986,9.0484718019793209e-05,4.5991255591999855e-04
3987,9.0456528456770140e-05,4.5997980947905086e-04
3988,9.0428351657856747e-05,4.6004704448664613e-04
3989,9.0400187613580977e-05,4.6011426094826611e-04
3990,9.0372036314551824e-05,4.6018145886965532e-04
3991,9.0343897751342977e-05,4.6024863825625440e-04
3992,9.0315771914578540e-05,4.6031579911369621e-04
3993,9.0287658794864904e-05,4.6038294144757562e-04
3994,9.0259558382836325e-05,4.6045006526348163e-04
3995,9.0231470669116363e-05,4.6051717056701784e-04
3996,9.0203395644356392e-05,4.6058425736369665e-04
3997,9.0175333299219058e-05,4.6065132565911997e-04
3998,9.0147283624356981e-05,4.6071837545884044e-04
3999,9.0119246610450101e-05,4.6078540676845086e-04
4000,9.0091222248195164e-05,4.6085241959358496e-04
4001,9.0063210528297955e-05,4.6091941393969281e-04
4002,9.0035211441442671e-05,4.6098638981233284e-04
4003,9.0007224978357932e-05,4.6105334721722254e-04
4004,8.9979251129778024e-05,4.6112028615979375e-04
4005,8.9951289886433400e-05,4.6118720664562883e-04
4006,8.9923341239081465e-05,4.6125410868033310e-04
4007,8.9895405178460613e-05,4.6132099226938681e-04
4008,8.9867481695365966e-05,4.6138785741836846e-04
4009,8.9839570780563688e-05,4.6145470413289633e-04
4010,8.9811672424844184e-05,4.6152153241844560e-04
4011,8.9783786618996480e-05,4.6158834228059045e-04
4012,8.9755913353868066e-05,4.6165513372483275e-04
4013,8.9728052620227585e-05,4.6172190675682393e-04
4014,8.9700204408932175e-05,4.6178866138198648e-04
4015,8.9672368710829614e-05,4.6185539760587732e-04
4016,8.9644545516747359e-05,4.6192211543415965e-04
4017,8.9616734817552499e-05,4.6198881487223174e-04
4018,8.9588936604131773e-05,4.6205549592568328e-04
4019,8.9561150867349570e-05,4.6212215860003244e-04
4020,8.9533377598095069e-05,4.6218880290082215e-04
4021,8.9505616787265892e-05,4.6225542883358384e-04
4022,8.9477868425787130e-05,4.6232203640379955e-04
4023,8.9450132504568345e-05,4.6238862561704492e-04
4024,8.9422409014542286e-05,4.6245519647887144e-04
4025,8.9394697946644833e-05,4.6252174899475090e-04
4026,8.9366999291817491e-05,4.6258828317020007e-04
4027,8.9339313041038640e-05,4.6265479901069458e-04
4028,8.9311639185282542e-05,4.6272129652190412e-04
4029,8.9283977715497639e-05,4.6278777570912268e-04
4030,8.9256328622696127e-05,4.6285423657803088e-04
4031,8.9228691897871428e-05,4.6292067913406910e-04
4032,8.9201067532042907e-05,4.6298710338278106e-04
4033,8.9173455516206591e-05,4.6305350932964622e-04
4034,8.9145855841402685e-05,4.6311989698021120e-04
4035,8.9118268498673595e-05,4.6318626633992308e-04
4036,8.9090693479066478e-05,4.6325261741425562e-04
4037,8.9063130773636112e-05,4.6331895020881679e-04
4038,8.9035580373458009e-05,4.6338526472899857e-04
4039,8.9008042269594480e-05,4.6345156098031995e-04
4040,8.8980516453128654e-05,4.6351783896831180e-04
4041,8.8953002915202490e-05,4.6358409869846353e-04
4042,8.8925501646866943e-05,4.6365034017620504e-04
4043,8.8898012639259880e-05,4.6371656340708388e-04
4044,8.8870535883516159e-05,4.6378276839652722e-04
4045,8.8843071370764783e-05,4.6384895515010993e-04
4046,8.8815619092144760e-05,4.6391512367326821e-04
4047,8.8788179038814594e-05,4.6398127397142300e-04
4048,8.8760751201953666e-05,4.6404740605008758e-04
4049,8.8733335572709247e-05,4.6411351991474553e-04
4050,8.8705932142291033e-05,4.6417961557089894e-04
4051,8.8678540901864362e-05,4.6424569302402072e-04
4052,8.8651161842661901e-05,4.6431175227951279e-04
4053,8.8623794955866239e-05,4.6437779334286067e-04
4054,8.8596440232732867e-05,4.6444381621959960e-04
4055,8.8569097664469352e-05,4.6450982091515724e-04
4056,8.8541767242323485e-05,4.6457580743493234e-04
4057,8.8514448957541919e-05,4.6464177578450186e-04
4058,8.8487142801392288e-05,4.6470772596918946e-04
4059,8.8459848765132601e-05,4.6477365799457964e-04
4060,8.8432566840055386e-05,4.6483957186605634e-04
4061,8.8405297017441666e-05,4.6490546758911472e-04
4062,8.8378039288593551e-05,4.6497134516917189e-04
4063,8.8350793644814790e-05,4.6503720461162323e-04
4064,8.8323560077407969e-05,4.6510304592199892e-04
4065,8.8296338577731725e-05,4.6516886910574464e-04
4066,8.8269129137105284e-05,4.6523467416830850e-04
4067,8.8241931746871401e-05,4.6530046111511059e-04
4068,8.8214746398372477e-05,4.6536622995156928e-04
4069,8.8187573082992954e-05,4.6543198068308913e-04
4070,8.8160411792104142e-05,4.6549771331520578e-04
4071,8.8133262517072958e-05,4.6556342785329376e-04
4072,8.8106125249316953e-05,4.6562912430280227e-04
4073,8.8078999980189249e-05,4.6569480266916150e-04
4074,8.8051886701153231e-05,4.6576046295779418e-04
4075,8.8024785403615906e-05,4.6582610517408783e-04
4076,8.7997696078975036e-05,4.6589172932358142e-04
4077,8.7970618718697383e-05,4.6595733541155191e-04
4078,8.7943553314217098e-05,4.6602292344352712e-04
4079,8.7916499857011593e-05,4.6608849342489212e-04
4080,8.7889458338531894e-05,4.6615404536110678e-04
4081,8.7862428750240260e-05,4.6621957925746895e-04
4082,8.7835411083635016e-05,4.6628509511945397e-04
4083,8.7808405330219906e-05,4.6635059295254089e-04
4084,8.7781411481461811e-05,4.6641607276212113e-04
4085,8.7754429528924188e-05,4.6648153455347281e-04
4086,8.7727459464080303e-05,4.6654697833216764e-04
4087,8.7700501278486253e-05,4.6661240410351425e-04
4088,8.7673554963676046e-05,4.6667781187293756e-04
4089,8.7646620511183689e-05,4.6674320164591539e-04
4090,8.7619697912592480e-05,4.6680857342768249e-04
4091,8.7592787159450765e-05,4.6687392722373380e-04
4092,8.7565888243331744e-05,4.6693926303949007e-04
4093,8.7539001155839926e-05,4.6700458088025625e-04
4094,8.7512125888534391e-05,4.6706988075152973e-04
4095,8.7485262433057239e-05,4.6713516265865882e-04
4096,8.7458410780990104e-05,4.6720042660699710e-04
4097,8.7431570923966493e-05,4.6726567260195955e-04
4098,8.7404742853612491e-05,4.6733090064891738e-04
4099,8.7377926561564481e-05,4.6739611075331393e-04
4100,8.7351122039476016e-05,4.6746130292039966e-04
4101,8.7324329279003579e-05,4.6752647715566959e-04
4102,8.7297548271806862e-05,4.6759163346445185e-04
4103,8.7270779009565212e-05,4.6765677185218351e-04
4104,8.7244021483958920e-05,4.6772189232414875e-04
4105,8.7217275686672508e-05,4.6778699488579125e-04
4106,8.7190541609426968e-05,4.6785207954240049e-04
4107,8.7163819243902635e-05,4.6791714629938459e-04
4108,8.7137108581863488e-05,4.6798219516217595e-04
4109,8.7110409614974885e-05,4.6804722613600730e-04
4110,8.7083722335038185e-05,4.6811223922633332e-04
4111,8.7057046733762778e-05,4.6817723443854601e-04
4112,8.7030382802892682e-05,4.6824221177787682e-04
4113,8.7003730534220594e-05,4.6830717124972257e-04
4114,8.6977089919497295e-05,4.6837211285953454e-04
4115,8.6950460950518206e-05,4.6843703661260036e-04
4116,8.6923843619058502e-05,4.6850194251429439e-04
4117,8.6897237916931089e-05,4.6856683056992736e-04
4118,8.6870643835927687e-05,4.6863170078484249e-04
4119,8.6844061367863452e-05,4.6869655316440588e-04
4120,8.6817490504576943e-05,4.6876138771400049e-04
4121,8.6790931237896028e-05,4.6882620443892845e-04
4122,8.6764383559655714e-05,4.6889100334445338e-04
4123,8.6737847461718781e-05,4.6895578443607237e-04
4124,8.6711322935939373e-05,4.6902054771898026e-04
4125,8.6684809974158381e-05,4.6908529319864684e-04
4126,8.6658308568308501e-05,4.6915002088024750e-04
4127,8.6631818710225866e-05,4.6921473076924679e-04
4128,8.6605340391819632e-05,4.6927942287095555e-04
4129,8.6578873604993328e-05,4.6934409719061538e-04
4130,8.6552418341666695e-05,4.6940875373363610e-04
4131,8.6525974593759905e-05,4.6947339250529485e-04
4132,8.6499542353166405e-05,4.6953801351096066e-04
4133,8.6473121611863765e-05,4.6960261675591073e-04
4134,8.6446712361781236e-05,4.6966720224545086e-04
4135,8.6420314594877603e-05,4.6973176998495517e-04
4136,8.6393928303108060e-05,4.6979631997965071e-04
4137,8.6367553478444969e-05,4.6986085223498192e-04
4138,8.6341190112876321e-05,4.6992536675604963e-04
4139,8.6314838198365968e-05,4.6998986354846188e-04
4140,8.6288497726959458e-05,4.7005434261725024e-04
4141,8.6262168690595586e-05,4.7011880396787659e-04
4142,8.6235851081346935e-05,4.7018324760562166e-04
4143,8.6209544891205291e-05,4.7024767353574424e-04
4144,8.6183250112201700e-05,4.7031208176359082e-04
4145,8.6156966736379459e-05,4.7037647229437873e-04
4146,8.6130694755791150e-05,4.7044084513354738e-04
4147,8.6104434162485505e-05,4.7050520028621542e-04
4148,8.6078184948522980e-05,4.7056953775782720e-04
4149,8.6051947106004090e-05,4.7063385755359447e-04
4150,8.6025720626966008e-05,4.7069815967883827e-04
4151,8.5999505503531003e-05,4.7076244413882316e-04
4152,8.5973301727773705e-05,4.7082671093885936e-04
4153,8.5947109291812968e-05,4.7089096008418616e-04
4154,8.5920928187771588e-05,4.7095519158014141e-04
4155,8.5894758407755245e-05,4.7101940543196695e-04
4156,8.5868599943904748e-05,4.7108360164494812e-04
4157,8.5842452788352868e-05,4.7114778022438683e-04
4158,8.5816316933253208e-05,4.7121194117555635e-04
4159,8.5790192370762485e-05,4.7127608450371551e-04
4160,8.5764079093026563e-05,4.7134021021410621e-04
4161,8.5737977092246193e-05,4.7140431831202564e-04
4162,8.5711886360588109e-05,4.7146840880276113e-04
4163,8.5685806890237464e-05,4.7153248169153528e-04
4164,8.5659738673395360e-05,4.7159653698370535e-04
4165,8.5633681702265273e-05,4.7166057468441837e-04
4166,8.5607635969067362e-05,4.7172459479896998e-04
4167,8.5581601466009803e-05,4.7178859733262531e-04
4168,8.5555578185333571e-05,4.7185258229070495e-04
4169,8.5529566119284589e-05,4.7191654967834512e-04
4170,8.5503565260085563e-05,4.7198049950093269e-04
4171,8.5477575600018666e-05,4.7204443176358818e-04
4172,8.5451597131308218e-05,4.7210834647163876e-04
4173,8.5425629846265898e-05,4.7217224363036055e-04
4174,8.5399673737151057e-05,4.7223612324488767e-04
4175,8.5373728796243146e-05,4.7229998532060579e-04
4176,8.5347795015864306e-05,4.7236382986260908e-04
4177,8.5321872388281953e-05,4.7242765687625433e-04
4178,8.5295960905832499e-05,4.7249146636674797e-04
4179,8.5270060560827825e-05,4.7255525833939690e-04
4180,8.5244171345590534e-05,4.7261903279920982e-04
4181,8.5218293252459489e-05,4.7268278975165696e-04
4182,8.5192426273787610e-05,4.7274652920189467e-04
4183,8.5166570401907542e-05,4.7281025115512143e-04
4184,8.5140725629197545e-05,4.7287395561664876e-04
4185,8.5114891948016502e-05,4.7293764259158583e-04
4186,8.5089069350726399e-05,4.7300131208522070e-04
4187,8.5063257829735557e-05,4.7306496410276066e-04
4188,8.5037457377422061e-05,4.7312859864944622e-04
4189,8.5011667986172347e-05,4.7319221573051775e-04
4190,8.4985889648430202e-05,4.7325581535116973e-04
4191,8.4960122356577398e-05,4.7331939751658241e-04
4192,8.4934366103033763e-05,4.7338296223203814e-04
4193,8.4908620880259336e-05,4.7344650950275442e-04
4194,8.4882886680684664e-05,4.7351003933384771e-04
4195,8.4857163496747110e-05,4.7357355173056339e-04
4196,8.4831451320879122e-05,4.7363704669817430e-04
4197,8.4805750145603199e-05,4.7370052424181703e-04
4198,8.4780059963334236e-05,4.7376398436670662e-04
4199,8.4754380766573282e-05,4.7382742707809648e-04
4200,8.4728712547812304e-05,4.7389085238116698e-04
4201,8.4703055299527021e-05,4.7395426028103399e-04
4202,8.4677409014237588e-05,4.7401765078299376e-04
4203,8.4651773684438184e-05,4.7408102389217795e-04
4204,8.4626149302661257e-05,4.7414437961384060e-04
4205,8.4600535861417952e-05,4.7420771795313686e-04
4206,8.4574933353251248e-05,4.7427103891530356e-04
4207,8.4549341770696413e-05,4.7433434250545518e-04
4208,8.4523761106305751e-05,4.7439762872875888e-04
4209,8.4498191352628028e-05,4.7446089759053023e-04
4210,8.4472632502240931e-05,4.7452414909583180e-04
4211,8.4447084547700695e-05,4.7458738324992735e-04
4212,8.4421547481590780e-05,4.7465060005787575e-04
4213,8.4396021296512063e-05,4.7471379952496179e-04
4214,8.4370505985043395e-05,4.7477698165639310e-04
4215,8.4345001539788716e-05,4.7484014645724572e-04
4216,8.4319507953372415e-05,4.7490329393274472e-04
4217,8.4294025218391411e-05,4.7496642408802290e-04
4218,8.4268553327486613e-05,4.7502953692830474e-04
4219,8.4243092273288687e-05,4.7509263245873402e-04
4220,8.4217642048425382e-05,4.7515571068441897e-04
4221,8.4192202645572926e-05,4.7521877161062979e-04
4222,8.4166774057361035e-05,4.7528181524243490e-04
4223,8.4141356276462020e-05,4.7534484158502698e-04
4224,8.4115949295544289e-05,4.7540785064355669e-04
4225,8.4090553107299846e-05,4.7547084242329722e-04
4226,8.4065167704401583e-05,4.7553381692915159e-04
4227,8.4039793079552266e-05,4.7559677416649621e-04
4228,8.4014429225439939e-05,4.7565971414044233e-04
4229,8.3989076134782776e-05,4.7572263685606255e-04
4230,8.3963733800310523e-05,4.7578554231861330e-04
4231,8.3938402214719872e-05,4.7584843053306917e-04
4232,8.3913081370756102e-05,4.7591130150471933e-04
4233,8.3887771261170779e-05,4.7597415523872855e-04
4234,8.3862471878690356e-05,4.7603699174010388e-04
4235,8.3837183216075317e-05,4.7609981101408977e-04
4236,8.3811905266089264e-05,4.7616261306580957e-04
4237,8.3786638021519135e-05,4.7622539790037860e-04
4238,8.3761381475101372e-05,4.7628816552289883e-04
4239,8.3736135619651142e-05,4.7635091593858057e-04
4240,8.3710900447947796e-05,4.7641364915254364e-04
4241,8.3685675952798979e-05,4.7647636516979174e-04
4242,8.3660462126994151e-05,4.7653906399563832e-04
4243,8.3635258963378554e-05,4.7660174563504378e-04
4244,8.3610066454732309e-05,4.7666441009327056e-04
4245,8.3584884593908789e-05,4.7672705737533000e-04
4246,8.3559713373749169e-05,4.7678968748638925e-04
4247,8.3534552787089530e-05,4.7685230043162331e-04
4248,8.3509402826767917e-05,4.7691489621604744e-04
4249,8.3484263485655836e-05,4.7697747484487291e-04
4250,8.3459134756609342e-05,4.7704003632306812e-04
4251,8.3434016632522346e-05,4.7710258065590435e-04
4252,8.3408909106255308e-05,4.7716510784838879e-04
4253,8.3383812170685127e-05,4.7722761790576637e-04
4254,8.3358725818740231e-05,4.7729011083292661e-04
4255,8.3333650043290608e-05,4.7735258663517350e-04
4256,8.3308584837262612e-05,4.7741504531751485e-04
4257,8.3283530193562999e-05,4.7747748688510235e-04
4258,8.3258486105130061e-05,4.7753991134291918e-04
4259,8.3233452564880368e-05,4.7760231869615609e-04
4260,8.3208429565762159e-05,4.7766470894999098e-04
4261,8.3183417100697967e-05,4.7772708210927592e-04
4262,8.3158415162681460e-05,4.7778943817934974e-04
4263,8.3133423744633178e-05,4.7785177716523565e-04
4264,8.3108442839544770e-05,4.7791409907196381e-04
4265,8.3083472440369544e-05,4.7797640390465529e-04
4266,8.3058512540113910e-05,4.7803869166843706e-04
4267,8.3033563131739186e-05,4.7810096236829147e-04
4268,8.3008624208275646e-05,4.7816321600936804e-04
4269,8.2983695762694476e-05,4.7822545259671410e-04
4270,8.2958777788014795e-05,4.7828767213555108e-04
4271,8.2933870277263530e-05,4.7834987463067099e-04
4272,8.2908973223461713e-05,4.7841206008748870e-04
4273,8.2884086619623842e-05,4.7847422851079102e-04
4274,8.2859210458802391e-05,4.7853637990584398e-04
4275,8.2834344734055999e-05,4.7859851427758569e-04
4276,8.2809489438417772e-05,4.7866063163115970e-04
4277,8.2784644564935130e-05,4.7872273197168433e-04
4278,8.2759810106725827e-05,4.7878481530404699e-04
4279,8.2734986056817291e-05,4.7884688163354666e-04
4280,8.2710172408291473e-05,4.7890893096503109e-04
4281,8.2685369154284058e-05,4.7897096330371414e-04
4282,8.2660576287823503e-05,4.7903297865450748e-04
4283,8.2635793802048369e-05,4.7909497702262069e-04
4284,8.2611021690080815e-05,4.7915695841302755e-04
4285,8.2586259945005501e-05,4.7921892283079085e-04
4286,8.2561508559959767e-05,4.7928087028096698e-04
4287,8.2536767528086562e-05,4.7934280076863771e-04
4288,8.2512036842506556e-05,4.7940471429878972e-04
4289,8.2487316496354635e-05,4.7946661087650564e-04
4290,8.2462606482815856e-05,4.7952849050683297e-04
4291,8.2437906795016161e-05,4.7959035319477807e-04
4292,8.2413217426147316e-05,4.7965219894546113e-04
4293,8.2388538369337647e-05,4.7971402776382234e-04
4294,8.2363869617813954e-05,4.7977583965503581e-04
4295,8.2339211164740911e-05,4.7983763462401463e-04
4296,8.2314563003313849e-05,4.7989941267580091e-04
4297,8.2289925126721863e-05,4.7996117381550652e-04
4298,8.2265297528192892e-05,4.8002291804808827e-04
4299,8.2240680200916004e-05,4.8008464537860893e-04
4300,8.2216073138132893e-05,4.8014635581214871e-04
4301,8.2191476333062999e-05,4.8020804935363927e-04
4302,8.2166889778930263e-05,4.8026972600815140e-04
4303,8.2142313469002966e-05,4.8033138578070216e-04
4304,8.2117747396487310e-05,4.8039302867632474e-04
4305,8.2093191554676202e-05,4.8045465470001502e-04
4306,8.2068645936800983e-05,4.8051626385685987e-04
4307,8.2044110536158259e-05,4.8057785615174709e-04
4308,8.2019585345991785e-05,4.8063943158981840e-04
4309,8.1995070359623364e-05,4.8070099017603690e-04
4310,8.1970565570298063e-05,4.8076253191538677e-04
4311,8.1946070971338023e-05,4.8082405681294023e-04
4312,8.1921586556043310e-05,4.8088556487358640e-04
4313,8.1897112317702250e-05,4.8094705610255811e-04
4314,8.1872648249663792e-05,4.8100853050458237e-04
4315,8.1848194345228312e-05,4.8106998808485464e-04
4316,8.1823750597720459e-05,4.8113142884830641e-04
4317,8.1799317000500726e-05,4.8119285279994115e-04
4318,8.1774893546881906e-05,4.8125425994477542e-04
4319,8.1750480230222960e-05,4.8131565028784089e-04
4320,8.1726077043885157e-05,4.8137702383409275e-04
4321,8.1701683981240281e-05,4.8143838058845479e-04
4322,8.1677301035637713e-05,4.8149972055602504e-04
4323,8.1652928200460852e-05,4.8156104374175548e-04
4324,8.1628565469098654e-05,4.8162235015059631e-04
4325,8.1604212834927796e-05,4.8168363978762859e-04
4326,8.1579870291352126e-05,4.8174491265774684e-04
4327,8.1555537831771524e-05,4.8180616876593687e-04
4328,8.1531215449607661e-05,4.8186740811726673e-04
4329,8.1506903138265632e-05,4.8192863071664759e-04
4330,8.1482600891151686e-05,4.8198983656905730e-04
4331,8.1458308701720306e-05,4.8205102567946669e-04
4332,8.1434026563388458e-05,4.8211219805284570e-04
4333,8.1409754469621983e-05,4.8217335369419781e-04
4334,8.1385492413842971e-05,4.8223449260857763e-04
4335,8.1361240389520405e-05,4.8229561480077213e-04
4336,8.1336998390108497e-05,4.8235672027587776e-04
4337,8.1312766409086785e-05,4.8241780903880542e-04
4338,8.1288544439927086e-05,4.8247888109458168e-04
4339,8.1264332476099765e-05,4.8253993644810269e-04
4340,8.1240130511117309e-05,4.8260097510437200e-04
4341,8.1215938538440284e-05,4.8266199706828927e-04
4342,8.1191756551586287e-05,4.8272300234491984e-04
4343,8.1167584544081817e-05,4.8278399093915222e-04
4344,8.1143422509403487e-05,4.8284496285588640e-04
4345,8.1119270441090007e-05,4.8290591810018837e-04
4346,8.1095128332675821e-05,4.8296685667697278e-04
4347,8.1070996177687345e-05,4.8302777859114427e-04
4348,8.1046873969671098e-05,4.8308868384767023e-04
4349,8.1022761702149581e-05,4.8314957245148584e-04
4350,8.0998659368721244e-05,4.8321044440761485e-04
4351,8.0974566962881063e-05,4.8327129972098226e-04
4352,8.0950484478249201e-05,4.8333213839638024e-04
4353,8.0926411908383207e-05,4.8339296043895159e-04
4354,8.0902349246840926e-05,4.8345376585348285e-04
4355,8.0878296487232640e-05,4.8351455464507129e-04
4356,8.0854253623141296e-05,4.8357532681846712e-04
4357,8.0830220648158988e-05,4.8363608237873005e-04
4358,8.0806197555895632e-05,4.8369682133073198e-04
4359,8.0782184339951493e-05,4.8375754367945115e-04
4360,8.0758180993961302e-05,4.8381824942973241e-04
4361,8.0734187511537361e-05,4.8387893858660539e-04
4362,8.0710203886291711e-05,4.8393961115498498e-04
4363,8.0686230111900976e-05,4.8400026713967209e-04
4364,8.0662266181967277e-05,4.8406090654575472e-04
4365,8.0638312090167074e-05,4.8412152937802938e-04
4366,8.0614367830139338e-05,4.8418213564150827e-04
4367,8.0590433395542408e-05,4.8424272534101681e-04
4368,8.0566508780056918e-05,4.8430329848153783e-04
4369,8.0542593977349269e-05,4.8436385506793895e-04
4370,8.0518688981086759e-05,4.8442439510519813e-04
4371,8.0494793784983008e-05,4.8448491859816713e-04
4372,8.0470908382710666e-05,4.8454542555179429e-04
4373,8.0447032767974719e-05,4.8460591597093884e-04
4374,8.0423166934465517e-05,4.8466638986053884e-04
4375,8.0399310875919083e-05,4.8472684722550784e-04
4376,8.0375464586031621e-05,4.8478728807070719e-04
4377,8.0351628058544222e-05,4.8484771240109488e-04
4378,8.0327801287162238e-05,4.8490812022148645e-04
4379,8.0303984265644947e-05,4.8496851153688708e-04
4380,8.0280176987740812e-05,4.8502888635212069e-04
4381,8.0256379447155593e-05,4.8508924467218189e-04
4382,8.0232591637688833e-05,4.8514958650171524e-04
4383,8.0208813553074709e-05,4.8520991184584298e-04
4384,8.0185045187094252e-05,4.8527022070945060e-04
4385,8.0161286533513652e-05,4.8533051309728760e-04
4386,8.0137537586106322e-05,4.8539078901437406e-04
4387,8.0113798338676739e-05,4.8545104846550865e-04
4388,8.0090068784988922e-05,4.8551129145565431e-04
4389,8.0066348918863097e-05,4.8557151798955009e-04
4390,8.0042638734094103e-05,4.8563172807224056e-04
4391,8.0018938224485575e-05,4.8569192170847767e-04
4392,7.9995247383873541e-05,4.8575209890322393e-04
4393,7.9971566206054221e-05,4.8581225966135239e-04
4394,7.9947894684865472e-05,4.8587240398766801e-04
4395,7.9924232814150814e-05,4.8593253188705990e-04
4396,7.9900580587729752e-05,4.8599264336442194e-04
4397,7.9876937999470948e-05,4.8605273842465275e-04
4398,7.9853305043227896e-05,4.8611281707259336e-04
4399,7.9829681712827841e-05,4.8617287931306669e-04
4400,7.9806068002158932e-05,4.8623292515102780e-04
4401,7.9782463905097187e-05,4.8629295459121682e-04
4402,7.9758869415491102e-05,4.8635296763859990e-04
4403,7.9735284527255768e-05,4.8641296429796226e-04
4404,7.9711709234257732e-05,4.8647294457421512e-04
4405,7.9688143530401824e-05,4.8653290847216248e-04
4406,7.9664587409575708e-05,4.8659285599675318e-04
4407,7.9641040865699488e-05,4.8665278715274486e-04
4408,7.9617503892695995e-05,4.8671270194500829e-04
4409,7.9593976484440421e-05,4.8677260037842472e-04
4410,7.9570458634901377e-05,4.8683248245777130e-04
4411,7.9546950337988385e-05,4.8689234818799292e-04
4412,7.9523451587633896e-05,4.8695219757387742e-04
4413,7.9499962377808662e-05,4.8701203062027318e-04
4414,7.9476482702414223e-05,4.8707184733201244e-04
4415,7.9453012555447052e-05,4.8713164771388483e-04
4416,7.9429551930829234e-05,4.8719143177083945e-04
4417,7.9406100822561215e-05,4.8725119950768973e-04
4418,7.9382659224596670e-05,4.8731095092919522e-04
4419,7.9359227130909658e-05,4.8737068604025075e-04
4420,7.9335804535505123e-05,4.8743040484569805e-04
4421,7.9312391432334044e-05,4.8749010735030896e-04
4422,7.9288987815428715e-05,4.8754979355891790e-04
4423,7.9265593678778793e-05,4.8760946347642278e-04
4424,7.9242209016387312e-05,4.8766911710757763e-04
4425,7.9218833822248104e-05,4.8772875445722617e-04
4426,7.9195468090426002e-05,4.8778837553022005e-04
4427,7.9172111814896013e-05,4.8784798033139003e-04
4428,7.9148764989725410e-05,4.8790756886545273e-04
4429,7.9125427608933653e-05,4.8796714113732748e-04
4430,7.9102099666550650e-05,4.8802669715179410e-04
4431,7.9078781156658812e-05,4.8808623691367671e-04
4432,7.9055472073275267e-05,4.8814576042773548e-04
4433,7.9032172410473239e-05,4.8820526769878357e-04
4434,7.9008882162326979e-05,4.8826475873176749e-04
4435,7.8985601322889380e-05,4.8832423353137614e-04
4436,7.8962329886247111e-05,4.8838369210238441e-04
4437,7.8939067846482851e-05,4.8844313444973235e-04
4438,7.8915815197692349e-05,4.8850256057809678e-04
4439,7.8892571933952349e-05,4.8856197049227496e-04
4440,7.8869338049368493e-05,4.8862136419716251e-04
4441,7.8846113538044658e-05,4.8868074169748871e-04
4442,7.8822898394097015e-05,4.8874010299815600e-04
4443,7.8799692611638631e-05,4.8879944810373320e-04
4444,7.8776496184795256e-05,4.8885877701919215e-04
4445,7.8753309107685353e-05,4.8891808974935267e-04
4446,7.8730131374453850e-05,4.8897738629890154e-04
4447,7.8706962979236244e-05,4.8903666667266432e-04
4448,7.8683803916178099e-05,4.8909593087538713e-04
4449,7.8660654179424290e-05,4.8915517891193660e-04
4450,7.8637513763135400e-05,4.8921441078705462e-04
4451,7.8614382661485442e-05,4.8927362650550538e-04
4452,7.8591260868623002e-05,4.8933282607205406e-04
4453,7.8568148378721091e-05,4.8939200949158304e-04
4454,7.8545045185970187e-05,4.8945117676877845e-04
4455,7.8521951284562518e-05,4.8951032790839322e-04
4456,7.8498866668654126e-05,4.8956946291528448e-04
4457,7.8475791332486460e-05,4.8962858179421294e-04
4458,7.8452725270229792e-05,4.8968768454985229e-04
4459,7.8429668476090540e-05,4.8974677118709768e-04
4460,7.8406620944299039e-05,4.8980584171059245e-04
4461,7.8383582669053250e-05,4.8986489612530559e-04
4462,7.8360553644602225e-05,4.8992393443575465e-04
4463,7.8337533865156271e-05,4.8998295664684987e-04
4464,7.8314523324952271e-05,4.9004196276329734e-04
4465,7.8291522018222390e-05,4.9010095278991818e-04
4466,7.8268529939251027e-05,4.9015992673141166e-04
4467,7.8245547082229298e-05,4.9021888459257915e-04
4468,7.8222573441473638e-05,4.9027782637814181e-04
4469,7.8199609011199965e-05,4.9033675209285248e-04
4470,7.8176653785714604e-05,4.9039566174148693e-04
4471,7.8153707759253991e-05,4.9045455532873631e-04
4472,7.8130770926125806e-05,4.9051343285942445e-04
4473,7.8107843280607943e-05,4.9057229433831120e-04
4474,7.8084924816981263e-05,4.9063113977005734e-04
4475,7.8062015529551209e-05,4.9068996915950806e-04
4476,7.8039115412605799e-05,4.9074878251125203e-04
4477,7.8016224460480889e-05,4.9080757983021813e-04
4478,7.7993342667446227e-05,4.9086636112103050e-04
4479,7.7970470027853445e-05,4.9092512638847371e-04
4480,7.7947606536006009e-05,4.9098387563720875e-04
4481,7.7924752186240561e-05,4.9104260887207040e-04
4482,7.7901906972906214e-05,4.9110132609773332e-04
4483,7.7879070890306081e-05,4.9116002731892071e-04
4484,7.7856243932808612e-05,4.9121871254046215e-04
4485,7.7833426094765467e-05,4.9127738176699565e-04
4486,7.7810617370510714e-05,4.9133603500321841e-04
4487,7.7787817754440422e-05,4.9139467225390882e-04
4488,7.7765027240885571e-05,4.9145329352375314e-04
4489,7.7742245824245469e-05,4.9151189881753345e-04
4490,7.7719473498870923e-05,4.9157048814002990e-04
4491,7.7696710259173656e-05,4.9162906149579201e-04
4492,7.7673956099527403e-05,4.9168761888958540e-04
4493,7.7651211014299600e-05,4.9174616032620364e-04
4494,7.7628474997938507e-05,4.9180468581034339e-04
4495,7.7605748044807276e-05,4.9186319534664841e-04
4496,7.7583030149333583e-05,4.9192168893987410e-04
4497,7.7560321305928555e-05,4.9198016659473631e-04
4498,7.7537621509005041e-05,4.9203862831593377e-04
4499,7.7514930753009215e-05,4.9209707410818144e-04
4500,7.7492249032347664e-05,4.9215550397622727e-04
4501,7.7469576341470249e-05,4.9221391792470134e-04
4502,7.7446912674807315e-05,4.9227231595837554e-04
4503,7.7424258026809143e-05,4.9233069808180083e-04
4504,7.7401612391940882e-05,4.9238906429986283e-04
4505,7.7378975764637117e-05,4.9244741461712896e-04
4506,7.7356348139361817e-05,4.9250574903840765e-04
4507,7.7333729510613349e-05,4.9256406756832032e-04
4508,7.7311119872834023e-05,4.9262237021156449e-04
4509,7.7288519220502960e-05,4.9268065697283909e-04
4510,7.7265927548126156e-05,4.9273892785682278e-04
4511,7.7243344850157279e-05,4.9279718286818241e-04
4512,7.7220771121114387e-05,4.9285542201171892e-04
4513,7.7198206355500628e-05,4.9291364529200038e-04
4514,7.7175650547799419e-05,4.9297185271374318e-04
4515,7.7153103692534998e-05,4.9303004428165678e-04
4516,7.7130565784209253e-05,4.9308822000037331e-04
4517,7.7108036817367359e-05,4.9314637987459215e-04
4518,7.7085516786507926e-05,4.9320452390899942e-04
4519,7.7063005686165356e-05,4.9326265210833126e-04
4520,7.7040503510890555e-05,4.9332076447712245e-04
4521,7.7018010255204455e-05,4.9337886102016331e-04
4522,7.6995525913668643e-05,4.9343694174209293e-04
4523,7.6973050480812194e-05,4.9349500664754909e-04
4524,7.6950583951225794e-05,4.9355305574122705e-04
4525,7.6928126319439954e-05,4.9361108902777747e-04
4526,7.6905677580034029e-05,4.9366910651193379e-04
4527,7.6883237727576396e-05,4.9372710819827359e-04
4528,7.6860806756640082e-05,4.9378509409151426e-04
4529,7.6838384661816084e-05,4.9384306419624391e-04
4530,7.6815971437682387e-05,4.9390101851719726e-04
4531,7.6793567078824201e-05,4.9395895705904623e-04
4532,7.6771171579864060e-05,4.9401687982631294e-04
4533,7.6748784935380261e-05,4.9407478682378034e-04
4534,7.6726407139986056e-05,4.9413267805611223e-04
4535,7.6704038188307730e-05,4.9419055352784784e-04
4536,7.6681678074927675e-05,4.9424841324383583e-04
4537,7.6659326794501439e-05,4.9430625720849031e-04
4538,7.6636984341660918e-05,4.9436408542656986e-04
4539,7.6614650710996244e-05,4.9442189790271940e-04
4540,7.6592325897191328e-05,4.9447969464156273e-04
4541,7.6570009894862497e-05,4.9453747564778740e-04
4542,7.6547702698662683e-05,4.9459524092599272e-04
4543,7.6525404303250848e-05,4.9465299048081395e-04
4544,7.6503114703268811e-05,4.9471072431691752e-04
4545,7.6480833893397178e-05,4.9476844243890889e-04
4546,7.6458561868305021e-05,4.9482614485140439e-04
4547,7.6436298622653093e-05,4.9488383155918566e-04
4548,7.6414044151106887e-05,4.9494150256667343e-04
4549,7.6391798448376705e-05,4.9499915787860373e-04
4550,7.6369561509148816e-05,4.9505679749957507e-04
4551,7.6347333328088092e-05,4.9511442143430461e-04
4552,7.6325113899913412e-05,4.9517202968726772e-04
4553,7.6302903219331849e-05,4.9522962226327999e-04
4554,7.6280701281034716e-05,4.9528719916678145e-04
4555,7.6258508079740282e-05,4.9534476040247145e-04
4556,7.6236323610184622e-05,4.9540230597497163e-04
4557,7.6214147867056313e-05,4.9545983588887912e-04
4558,7.6191980845114374e-05,4.9551735014885111e-04
4559,7.6169822539050755e-05,4.9557484875943007e-04
4560,7.6147672943666992e-05,4.9563233172535484e-04
4561,7.6125532053637076e-05,4.9568979905109775e-04
4562,7.6103399863745982e-05,4.9574725074134614e-04
4563,7.6081276368747093e-05,4.9580468680064053e-04
4564,7.6059161563371823e-05,4.9586210723371357e-04
4565,7.6037055442404415e-05,4.9591951204509723e-04
4566,7.6014958000609377e-05,4.9597690123936490e-04
4567,7.5992869232759040e-05,4.9603427482114795e-04
4568,7.5970789133612235e-05,4.9609163279505143e-04
4569,7.5948717697968789e-05,4.9614897516568602e-04
4570,7.5926654920613595e-05,4.9620630193761576e-04
4571,7.5904600796321002e-05,4.9626361311552248e-04
4572,7.5882555319911125e-05,4.9632090870385778e-04
4573,7.5860518486166878e-05,4.9637818870733688e-04
4574,7.5838490289896086e-05,4.9643545313051492e-04
4575,7.5816470725917522e-05,4.9649270197800141e-04
4576,7.5794459789033412e-05,4.9654993525433708e-04
4577,7.5772457474089811e-05,4.9660715296414117e-04
4578,7.5750463775872481e-05,4.9666435511201245e-04
4579,7.5728478689243413e-05,4.9672154170248169e-04
4580,7.5706502209012451e-05,4.9677871274023534e-04
4581,7.5684534330057755e-05,4.9683586822976775e-04
4582,7.5662575047185388e-05,4.9689300817567117e-04
4583,7.5640624355242014e-05,4.9695013258252527e-04
4584,7.5618682249112775e-05,4.9700724145493140e-04
4585,7.5596748723627544e-05,4.9706433479748365e-04
4586,7.5574823773676340e-05,4.9712141261465110e-04
4587,7.5552907394100367e-05,4.9717847491115557e-04
4588,7.5530999579799592e-05,4.9723552169152413e-04
4589,7.5509100325597085e-05,4.9729255296018088e-04
4590,7.5487209626454342e-05,4.9734956872185760e-04
4591,7.5465327477203757e-05,4.9740656898104841e-04
4592,7.5443453872740040e-05,4.9746355374244151e-04
4593,7.5421588807988161e-05,4.9752052301042674e-04
4594,7.5399732277820630e-05,4.9757747678968425e-04
4595,7.5377884277155711e-05,4.9763441508465182e-04
4596,7.5356044800913347e-05,4.9769133790004744e-04
4597,7.5334213843983923e-05,4.9774824524029227e-04
4598,7.5312391401303986e-05,4.9780513711005121e-04
4599,7.5290577467799252e-05,4.9786201351381654e-04
4600,7.5268772038385097e-05,4.9791887445617921e-04
4601,7.5246975108018884e-05,4.9797571994163333e-04
4602,7.5225186671623985e-05,4.9803254997478341e-04
4603,7.5203406724145701e-05,4.9808936456012445e-04
4604,7.5181635260529412e-05,4.9814616370228706e-04
4605,7.5159872275718117e-05,4.9820294740571822e-04
4606,7.5138117764704738e-05,4.9825971567503565e-04
4607,7.5116371722415466e-05,4.9831646851478681e-04
4608,7.5094634143837440e-05,4.9837320592951051e-04
4609,7.5072905023919321e-05,4.9842992792369122e-04
4610,7.5051184357669752e-05,4.9848663450182112e-04
4611,7.5029472140035946e-05,4.9854332566856823e-04
4612,7.5007768366029394e-05,4.9860000142852795e-04
4613,7.4986073030628152e-05,4.9865666178595762e-04
4614,7.4964386128832178e-05,4.9871330674562838e-04
4615,7.4942707655611181e-05,4.9876993631199173e-04
4616,7.4921037606020060e-05,4.9882655048958833e-04
4617,7.4899375975028348e-05,4.9888314928292607e-04
4618,7.4877722757651710e-05,4.9893973269655848e-04
4619,7.4856077948937035e-05,4.9899630073504280e-04
4620,7.4834441543865634e-05,4.9905285340276918e-04
4621,7.4812813537494981e-05,4.9910939070444348e-04
4622,7.4791193924836539e-05,4.9916591264447896e-04
4623,7.4769582700951281e-05,4.9922241922730577e-04
4624,7.4747979860843568e-05,4.9927891045759628e-04
4625,7.4726385399573247e-05,4.9933538633986738e-04
4626,7.4704799312205828e-05,4.9939184687852062e-04
4627,7.4683221593777415e-05,4.9944829207819658e-04
4628,7.4661652239354888e-05,4.9950472194326473e-04
4629,7.4640091243993660e-05,4.9956113647840056e-04
4630,7.4618538602767349e-05,4.9961753568797125e-04
4631,7.4596994310732886e-05,4.9967391957651862e-04
4632,7.4575458362986316e-05,4.9973028814866312e-04
4633,7.4553930754610960e-05,4.9978664140869482e-04
4634,7.4532411480666527e-05,4.9984297936130117e-04
4635,7.4510900536260095e-05,4.9989930201090483e-04
4636,7.4489397916480674e-05,4.9995560936205144e-04
4637,7.4467903616445738e-05,5.0001190141917722e-04
4638,7.4446417631225147e-05,5.0006817818683106e-04
4639,7.4424939955948150e-05,5.0012443966943650e-04
4640,7.4403470585732463e-05,5.0018068587164618e-04
4641,7.4382009515669930e-05,5.0023691679774085e-04
4642,7.4360556740907919e-05,5.0029313245236750e-04
4643,7.4339112256559294e-05,5.0034933283998862e-04
4644,7.4317676057750513e-05,5.0040551796503815e-04
4645,7.4296248139630244e-05,5.0046168783205911e-04
4646,7.4274828497324186e-05,5.0051784244547917e-04
4647,7.4253417125975899e-05,5.0057398180985025e-04
4648,7.4232014020740735e-05,5.0063010592964641e-04
4649,7.4210619176766034e-05,5.0068621480927591e-04
4650,7.4189232589198217e-05,5.0074230845331225e-04
4651,7.4167854253229376e-05,5.0079838686610892e-04
4652,7.4146484163983446e-05,5.0085445005228744e-04
4653,7.4125122316661925e-05,5.0091049801624654e-04
4654,7.4103768706427686e-05,5.0096653076244456e-04
4655,7.4082423328445757e-05,5.0102254829541011e-04
4656,7.4061086177932122e-05,5.0107855061957561e-04
4657,7.4039757250040858e-05,5.0113453773944312e-04
4658,7.4018436539976607e-05,5.0119050965944593e-04
4659,7.3997124042945623e-05,5.0124646638409313e-04
4660,7.3975819754127530e-05,5.0130240791772382e-04
4661,7.3954523668743152e-05,5.0135833426498974e-04
4662,7.3933235781986585e-05,5.0141424543021971e-04
4663,7.3911956089086297e-05,5.0147014141792225e-04
4664,7.3890684585248677e-05,5.0152602223256125e-04
4665,7.3869421265713279e-05,5.0158188787857933e-04
4666,7.3848166125677019e-05,5.0163773836041251e-04
4667,7.3826919160398816e-05,5.0169357368261779e-04
4668,7.3805680365093598e-05,5.0174939384949350e-04
4669,7.3784449735008305e-05,5.0180519886561356e-04
4670,7.3763227265391529e-05,5.0186098873533039e-04
4671,7.3742012951478743e-05,5.0191676346314387e-04
4672,7.3720806788536998e-05,5.0197252305351678e-04
4673,7.3699608771809385e-05,5.0202826751097774e-04
4674,7.3678418896567073e-05,5.0208399683978775e-04
4675,7.3657237158068631e-05,5.0213971104450352e-04
4676,7.3636063551582953e-05,5.0219541012954706e-04
4677,7.3614898072389245e-05,5.0225109409931786e-04
4678,7.3593740715739841e-05,5.0230676295832716e-04
4679,7.3572591476966695e-05,5.0236241671092565e-04
4680,7.3551450351307910e-05,5.0241805536169150e-04
4681,7.3530317334085613e-05,5.0247367891489720e-04
4682,7.3509192420570936e-05,5.0252928737510617e-04
4683,7.3488075606079108e-05,5.0258488074669848e-04
4684,7.3466966885909300e-05,5.0264045903397354e-04
4685,7.3445866255363189e-05,5.0269602224160533e-04
4686,7.3424773709758825e-05,5.0275157037386583e-04
4687,7.3403689244412441e-05,5.0280710343516232e-04
4688,7.3382612854620415e-05,5.0286262143006525e-04
4689,7.3361544535754640e-05,5.0291812436288640e-04
4690,7.3340484283109951e-05,5.0297361223802838e-04
4691,7.3319432092011552e-05,5.0302908505997848e-04
4692,7.3298387957827432e-05,5.0308454283310745e-04
4693,7.3277351875865397e-05,5.0313998556185207e-04
4694,7.3256323841497893e-05,5.0319541325072000e-04
4695,7.3235303850052120e-05,5.0325082590386321e-04
4696,7.3214291896904401e-05,5.0330622352598648e-04
4697,7.3193287977384413e-05,5.0336160612135354e-04
4698,7.3172292086893934e-05,5.0341697369437081e-04
4699,7.3151304220745483e-05,5.0347232624953263e-04
4700,7.3130324374350337e-05,5.0352766379115261e-04
4701,7.3109352543072799e-05,5.0358298632367012e-04
4702,7.3088388722287935e-05,5.0363829385153755e-04
4703,7.3067432907364833e-05,5.0369358637911957e-04
4704,7.3046485093725854e-05,5.0374886391073531e-04
4705,7.3025545276720382e-05,5.0380412645091794e-04
4706,7.3004613451780321e-05,5.0385937400404654e-04
4707,7.2983689614270205e-05,5.0391460657443050e-04
4708,7.2962773759630353e-05,5.0396982416652501e-04
4709,7.2941865883232037e-05,5.0402502678469476e-04
4710,7.2920965980495395e-05,5.0408021443344784e-04
4711,7.2900074046845326e-05,5.0413538711697363e-04
4712,7.2879190077714898e-05,5.0419054483980138e-04
4713,7.2858314068489910e-05,5.0424568760633890e-04
4714,7.2837446014643384e-05,5.0430081542092843e-04
4715,7.2816585911556714e-05,5.0435592828787978e-04
4716,7.2795733754704671e-05,5.0441102621169294e-04
4717,7.2774889539500238e-05,5.0446610919674157e-04
4718,7.2754053261418362e-05,5.0452117724737310e-04
4719,7.2733224915873411e-05,5.0457623036796436e-04
4720,7.2712404498346335e-05,5.0463126856284673e-04
4721,7.2691592004275909e-05,5.0468629183648321e-04
4722,7.2670787429111750e-05,5.0474130019326582e-04
4723,7.2649990768351166e-05,5.0479629363744494e-04
4724,7.2629202017431509e-05,5.0485127217350634e-04
4725,7.2608421171839368e-05,5.0490623580573741e-04
4726,7.2587648227044783e-05,5.0496118453859779e-04
4727,7.2566883178536173e-05,5.0501611837643209e-04
4728,7.2546126021787332e-05,5.0507103732360683e-04
4729,7.2525376752284997e-05,5.0512594138440634e-04
4730,7.2504635365547415e-05,5.0518083056329645e-04
4731,7.2483901857030980e-05,5.0523570486454361e-04
4732,7.2463176222260702e-05,5.0529056429264455e-04
4733,7.2442458456737656e-05,5.0534540885189562e-04
4734,7.2421748555961943e-05,5.0540023854661175e-04
4735,7.2401046515462150e-05,5.0545505338113071e-04
4736,7.2380352330736250e-05,5.0550985335993015e-04
4737,7.2359665997302815e-05,5.0556463848728454e-04
4738,7.2338987510701044e-05,5.0561940876756300e-04
4739,7.2318316866463862e-05,5.0567416420502340e-04
4740,7.2297654060093130e-05,5.0572890480424140e-04
4741,7.2276999087146277e-05,5.0578363056936429e-04
4742,7.2256351943161823e-05,5.0583834150485661e-04
4743,7.2235712623690230e-05,5.0589303761495042e-04
4744,7.2215081124253012e-05,5.0594771890406028e-04
4745,7.2194457440435432e-05,5.0600238537658305e-04
4746,7.2173841567760590e-05,5.0605703703675016e-04
4747,7.2153233501798963e-05,5.0611167388894156e-04
4748,7.2132633238133133e-05,5.0616629593749625e-04
4749,7.2112040772316543e-05,5.0622090318680046e-04
4750,7.2091456099898041e-05,5.0627549564117680e-04
4751,7.2070879216494944e-05,5.0633007330483642e-04
4752,7.2050310117643645e-05,5.0638463618233069e-04
4753,7.2029748798958044e-05,5.0643918427781113e-04
4754,7.2009195256017160e-05,5.0649371759570411e-04
4755,7.1988649484398516e-05,5.0654823614026956e-04
4756,7.1968111479715324e-05,5.0660273991591791e-04
4757,7.1947581237549269e-05,5.0665722892693544e-04
4758,7.1927058753514414e-05,5.0671170317758102e-04
4759,7.1906544023203980e-05,5.0676616267228002e-04
4760,7.1886037042250868e-05,5.0682060741526842e-04
4761,7.1865537806247917e-05,5.0687503741102204e-04
4762,7.1845046310799190e-05,5.0692945266366560e-04
4763,7.1824562551571958e-05,5.0698385317756193e-04
4764,7.1804086524156918e-05,5.0703823895712798e-04
4765,7.1783618224181646e-05,5.0709261000662681e-04
4766,7.1763157647288667e-05,5.0714696633034581e-04
4767,7.1742704789116979e-05,5.0720130793262892e-04
4768,7.1722259645310178e-05,5.0725563481777026e-04
4769,7.1701822211503089e-05,5.0730994699007105e-04
4770,7.1681392483346828e-05,5.0736424445388113e-04
4771,7.1660970456494138e-05,5.0741852721343321e-04
4772,7.1640556126588274e-05,5.0747279527309783e-04
4773,7.1620149489318462e-05,5.0752704863720366e-04
4774,7.1599750540318646e-05,5.0758128730997378e-04
4775,7.1579359275281753e-05,5.0763551129572797e-04
4776,7.1558975689844546e-05,5.0768972059885692e-04
4777,7.1538599779705209e-05,5.0774391522348679e-04
4778,7.1518231540547913e-05,5.0779809517412710e-04
4779,7.1497870968050228e-05,5.0785226045484328e-04
4780,7.1477518057874763e-05,5.0790641107010192e-04
4781,7.1457172805731127e-05,5.0796054702411373e-04
4782,7.1436835207322911e-05,5.0801466832123678e-04
4783,7.1416505258332631e-05,5.0806877496570790e-04
4784,7.1396182954456793e-05,5.0812286696183995e-04
4785,7.1375868291414789e-05,5.0817694431390392e-04
4786,7.1355561264904355e-05,5.0823100702613786e-04
4787,7.1335261870633055e-05,5.0828505510298319e-04
4788,7.1314970104332371e-05,5.0833908854858384e-04
4789,7.1294685961720896e-05,5.0839310736719499e-04
4790,7.1274409438501734e-05,5.0844711156322023e-04
4791,7.1254140530433745e-05,5.0850110114094692e-04
4792,7.1233879233209921e-05,5.0855507610449765e-04
4793,7.1213625542590163e-05,5.0860903645822330e-04
4794,7.1193379454315538e-05,5.0866298220643012e-04
4795,7.1173140964106251e-05,5.0871691335337144e-04
4796,7.1152910067730335e-05,5.0877082990334133e-04
4797,7.1132686760918854e-05,5.0882473186056386e-04
4798,7.1112471039438052e-05,5.0887861922934243e-04
4799,7.1092262899031785e-05,5.0893249201396204e-04
4800,7.1072062335482845e-05,5.0898635021867774e-04
4801,7.1051869344523731e-05,5.0904019384772595e-04
4802,7.1031683921952252e-05,5.0909402290539403e-04
4803,7.1011506063511248e-05,5.0914783739592544e-04
4804,7.0991335765005601e-05,5.0920163732359096e-04
4805,7.0971173022191906e-05,5.0925542269261237e-04
4806,7.0951017830865872e-05,5.0930919350735684e-04
4807,7.0930870186797877e-05,5.0936294977198173e-04
4808,7.0910730085789727e-05,5.0941669149072943e-04
4809,7.0890597523629798e-05,5.0947041866797403e-04
4810,7.0870472496107538e-05,5.0952413130786012e-04
4811,7.0850354999056668e-05,5.0957782941471106e-04
4812,7.0830245028231630e-05,5.0963151299271783e-04
4813,7.0810142579473762e-05,5.0968518204616391e-04
4814,7.0790047648598329e-05,5.0973883657921815e-04
4815,7.0769960231386808e-05,5.0979247659623721e-04
4816,7.0749880323698252e-05,5.0984610210141293e-04
4817,7.0729807921320075e-05,5.0989971309898477e-04
4818,7.0709743020095975e-05,5.0995330959322112e-04
4819,7.0689685615855959e-05,5.1000689158837921e-04
4820,7.0669635704420037e-05,5.1006045908862574e-04
4821,7.0649593281643357e-05,5.1011401209827300e-04
4822,7.0629558343359724e-05,5.1016755062148705e-04
4823,7.0609530885394430e-05,5.1022107466249954e-04
4824,7.0589510903619877e-05,5.1027458422562601e-04
4825,7.0569498393868379e-05,5.1032807931506515e-04
4826,7.0549493352007811e-05,5.1038155993503483e-04
4827,7.0529495773891045e-05,5.1043502608979791e-04
4828,7.0509505655376889e-05,5.1048847778346093e-04
4829,7.0489522992336364e-05,5.1054191502039983e-04
4830,7.0469547780636015e-05,5.1059533780479474e-04
4831,7.0449580016132335e-05,5.1064874614084848e-04
4832,7.0429619694724652e-05,5.1070214003281437e-04
4833,7.0409666812279041e-05,5.1075551948488057e-04
4834,7.0389721364684383e-05,5.1080888450118634e-04
4835,7.0369783347822145e-05,5.1086223508617465e-04
4836,7.0349852757580885e-05,5.1091557124386864e-04
4837,7.0329929589846841e-05,5.1096889297853844e-04
4838,7.0310013840549186e-05,5.1102220029448659e-04
4839,7.0290105505541186e-05,5.1107549319578895e-04
4840,7.0270204580770947e-05,5.1112877168668484e-04
4841,7.0250311062117348e-05,5.1118203577146966e-04
4842,7.0230424945493504e-05,5.1123528545423801e-04
4843,7.0210546226837897e-05,5.1128852073929764e-04
4844,7.0190674902022984e-05,5.1134174163082089e-04
4845,7.0170810967006453e-05,5.1139494813299017e-04
4846,7.0150954417716894e-05,5.1144814025006532e-04
4847,7.0131105250058638e-05,5.1150131798617269e-04
4848,7.0111263459968922e-05,5.1155448134550252e-04
4849,7.0091429043383493e-05,5.1160763033244170e-04
4850,7.0071601996264565e-05,5.1166076495092242e-04
4851,7.0051782314517390e-05,5.1171388520529395e-04
4852,7.0031969994114362e-05,5.1176699109974576e-04
4853,7.0012165030987201e-05,5.1182008263844152e-04
4854,6.9992367421097429e-05,5.1187315982558867e-04
4855,6.9972577160402072e-05,5.1192622266536293e-04
4856,6.9952794244854574e-05,5.1197927116198704e-04
4857,6.9933018670429050e-05,5.1203230531961848e-04
4858,6.9913250433072994e-05,5.1208532514246841e-04
4859,6.9893489528763598e-05,5.1213833063473951e-04
4860,6.9873735953494313e-05,5.1219132180053463e-04
4861,6.9853989703201348e-05,5.1224429864404452e-04
4862,6.9834250773907210e-05,5.1229726116954139e-04
4863,6.9814519161554288e-05,5.1235020938119561e-04
4864,6.9794794862165403e-05,5.1240314328317908e-04
4865,6.9775077871704177e-05,5.1245606287958891e-04
4866,6.9755368186191983e-05,5.1250896817460869e-04
4867,6.9735665801594598e-05,5.1256185917252948e-04
4868,6.9715970713924545e-05,5.1261473587740566e-04
4869,6.9696282919190006e-05,5.1266759829350281e-04
4870,6.9676602413402448e-05,5.1272044642493883e-04
4871,6.9656929192542786e-05,5.1277328027587933e-04
4872,6.9637263252672534e-05,5.1282609985051455e-04
4873,6.9617604589764125e-05,5.1287890515296823e-04
4874,6.9597953199872838e-05,5.1293169618756929e-04
4875,6.9578309078994336e-05,5.1298447295821596e-04
4876,6.9558672223172337e-05,5.1303723546929460e-04
4877,6.9539042628435070e-05,5.1308998372484853e-04
4878,6.9519420290824275e-05,5.1314271772908717e-04
4879,6.9499805206348517e-05,5.1319543748612191e-04
4880,6.9480197371082808e-05,5.1324814300015285e-04
4881,6.9460596781039749e-05,5.1330083427531101e-04
4882,6.9441003432299558e-05,5.1335351131588051e-04
4883,6.9421417320885732e-05,5.1340617412576480e-04
4884,6.9401838442866170e-05,5.1345882270931718e-04
4885,6.9382266794291582e-05,5.1351145707067365e-04
4886,6.9362702371224852e-05,5.1356407721388068e-04
4887,6.9343145169734445e-05,5.1361668314313478e-04
4888,6.9323595185889655e-05,5.1366927486258052e-04
4889,6.9304052415741722e-05,5.1372185237639448e-04
4890,6.9284516855382640e-05,5.1377441568874985e-04
4891,6.9264988500885346e-05,5.1382696480369071e-04
4892,6.9245467348329366e-05,5.1387949972542843e-04
4893,6.9225953393804214e-05,5.1393202045806020e-04
4894,6.9206446633394332e-05,5.1398452700578156e-04
4895,6.9186947063169815e-05,5.1403701937263193e-04
4896,6.9167454679246331e-05,5.1408949756291808e-04
4897,6.9147969477732597e-05,5.1414196158057956e-04
4898,6.9128491454696728e-05,5.1419441142989009e-04
4899,6.9109020606261955e-05,5.1424684711489006e-04
4900,6.9089556928532455e-05,5.1429926863981066e-04
4901,6.9070100417619100e-05,5.1435167600869902e-04
4902,6.9050651069618219e-05,5.1440406922564907e-04
4903,6.9031208880671722e-05,5.1445644829492304e-04
4904,6.9011773846874594e-05,5.1450881322054288e-04
4905,6.8992345964387515e-05,5.1456116400667550e-04
4906,6.8972925229300133e-05,5.1461350065744001e-04
4907,6.8953511637743459e-05,5.1466582317694477e-04
4908,6.8934105185875771e-05,5.1471813156931930e-04
4909,6.8914705869813471e-05,5.1477042583859941e-04
4910,6.8895313685699794e-05,5.1482270598908497e-04
4911,6.8875928629679034e-05,5.1487497202472722e-04
4912,6.8856550697888149e-05,5.1492722394978980e-04
4913,6.8837179886491423e-05,5.1497946176821052e-04
4914,6.8817816191636021e-05,5.1503168548424206e-04
4915,6.8798459609456465e-05,5.1508389510187180e-04
4916,6.8779110136140781e-05,5.1513609062535165e-04
4917,6.8759767767845146e-05,5.1518827205873044e-04
4918,6.8740432500702308e-05,5.1524043940608198e-04
4919,6.8721104330928616e-05,5.1529259267152599e-04
4920,6.8701783254675980e-05,5.1534473185914083e-04
4921,6.8682469268090563e-05,5.1539685697313048e-04
4922,6.8663162367389976e-05,5.1544896801753121e-04
4923,6.8643862548750672e-05,5.1550106499645182e-04
4924,6.8624569808319749e-05,5.1555314791390929e-04
4925,6.8605284142324373e-05,5.1560521677418414e-04
4926,6.8586005546940806e-05,5.1565727158116889e-04
4927,6.8566734018363147e-05,5.1570931233910558e-04
4928,6.8547469552778515e-05,5.1576133905201541e-04
4929,6.8528212146409440e-05,5.1581335172406573e-04
4930,6.8508961795438447e-05,5.1586535035919696e-04
4931,6.8489718496063062e-05,5.1591733496168639e-04
4932,6.8470482244526850e-05,5.1596930553559034e-04
4933,6.8451253037010493e-05,5.1602126208485466e-04
4934,6.8432030869747417e-05,5.1607320461363986e-04
4935,6.8412815738944934e-05,5.1612513312605552e-04
4936,6.8393607640848886e-05,5.1617704762616022e-04
4937,6.8374406571638247e-05,5.1622894811812099e-04
4938,6.8355212527594067e-05,5.1628083460591393e-04
4939,6.8336025504896783e-05,5.1633270709364480e-04
4940,6.8316845499829154e-05,5.1638456558528644e-04
4941,6.8297672508591973e-05,5.1643641008521915e-04
4942,6.8278506527448118e-05,5.1648824059718102e-04
4943,6.8259347552616107e-05,5.1654005712549185e-04
4944,6.8240195580381558e-05,5.1659185967412394e-04
4945,6.8221050606947001e-05,5.1664364824709468e-04
4946,6.8201912628605926e-05,5.1669542284857361e-04
4947,6.8182781641586517e-05,5.1674718348250015e-04
4948,6.8163657642177739e-05,5.1679893015309968e-04
4949,6.8144540626612031e-05,5.1685066286438731e-04
4950,6.8125430591169399e-05,5.1690238162038055e-04
4951,6.8106327532107937e-05,5.1695408642517455e-04
4952,6.8087231445711460e-05,5.1700577728281164e-04
4953,6.8068142328246343e-05,5.1705745419739066e-04
4954,6.8049060175996359e-05,5.1710911717298298e-04
4955,6.8029984985240149e-05,5.1716076621354055e-04
4956,6.8010916752259752e-05,5.1721240132321920e-04
4957,6.7991855473333225e-05,5.1726402250607472e-04
4958,6.7972801144782857e-05,5.1731562976617559e-04
4959,6.7953753762849749e-05,5.1736722310744237e-04
4960,6.7934713323879528e-05,5.1741880253403257e-04
4961,6.7915679824136861e-05,5.1747036805005085e-04
4962,6.7896653259930879e-05,5.1752191965944545e-04
4963,6.7877633627595827e-05,5.1757345736635346e-04
4964,6.7858620923390747e-05,5.1762498117475196e-04
4965,6.7839615143668763e-05,5.1767649108866378e-04
4966,6.7820616284724219e-05,5.1772798711218057e-04
4967,6.7801624342872930e-05,5.1777946924938621e-04
4968,6.7782639314452922e-05,5.1783093750424876e-04
4969,6.7763661195756710e-05,5.1788239188087616e-04
4970,6.7744689983133881e-05,5.1793383238317534e-04
4971,6.7725725672913978e-05,5.1798525901532470e-04
4972,6.7706768261416417e-05,5.1803667178129719e-04
4973,6.7687817744974997e-05,5.1808807068517743e-04
4974,6.7668874119959185e-05,5.1813945573094163e-04
4975,6.7649937382671175e-05,5.1819082692267700e-04
4976,6.7631007529474213e-05,5.1824218426434557e-04
4977,6.7612084556705742e-05,5.1829352776004223e-04
4978,6.7593168460731829e-05,5.1834485741374093e-04
4979,6.7574259237895541e-05,5.1839617322954200e-04
4980,6.7555356884544581e-05,5.1844747521135920e-04
4981,6.7536461397052657e-05,5.1849876336334437e-04
4982,6.7517572771783545e-05,5.1855003768945128e-04
4983,6.7498691005083092e-05,5.1860129819365915e-04
4984,6.7479816093339468e-05,5.1865254488011464e-04
4985,6.7460948032915647e-05,5.1870377775275469e-04
4986,6.7442086820169959e-05,5.1875499681554554e-04
4987,6.7423232451514615e-05,5.1880620207265344e-04
4988,6.7404384923296871e-05,5.1885739352800116e-04
4989,6.7385544231917229e-05,5.1890857118554558e-04
4990,6.7366710373756541e-05,5.1895973504944605e-04
4991,6.7347883345206244e-05,5.1901088512350875e-04
4992,6.7329063142637391e-05,5.1906202141201380e-04
4993,6.7310249762482199e-05,5.1911314391878680e-04
4994,6.7291443201110553e-05,5.1916425264782076e-04
4995,6.7272643454935576e-05,5.1921534760320908e-04
4996,6.7253850520350222e-05,5.1926642878892548e-04
4997,6.7235064393764886e-05,5.1931749620897348e-04
4998,6.7216285071595034e-05,5.1936854986736364e-04
4999,6.7197512550237727e-05,5.1941958976805787e-04
5000,6.7178746826136184e-05,5.1947061591511748e-04
5001,6.7159987895660009e-05,5.1952162831253525e-04
5002,6.7141235755289016e-05,5.1957262696432035e-04
5003,6.7122490401410681e-05,5.1962361187425968e-04
5004,6.7103751830454634e-05,5.1967458304670849e-04
5005,6.7085020038845013e-05,5.1972554048539674e-04
5006,6.7066295023036408e-05,5.1977648419443022e-04
5007,6.7047576779448323e-05,5.1982741417777286e-04
5008,6.7028865304512121e-05,5.1987833043940120e-04
5009,6.7010160594694915e-05,5.1992923298329480e-04
5010,6.6991462646410991e-05,5.1998012181346726e-04
5011,6.6972771456138915e-05,5.2003099693386423e-04
5012,6.6954087020282225e-05,5.2008185834853649e-04
5013,6.6935409335346565e-05,5.2013270606150763e-04
5014,6.6916738397755152e-05,5.2018354007655337e-04
5015,6.6898074203955462e-05,5.2023436039787133e-04
5016,6.6879416750456581e-05,5.2028516702933101e-04
5017,6.6860766033667102e-05,5.2033595997498842e-04
5018,6.6842122050088116e-05,5.2038673923869995e-04
5019,6.6823484796173766e-05,5.2043750482456724e-04
5020,6.6804854268413244e-05,5.2048825673653161e-04
5021,6.6786230463269393e-05,5.2053899497846938e-04
5022,6.6767613377216795e-05,5.2058971955449640e-04
5023,6.6749003006750929e-05,5.2064043046851831e-04
5024,6.6730399348334329e-05,5.2069112772447454e-04
5025,6.6711802398481892e-05,5.2074181132632537e-04
5026,6.6693212153646057e-05,5.2079248127816224e-04
5027,6.6674628610368544e-05,5.2084313758379874e-04
5028,6.6656051765089970e-05,5.2089378024731763e-04
5029,6.6637481614352409e-05,5.2094440927260882e-04
5030,6.6618918154634453e-05,5.2099502466365687e-04
5031,6.6600361382442965e-05,5.2104562642442225e-04
5032,6.6581811294287019e-05,5.2109621455885676e-04
5033,6.6563267886672636e-05,5.2114678907094552e-04
5034,6.6544731156111653e-05,5.2119734996462753e-04
5035,6.6526201099127130e-05,5.2124789724386999e-04
5036,6.6507677712247858e-05,5.2129843091254665e-04
5037,6.6489160991949691e-05,5.2134895097477401e-04
5038,6.6470650934785178e-05,5.2139945743429528e-04
5039,6.6452147537290090e-05,5.2144995029526772e-04
5040,6.6433650795983204e-05,5.2150042956147021e-04
5041,6.6415160707376911e-05,5.2155089523698173e-04
5042,6.6396677268040077e-05,5.2160134732572331e-04
5043,6.6378200474490016e-05,5.2165178583157780e-04
5044,6.6359730323263134e-05,5.2170221075855880e-04
5045,6.6341266810919530e-05,5.2175262211055231e-04
5046,6.6322809933985107e-05,5.2180301989146948e-04
5047,6.6304359689022810e-05,5.2185340410539982e-04
5048,6.6285916072565630e-05,5.2190377475615007e-04
5049,6.6267479081186188e-05,5.2195413184768754e-04
5050,6.6249048711437128e-05,5.2200447538395872e-04
5051,6.6230624959863165e-05,5.2205480536893787e-04
5052,6.6212207823051515e-05,5.2210512180645276e-04
5053,6.6193797297546162e-05,5.2215542470052014e-04
5054,6.6175393379909521e-05,5.2220571405511623e-04
5055,6.6156996066733172e-05,5.2225598987406532e-04
5056,6.6138605354585127e-05,5.2230625216137397e-04
5057,6.6120221240032991e-05,5.2235650092086563e-04
5058,6.6101843719646133e-05,5.2240673615666752e-04
5059,6.6083472790027611e-05,5.2245695787250172e-04
5060,6.6065108447737849e-05,5.2250716607234421e-04
5061,6.6046750689393986e-05,5.2255736076019244e-04
5062,6.6028399511564075e-05,5.2260754193989315e-04
5063,6.6010054910834655e-05,5.2265770961534667e-04
5064,6.5991716883810709e-05,5.2270786379063762e-04
5065,6.5973385427091800e-05,5.2275800446952101e-04
5066,6.5955060537266743e-05,5.2280813165585965e-04
5067,6.5936742210958465e-05,5.2285824535371062e-04
5068,6.5918430444748165e-05,5.2290834556701889e-04
5069,6.5900125235252523e-05,5.2295843229954882e-04
5070,6.5881826579100564e-05,5.2300850555529093e-04
5071,6.5863534472884329e-05,5.2305856533819072e-04
5072,6.5845248913218708e-05,5.2310861165209941e-04
5073,6.5826969896731074e-05,5.2315864450090590e-04
5074,6.5808697420046102e-05,5.2320866388859042e-04
5075,6.5790431479785609e-05,5.2325866981907268e-04
5076,6.5772172072571137e-05,5.2330866229613232e-04
5077,6.5753919195020696e-05,5.2335864132378794e-04
5078,6.5735672843799577e-05,5.2340860690586600e-04
5079,6.5717433015526208e-05,5.2345855904628266e-04
5080,6.5699199706829831e-05,5.2350849774895783e-04
5081,6.5680972914353324e-05,5.2355842301787705e-04
5082,6.5662752634747151e-05,5.2360833485682115e-04
5083,6.5644538864660369e-05,5.2365823326962105e-04
5084,6.5626331600715539e-05,5.2370811826026997e-04
5085,6.5608130839596345e-05,5.2375798983276710e-04
5086,6.5589936577941841e-05,5.2380784799081293e-04
5087,6.5571748812395363e-05,5.2385769273836339e-04
5088,6.5553567539643917e-05,5.2390752407938481e-04
5089,6.5535392756312907e-05,5.2395734201762421e-04
5090,6.5517224459103230e-05,5.2400714655706168e-04
5091,6.5499062644664186e-05,5.2405693770158799e-04
5092,6.5480907309661298e-05,5.2410671545505662e-04
5093,6.5462758450756712e-05,5.2415647982134500e-04
5094,6.5444616064662181e-05,5.2420623080439539e-04
5095,6.5426480148013912e-05,5.2425596840798006e-04
5096,6.5408350697522855e-05,5.2430569263610415e-04
5097,6.5390227709844127e-05,5.2435540349251035e-04
5098,6.5372111181690384e-05,5.2440510098117907e-04
5099,6.5354001109702795e-05,5.2445478510593343e-04
5100,6.5335897490643066e-05,5.2450445587070562e-04
5101,6.5317800321155523e-05,5.2455411327925533e-04
5102,6.5299709597922657e-05,5.2460375733564234e-04
5103,6.5281625317688960e-05,5.2465338804359588e-04
5104,6.5263547477112393e-05,5.2470300540696205e-04
5105,6.5245476072918937e-05,5.2475260942965308e-04
5106,6.5227411101812278e-05,5.2480220011558653e-04
5107,6.5209352560486710e-05,5.2485177746859060e-04
5108,6.5191300445677621e-05,5.2490134149250369e-04
5109,6.5173254754073178e-05,5.2495089219121961e-04
5110,6.5155215482406463e-05,5.2500042956857653e-04
5111,6.5137182627387534e-05,5.2504995362848681e-04
5112,6.5119156185738169e-05,5.2509946437475285e-04
5113,6.5101136154184985e-05,5.2514896181123636e-04
5114,6.5083122529450995e-05,5.2519844594184437e-04
5115,6.5065115308274879e-05,5.2524791677036661e-04
5116,6.5047114487370379e-05,5.2529737430073232e-04
5117,6.5029120063491610e-05,5.2534681853673947e-04
5118,6.5011132033352708e-05,5.2539624948224207e-04
5119,6.4993150393719619e-05,5.2544566714107083e-04
5120,6.4975175141301507e-05,5.2549507151716931e-04
5121,6.4957206272869914e-05,5.2554446261432399e-04
5122,6.4939243785162558e-05,5.2559384043637098e-04
5123,6.4921287674923295e-05,5.2564320498709588e-04
5124,6.4903337938903422e-05,5.2569255627051329e-04
5125,6.4885394573861038e-05,5.2574189429029051e-04
5126,6.4867457576569504e-05,5.2579121905043269e-04
5127,6.4849526943756128e-05,5.2584053055463567e-04
5128,6.4831602672204761e-05,5.2588982880683738e-04
5129,6.4813684758673515e-05,5.2593911381084639e-04
5130,6.4795773199927050e-05,5.2598838557044538e-04
5131,6.4777867992732899e-05,5.2603764408950095e-04
5132,6.4759969133880549e-05,5.2608688937190462e-04
5133,6.4742076620113369e-05,5.2613612142145294e-04
5134,6.4724190448238911e-05,5.2618534024201108e-04
5135,6.4706310615019125e-05,5.2623454583737193e-04
5136,6.4688437117241100e-05,5.2628373821136877e-04
5137,6.4670569951684199e-05,5.2633291736774558e-04
5138,6.4652709115134698e-05,5.2638208331047933e-04
5139,6.4634854604395299e-05,5.2643123604337696e-04
5140,6.4617006416243142e-05,5.2648037557021475e-04
5141,6.4599164547487800e-05,5.2652950189473126e-04
5142,6.4581328994905751e-05,5.2657861502086723e-04
5143,6.4563499755315241e-05,5.2662771495250876e-04
5144,6.4545676825502653e-05,5.2667680169330865e-04
5145,6.4527860202281368e-05,5.2672587524716546e-04
5146,6.4510049882458614e-05,5.2677493561787835e-04
5147,6.4492245862841484e-05,5.2682398280928572e-04
5148,6.4474448140240621e-05,5.2687301682531064e-04
5149,6.4456656711464093e-05,5.2692203766952959e-04
5150,6.4438871573347262e-05,5.2697104534589240e-04
5151,6.4421092722678289e-05,5.2702003985820333e-04
5152,6.4403320156320806e-05,5.2706902121024766e-04
5153,6.4385553871061104e-05,5.2711798940594217e-04
5154,6.4367793863744912e-05,5.2716694444898985e-04
5155,6.4350040131193594e-05,5.2721588634318671e-04
5156,6.4332292670242025e-05,5.2726481509230403e-04
5157,6.4314551477715363e-05,5.2731373070032518e-04
5158,6.4296816550481618e-05,5.2736263317089774e-04
5159,6.4279087885323678e-05,5.2741152250783429e-04
5160,6.4261365479134289e-05,5.2746039871495720e-04
5161,6.4243649328729811e-05,5.2750926179608981e-04
5162,6.4225939430954552e-05,5.2755811175505120e-04
5163,6.4208235782686987e-05,5.2760694859560410e-04
5164,6.4190538380731307e-05,5.2765577232143882e-04
5165,6.4172847221984891e-05,5.2770458293659476e-04
5166,6.4155162303274375e-05,5.2775338044464448e-04
5167,6.4137483621466102e-05,5.2780216484941424e-04
5168,6.4119811173428613e-05,5.2785093615485964e-04
5169,6.4102144956008111e-05,5.2789969436461460e-04
5170,6.4084484966093222e-05,5.2794843948251861e-04
5171,6.4066831200517303e-05,5.2799717151228906e-04
5172,6.4049183656185199e-05,5.2804589045781110e-04
5173,6.4031542329959476e-05,5.2809459632282662e-04
5174,6.4013907218705838e-05,5.2814328911111397e-04
5175,6.3996278319297651e-05,5.2819196882651696e-04
5176,6.3978655628632686e-05,5.2824063547271440e-04
5177,6.3961039143582344e-05,5.2828928905351391e-04
5178,6.3943428861026750e-05,5.2833792957275474e-04
5179,6.3925824777863433e-05,5.2838655703419063e-04
5180,6.3908226890973673e-05,5.2843517144158104e-04
5181,6.3890635197253940e-05,5.2848377279867526e-04
5182,6.3873049693604893e-05,5.2853236110927536e-04
5183,6.3855470376886656e-05,5.2858093637722409e-04
5184,6.3837897244051699e-05,5.2862949860615102e-04
5185,6.3820330291962152e-05,5.2867804779997858e-04
5186,6.3802769517533540e-05,5.2872658396233300e-04
5187,6.3785214917678137e-05,5.2877510709705886e-04
5188,6.3767666489296696e-05,5.2882361720794576e-04
5189,6.3750124229294757e-05,5.2887211429872294e-04
5190,6.3732588134591612e-05,5.2892059837316861e-04
5191,6.3715058202110201e-05,5.2896906943502165e-04
5192,6.3697534428752036e-05,5.2901752748810236e-04
5193,6.3680016811445939e-05,5.2906597253605657e-04
5194,6.3662505347119078e-05,5.2911440458274016e-04
5195,6.3645000032686383e-05,5.2916282363197221e-04
5196,6.3627500865077568e-05,5.2921122968732095e-04
5197,6.3610007841228991e-05,5.2925962275269525e-04
5198,6.3592520958047761e-05,5.2930800283181002e-04
5199,6.3575040212510527e-05,5.2935636992837020e-04
5200,6.3557565601511022e-05,5.2940472404622253e-04
5201,6.3540097122020758e-05,5.2945306518908020e-04
5202,6.3522634770953797e-05,5.2950139336067588e-04
5203,6.3505178545276148e-05,5.2954970856472126e-04
5204,6.3487728441910697e-05,5.2959801080505004e-04
5205,6.3470284457823670e-05,5.2964630008530420e-04
5206,6.3452846589954161e-05,5.2969457640932504e-04
5207,6.3435414835265794e-05,5.2974283978087530e-04
5208,6.3417989190704804e-05,5.2979109020363812e-04
5209,6.3400569653241471e-05,5.2983932768128547e-04
5210,6.3383156219804236e-05,5.2988755221776830e-04
5211,6.3365748887392488e-05,5.2993576381653296e-04
5212,6.3348347652945363e-05,5.2998396248162016e-04
5213,6.3330952513427079e-05,5.3003214821660375e-04
5214,6.3313563465835075e-05,5.3008032102523704e-04
5215,6.3296180507107605e-05,5.3012848091118711e-04
5216,6.3278803634238677e-05,5.3017662787834029e-04
5217,6.3261432844200670e-05,5.3022476193036595e-04
5218,6.3244068133948210e-05,5.3027288307092241e-04
5219,6.3226709500493263e-05,5.3032099130381229e-04
5220,6.3209356940816176e-05,5.3036908663275429e-04
5221,6.3192010451872089e-05,5.3041716906154681e-04
5222,6.3174670030674730e-05,5.3046523859366830e-04
5223,6.3157335674213298e-05,5.3051329523319860e-04
5224,6.3140007379448366e-05,5.3056133898351696e-04
5225,6.3122685143423613e-05,5.3060936984863102e-04
5226,6.3105368963090576e-05,5.3065738783213861e-04
5227,6.3088058835460446e-05,5.3070539293772535e-04
5228,6.3070754757552482e-05,5.3075338516912751e-04
5229,6.3053456726351489e-05,5.3080136453016291e-04
5230,6.3036164738868716e-05,5.3084933102439172e-04
5231,6.3018878792092453e-05,5.3089728465563761e-04
5232,6.3001598883071310e-05,5.3094522542761755e-04
5233,6.2984325008783767e-05,5.3099315334394746e-04
5234,6.2967057166247182e-05,5.3104106840845880e-04
5235,6.2949795352503662e-05,5.3108897062478051e-04
5236,6.2932539564529368e-05,5.3113685999667986e-04
5237,6.2915289799382276e-05,5.3118473652784325e-04
5238,6.2898046054077035e-05,5.3123260022196368e-04
5239,6.2880808325623281e-05,5.3128045108278286e-04
5240,6.2863576611070385e-05,5.3132828911391897e-04
5241,6.2846350907430461e-05,5.3137611431916998e-04
5242,6.2829131211734706e-05,5.3142392670221046e-04
5243,6.2811917521034198e-05,5.3147172626671565e-04
5244,6.2794709832356924e-05,5.3151951301642214e-04
5245,6.2777508142732101e-05,5.3156728695503367e-04
5246,6.2760312449219413e-05,5.3161504808621246e-04
5247,6.2743122748834770e-05,5.3166279641366637e-04
5248,6.2725939038643915e-05,5.3171053194114219e-04
5249,6.2708761315696747e-05,5.3175825467227222e-04
5250,6.2691589577037717e-05,5.3180596461075563e-04
5251,6.2674423819711819e-05,5.3185366176029824e-04
5252,6.2657264040776961e-05,5.3190134612466006e-04
5253,6.2640110237303481e-05,5.3194901770733049e-04
5254,6.2622962406314186e-05,5.3199667651225363e-04
5255,6.2605820544907141e-05,5.3204432254294306e-04
5256,6.2588684650128777e-05,5.3209195580313016e-04
5257,6.2571554719053116e-05,5.3213957629655783e-04
5258,6.2554430748727944e-05,5.3218718402675590e-04
5259,6.2537312736247666e-05,5.3223477899757253e-04
5260,6.2520200678660122e-05,5.3228236121263643e-04
5261,6.2503094573059339e-05,5.3232993067561698e-04
5262,6.2485994416506085e-05,5.3237748739018138e-04
5263,6.2468900206092380e-05,5.3242503136000552e-04
5264,6.2451811938884008e-05,5.3247256258885146e-04
5265,6.2434729611975077e-05,5.3252008108030824e-04
5266,6.2417653222425338e-05,5.3256758683804264e-04
5267,6.2400582767369354e-05,5.3261507986577671e-04
5268,6.2383518243865277e-05,5.3266256016714557e-04
5269,6.2366459648998922e-05,5.3271002774579810e-04
5270,6.2349406979876797e-05,5.3275748260548880e-04
5271,6.2332360233584850e-05,5.3280492474980419e-04
5272,6.2315319407234388e-05,5.3285235418251968e-04
5273,6.2298284497912511e-05,5.3289977090720188e-04
5274,6.2281255502712150e-05,5.3294717492749554e-04
5275,6.2264232418774899e-05,5.3299456624719818e-04
5276,6.2247215243162028e-05,5.3304194486979140e-04
5277,6.2230203973025799e-05,5.3308931079912498e-04
5278,6.2213198605428445e-05,5.3313666403874405e-04
5279,6.2196199137522944e-05,5.3318400459235885e-04
5280,6.2179205566402390e-05,5.3323133246355777e-04
5281,6.2162217889201370e-05,5.3327864765610495e-04
5282,6.2145236103014264e-05,5.3332595017348999e-04
5283,6.2128260204982193e-05,5.3337324001953947e-04
5284,6.2111290192216735e-05,5.3342051719784201e-04
5285,6.2094326061862005e-05,5.3346778171209982e-04
5286,6.2077367811020365e-05,5.3351503356584501e-04
5287,6.2060415436837477e-05,5.3356227276280476e-04
5288,6.2043468936445273e-05,5.3360949930660083e-04
5289,6.2026528306974494e-05,5.3365671320095964e-04
5290,6.2009593545552397e-05,5.3370391444945210e-04
5291,6.1992664649329767e-05,5.3375110305569707e-04
5292,6.1975741615448145e-05,5.3379827902345954e-04
5293,6.1958824441031373e-05,5.3384544235624855e-04
5294,6.1941913123256283e-05,5.3389259305777900e-04
5295,6.1925007659233803e-05,5.3393973113170464e-04
5296,6.1908108046133405e-05,5.3398685658163339e-04
5297,6.1891214281099694e-05,5.3403396941114798e-04
5298,6.1874326361299189e-05,5.3408106962402090e-04
5299,6.1857444283866791e-05,5.3412815722382449e-04
5300,6.1840568045970075e-05,5.3417523221409747e-04
5301,6.1823697644765329e-05,5.3422229459866154e-04
5302,6.1806833077417215e-05,5.3426934438097131e-04
5303,6.1789974341082453e-05,5.3431638156481746e-04
5304,6.1773121432938039e-05,5.3436340615366121e-04
5305,6.1756274350132791e-05,5.3441041815129519e-04
5306,6.1739433089857257e-05,5.3445741756126585e-04
5307,6.1722597649270015e-05,5.3450440438715093e-04
5308,6.1705768025553074e-05,5.3455137863263422e-04
5309,6.1688944215866894e-05,5.3459834030146545e-04
5310,6.1672126217417677e-05,5.3464528939700965e-04
5311,6.1655314027347615e-05,5.3469222592308246e-04
5312,6.1638507642880702e-05,5.3473914988323734e-04
5313,6.1621707061171113e-05,5.3478606128111602e-04
5314,6.1604912279416521e-05,5.3483296012032185e-04
5315,6.1588123294797055e-05,5.3487984640449634e-04
5316,6.1571340104504032e-05,5.3492672013716433e-04
5317,6.1554562705751705e-05,5.3497358132213572e-04
5318,6.1537791095699952e-05,5.3502042996281002e-04
5319,6.1521025271568634e-05,5.3506726606299538e-04
5320,6.1504265230553272e-05,5.3511408962606780e-04
5321,6.1487510969845106e-05,5.3516090065582804e-04
5322,6.1470762486661422e-05,5.3520769915583121e-04
5323,6.1454019778198608e-05,5.3525448512972760e-04
5324,6.1437282841647213e-05,5.3530125858104629e-04
5325,6.1420551674244581e-05,5.3534801951342869e-04
5326,6.1403826273191586e-05,5.3539476793047379e-04
5327,6.1387106635694144e-05,5.3544150383587623e-04
5328,6.1370392758969448e-05,5.3548822723306058e-04
5329,6.1353684640231599e-05,5.3553493812578913e-04
5330,6.1336982276725139e-05,5.3558163651761480e-04
5331,6.1320285665632211e-05,5.3562832241202819e-04
5332,6.1303594804184292e-05,5.3567499581283777e-04
5333,6.1286909689645737e-05,5.3572165672350182e-04
5334,6.1270230319188405e-05,5.3576830514757328e-04
5335,6.1253556690086991e-05,5.3581494108878277e-04
5336,6.1236888799530632e-05,5.3586156455061415e-04
5337,6.1220226644784917e-05,5.3590817553677444e-04
5338,6.1203570223071442e-05,5.3595477405074857e-04
5339,6.1186919531627687e-05,5.3600136009617026e-04
5340,6.1170274567712681e-05,5.3604793367653105e-04
5341,6.1153635328532583e-05,5.3609449479562416e-04
5342,6.1137001811356018e-05,5.3614104345688063e-04
5343,6.1120374013408444e-05,5.3618757966397701e-04
5344,6.1103751931953444e-05,5.3623410342038295e-04
5345,6.1087135564236696e-05,5.3628061472976035e-04
5346,6.1070524907517595e-05,5.3632711359573033e-04
5347,6.1053919959016314e-05,5.3637360002184334e-04
5348,6.1037320716039750e-05,5.3642007401153336e-04
5349,6.1020727175782265e-05,5.3646653556871544e-04
5350,6.1004139335569552e-05,5.3651298469662464e-04
5351,6.0987557192610123e-05,5.3655942139896578e-04
5352,6.0970980744193100e-05,5.3660584567930653e-04
5353,6.0954409987580689e-05,5.3665225754135704e-04
5354,6.0937844920036350e-05,5.3669865698843528e-04
5355,6.0921285538814003e-05,5.3674504402431169e-04
5356,6.0904731841210041e-05,5.3679141865249679e-04
5357,6.0888183824493032e-05,5.3683778087648573e-04
5358,6.0871641485929067e-05,5.3688413070005240e-04
5359,6.0855104822787453e-05,5.3693046812660359e-04
5360,6.0838573832372559e-05,5.3697679315975911e-04
5361,6.0822048511932760e-05,5.3702310580300327e-04
5362,6.0805528858783695e-05,5.3706940605998473e-04
5363,6.0789014870186330e-05,5.3711569393418421e-04
5364,6.0772506543442906e-05,5.3716196942929203e-04
5365,6.0756003875822900e-05,5.3720823254877132e-04
5366,6.0739506864650582e-05,5.3725448329622935e-04
5367,6.0723015507167207e-05,5.3730072167523216e-04
5368,6.0706529800712319e-05,5.3734694768922057e-04
5369,6.0690049742562740e-05,5.3739316134198583e-04
5370,6.0673575330021417e-05,5.3743936263687367e-04
5371,6.0657106560388930e-05,5.3748555157748300e-04
5372,6.0640643430975555e-05,5.3753172816741759e-04
5373,6.0624185939056430e-05,5.3757789241018993e-04
5374,6.0607734081977189e-05,5.3762404430936662e-04
5375,6.0591287857010204e-05,5.3767018386850513e-04
5376,6.0574847261486237e-05,5.3771631109113000e-04
5377,6.0558412292724258e-05,5.3776242598079903e-04
5378,6.0541982948014435e-05,5.3780852854107004e-04
5379,6.0525559224677451e-05,5.3785461877551286e-04
5380,6.0509141120056904e-05,5.3790069668756952e-04
5381,6.0492728631447105e-05,5.3794676228089517e-04
5382,6.0476321756173993e-05,5.3799281555898357e-04
5383,6.0459920491556552e-05,5.3803885652542157e-04
5384,6.0443524834945452e-05,5.3808488518359307e-04
5385,6.0427134783627763e-05,5.3813090153725755e-04
5386,6.0410750334970642e-05,5.3817690558984185e-04
5387,6.0394371486271599e-05,5.3822289734491819e-04
5388,6.0377998234908560e-05,5.3826887680592447e-04
5389,6.0361630578167617e-05,5.3831484397650459e-04
5390,6.0345268513406238e-05,5.3836079886007389e-04
5391,6.0328912037980534e-05,5.3840674146033688e-04
5392,6.0312561149197694e-05,5.3845267178066845e-04
5393,6.0296215844433588e-05,5.3849858982471500e-04
5394,6.0279876120998893e-05,5.3854449559596039e-04
5395,6.0263541976270506e-05,5.3859038909783374e-04
5396,6.0247213407565587e-05,5.3863627033401721e-04
5397,6.0230890412282823e-05,5.3868213930794795e-04
5398,6.0214572987715160e-05,5.3872799602311351e-04
5399,6.0198261131263872e-05,5.3877384048317632e-04
5400,6.0181954840251793e-05,5.3881967269158511e-04
5401,6.0165654112057946e-05,5.3886549265178094e-04
5402,6.0149358944047041e-05,5.3891130036741832e-04
5403,6.0133069333549917e-05,5.3895709584195455e-04
5404,6.0116785277955114e-05,5.3900287907887167e-04
5405,6.0100506774615081e-05,5.3904865008170318e-04
5406,6.0084233820915859e-05,5.3909440885399769e-04
5407,6.0067966414197724e-05,5.3914015539924828e-04
5408,6.0051704551858259e-05,5.3918588972098349e-04
5409,6.0035448231266309e-05,5.3923161182264532e-04
5410,6.0019197449758518e-05,5.3927732170788441e-04
5411,6.0002952204770381e-05,5.3932301938004485e-04
5412,5.9986712493654419e-05,5.3936870484280026e-04
5413,5.9970478313778948e-05,5.3941437809953616e-04
5414,5.9954249662526515e-05,5.3946003915385568e-04
5415,5.9938026537306282e-05,5.3950568800914783e-04
5416,5.9921808935479262e-05,5.3955132466894666e-04
5417,5.9905596854433474e-05,5.3959694913682387e-04
5418,5.9889390291588492e-05,5.3964256141624998e-04
5419,5.9873189244295941e-05,5.3968816151074616e-04
5420,5.9856993709978124e-05,5.3973374942375095e-04
5421,5.9840803686004245e-05,5.3977932515881870e-04
5422,5.9824619169790399e-05,5.3982488871939652e-04
5423,5.9808440158734948e-05,5.3987044010902726e-04
5424,5.9792266650232337e-05,5.3991597933113341e-04
5425,5.9776098641678001e-05,5.3996150638940680e-04
5426,5.9759936130500525e-05,5.4000702128704072e-04
5427,5.9743779114065087e-05,5.4005252402775236e-04
5428,5.9727627589824862e-05,5.4009801461500162e-04
5429,5.9711481555161691e-05,5.4014349305223075e-04
5430,5.9695341007497776e-05,5.4018895934284945e-04
5431,5.9679205944240261e-05,5.4023441349056547e-04
5432,5.9663076362813982e-05,5.4027985549862524e-04
5433,5.9646952260618237e-05,5.4032528537069390e-04
5434,5.9630833635081555e-05,5.4037070311019277e-04
5435,5.9614720483643356e-05,5.4041610872061459e-04
5436,5.9598612803681999e-05,5.4046150220535879e-04
5437,5.9582510592668934e-05,5.4050688356798880e-04
5438,5.9566413847990862e-05,5.4055225281199933e-04
5439,5.9550322567118358e-05,5.4059760994079153e-04
5440,5.9534236747444663e-05,5.4064295495793004e-04
5441,5.9518156386411391e-05,5.4068828786686175e-04
5442,5.9502081481457365e-05,5.4073360867099441e-04
5443,5.9486012030001831e-05,5.4077891737394125e-04
5444,5.9469948029512006e-05,5.4082421397904051e-04
5445,5.9453889477410219e-05,5.4086949848985424e-04
5446,5.9437836371120161e-05,5.4091477090979746e-04
5447,5.9421788708106650e-05,5.4096003124238341e-04
5448,5.9405746485802186e-05,5.4100527949095187e-04
5449,5.9389709701676614e-05,5.4105051565923380e-04
5450,5.9373678353139945e-05,5.4109573975051357e-04
5451,5.9357652437665527e-05,5.4114095176821086e-04
5452,5.9341631952703946e-05,5.4118615171588435e-04
5453,5.9325616895691484e-05,5.4123133959704253e-04
5454,5.9309607264114737e-05,5.4127651541501941e-04
5455,5.9293603055385735e-05,5.4132167917330179e-04
5456,5.9277604267008686e-05,5.4136683087538807e-04
5457,5.9261610896414022e-05,5.4141197052483053e-04
5458,5.9245622941075601e-05,5.4145709812494953e-04
5459,5.9229640398452283e-05,5.4150221367917474e-04
5460,5.9213663266021686e-05,5.4154731719113119e-04
5461,5.9197691541221716e-05,5.4159240866412254e-04
5462,5.9181725221558853e-05,5.4163748810170432e-04
5463,5.9165764304471106e-05,5.4168255550721654e-04
5464,5.9149808787462254e-05,5.4172761088419098e-04
5465,5.9133858667989025e-05,5.4177265423603215e-04
5466,5.9117913943510651e-05,5.4181768556625296e-04
5467,5.9101974611535907e-05,5.4186270487831972e-04
5468,5.9086040669536210e-05,5.4190771217553957e-04
5469,5.9070112114980198e-05,5.4195270746146664e-04
5470,5.9054188945363357e-05,5.4199769073956668e-04
5471,5.9038271158171681e-05,5.4204266201317763e-04
5472,5.9022358750873340e-05,5.4208762128582575e-04
5473,5.9006451720979602e-05,5.4213256856098905e-04
5474,5.8990550065973520e-05,5.4217750384195418e-04
5475,5.8974653783341011e-05,5.4222242713230259e-04
5476,5.8958762870586939e-05,5.4226733843542696e-04
5477,5.8942877325180419e-05,5.4231223775479110e-04
5478,5.8926997144661876e-05,5.4235712509373641e-04
5479,5.8911122326495273e-05,5.4240200045589865e-04
5480,5.8895252868197943e-05,5.4244686384448718e-04
5481,5.8879388767250282e-05,5.4249171526305580e-04
5482,5.8863530021194125e-05,5.4253655471494719e-04
5483,5.8847676627495218e-05,5.4258138220376201e-04
5484,5.8831828583692909e-05,5.4262619773275274e-04
5485,5.8815985887277102e-05,5.4267100130538852e-04
5486,5.8800148535765271e-05,5.4271579292520774e-04
5487,5.8784316526665730e-05,5.4276057259550886e-04
5488,5.8768489857508537e-05,5.4280534031976731e-04
5489,5.8752668525790576e-05,5.4285009610142748e-04
5490,5.8736852529038082e-05,5.4289483994386537e-04
5491,5.8721041864776859e-05,5.4293957185053523e-04
5492,5.8705236530515424e-05,5.4298429182483778e-04
5493,5.8689436523791269e-05,5.4302899987024441e-04
5494,5.8673641842107937e-05,5.4307369599010207e-04
5495,5.8657852483013323e-05,5.4311838018786653e-04
5496,5.8642068444032768e-05,5.4316305246692278e-04
5497,5.8626289722677677e-05,5.4320771283073734e-04
5498,5.8610516316507157e-05,5.4325236128267710e-04
5499,5.8594748223029123e-05,5.4329699782619523e-04
5500,5.8578985439806986e-05,5.4334162246472443e-04
5501,5.8563227964342547e-05,5.4338623520165305e-04
5502,5.8547475794195025e-05,5.4343083604029756e-04
5503,5.8531728926914819e-05,5.4347542498423397e-04
5504,5.8515987360011728e-05,5.4352000203667218e-04
5505,5.8500251091066164e-05,5.4356456720127777e-04
5506,5.8484520117595522e-05,5.4360912048125867e-04
5507,5.8468794437158748e-05,5.4365366187997428e-04
5508,5.8453074047305767e-05,5.4369819140096670e-04
5509,5.8437358945582584e-05,5.4374270904769474e-04
5510,5.8421649129541631e-05,5.4378721482340126e-04
5511,5.8405944596729422e-05,5.4383170873156176e-04
5512,5.8390245344722018e-05,5.4387619077549999e-04
5513,5.8374551371053199e-05,5.4392066095879056e-04
5514,5.8358862673306460e-05,5.4396511928464497e-04
5515,5.8343179249014347e-05,5.4400956575652521e-04
5516,5.8327501095762397e-05,5.4405400037784964e-04
5517,5.8311828211090859e-05,5.4409842315202722e-04
5518,5.8296160592595163e-05,5.4414283408238309e-04
5519,5.8280498237811256e-05,5.4418723317236576e-04
5520,5.8264841144339744e-05,5.4423162042533399e-04
5521,5.8249189309720546e-05,5.4427599584471842e-04
5522,5.8233542731550067e-05,5.4432035943387290e-04
5523,5.8217901407369857e-05,5.4436471119618396e-04
5524,5.8202265334802953e-05,5.4440905113508080e-04
5525,5.8186634511386827e-05,5.4445337925382417e-04
5526,5.8171008934713710e-05,5.4449769555598424e-04
5527,5.8155388602372518e-05,5.4454200004481004e-04
5528,5.8139773511920450e-05,5.4458629272372884e-04
5529,5.8124163660973474e-05,5.4463057359613548e-04
5530,5.8108559047101905e-05,5.4467484266537735e-04
5531,5.8092959667891702e-05,5.4471909993488886e-04
5532,5.8077365520926182e-05,5.4476334540794061e-04
5533,5.8061776603799747e-05,5.4480757908801540e-04
5534,5.8046192914110941e-05,5.4485180097843229e-04
5535,5.8030614449448995e-05,5.4489601108260891e-04
5536,5.8015041207416635e-05,5.4494020940390627e-04
5537,5.7999473185591416e-05,5.4498439594566480e-04
5538,5.7983910381577568e-05,5.4502857071131179e-04
5539,5.7968352792995607e-05,5.4507273370415490e-04
5540,5.7952800417432655e-05,5.4511688492760299e-04
5541,5.7937253252485644e-05,5.4516102438505252e-04
5542,5.7921711295763903e-05,5.4520515207977759e-04
5543,5.7906174544891159e-05,5.4524926801519341e-04
5544,5.7890642997451158e-05,5.4529337219468856e-04
5545,5.7875116651069322e-05,5.4533746462166939e-04
5546,5.7859595503350031e-05,5.4538154529941451e-04
5547,5.7844079551906028e-05,5.4542561423128041e-04
5548,5.7828568794355395e-05,5.4546967142071669e-04
5549,5.7813063228321589e-05,5.4551371687097086e-04
5550,5.7797562851406863e-05,5.4555775058554490e-04
5551,5.7782067661251049e-05,5.4560177256765400e-04
5552,5.7766577655450487e-05,5.4564578282070831e-04
5553,5.7751092831652707e-05,5.4568978134808240e-04
5554,5.7735613187459822e-05,5.4573376815306998e-04
5555,5.7720138720527479e-05,5.4577774323911023e-04
5556,5.7704669428435565e-05,5.4582170660958870e-04
5557,5.7689205308881803e-05,5.4586565826772709e-04
5558,5.7673746359435662e-05,5.4590959821695137e-04
5559,5.7658292577755686e-05,5.4595352646060402e-04
5560,5.7642843961479466e-05,5.4599744300192193e-04
5561,5.7627400508236556e-05,5.4604134784445434e-04
5562,5.7611962215647357e-05,5.4608524099149767e-04
5563,5.7596529081403616e-05,5.4612912244623611e-04
5564,5.7581101103087609e-05,5.4617299221220664e-04
5565,5.7565678278366119e-05,5.4621685029266980e-04
5566,5.7550260604880689e-05,5.4626069669094584e-04
5567,5.7534848080286277e-05,5.4630453141038711e-04
5568,5.7519440702210547e-05,5.4634835445436548e-04
5569,5.7504038468324728e-05,5.4639216582615059e-04
5570,5.7488641376255975e-05,5.4643596552921003e-04
5571,5.7473249423672542e-05,5.4647975356680867e-04
5572,5.7457862608228359e-05,5.4652352994226448e-04
5573,5.7442480927573668e-05,5.4656729465888993e-04
5574,5.7427104379349339e-05,5.4661104772009720e-04
5575,5.7411732961239394e-05,5.4665478912913166e-04
5576,5.7396366670888257e-05,5.4669851888944376e-04
5577,5.7381005505971369e-05,5.4674223700423310e-04
5578,5.7365649464140288e-05,5.4678594347685561e-04
5579,5.7350298543052433e-05,5.4682963831072023e-04
5580,5.7334952740384087e-05,5.4687332150911839e-04
5581,5.7319612053807780e-05,5.4691699307534607e-04
5582,5.7304276480976675e-05,5.4696065301272591e-04
5583,5.7288946019585935e-05,5.4700430132455951e-04
5584,5.7273620667282101e-05,5.4704793801429107e-04
5585,5.7258300421751657e-05,5.4709156308519824e-04
5586,5.7242985280673481e-05,5.4713517654049059e-04
5587,5.7227675241710588e-05,5.4717877838360990e-04
5588,5.7212370302550390e-05,5.4722236861780424e-04
5589,5.7197070460885500e-05,5.4726594724642801e-04
5590,5.7181775714378379e-05,5.4730951427278099e-04
5591,5.7166486060714153e-05,5.4735306970021521e-04
5592,5.7151201497585377e-05,5.4739661353201243e-04
5593,5.7135922022686520e-05,5.4744014577148684e-04
5594,5.7120647633676405e-05,5.4748366642195178e-04
5595,5.7105378328277990e-05,5.4752717548671079e-04
5596,5.7090114104158445e-05,5.4757067296912860e-04
5597,5.7074854959027324e-05,5.4761415887243103e-04
5598,5.7059600890561704e-05,5.4765763320003115e-04
5599,5.7044351896470152e-05,5.4770109595508128e-04
5600,5.7029107974447768e-05,5.4774454714114941e-04
5601,5.7013869122185006e-05,5.4778798676126460e-04
5602,5.6998635337395391e-05,5.4783141481880456e-04
5603,5.6983406617773685e-05,5.4787483131717217e-04
5604,5.6968182961004434e-05,5.4791823625959738e-04
5605,5.6952964364843067e-05,5.4796162964938864e-04
5606,5.6937750826935924e-05,5.4800501148989168e-04
5607,5.6922542345043531e-05,5.4804838178430771e-04
5608,5.6907338916839101e-05,5.4809174053600102e-04
5609,5.6892140540047973e-05,5.4813508774827257e-04
5610,5.6876947212374009e-05,5.4817842342437030e-04
5611,5.6861758931542133e-05,5.4822174756767605e-04
5612,5.6846575695266568e-05,5.4826506018141880e-04
5613,5.6831397501252697e-05,5.4830836126895590e-04
5614,5.6816224347250663e-05,5.4835165083346501e-04
5615,5.6801056230933843e-05,5.4839492887835510e-04
5616,5.6785893150059227e-05,5.4843819540679626e-04
5617,5.6770735102335916e-05,5.4848145042226803e-04
5618,5.6755582085499126e-05,5.4852469392780660e-04
5619,5.6740434097253317e-05,5.4856792592682872e-04
5620,5.6725291135354340e-05,5.4861114642267310e-04
5621,5.6710153197511545e-05,5.4865435541852239e-04
5622,5.6695020281455523e-05,5.4869755291776963e-04
5623,5.6679892384938755e-05,5.4874073892361764e-04
5624,5.6664769505670845e-05,5.4878391343941640e-04
5625,5.6649651641398196e-05,5.4882707646834142e-04
5626,5.6634538789873069e-05,5.4887022801378973e-04
5627,5.6619430948796913e-05,5.4891336807889543e-04
5628,5.6604328115942567e-05,5.4895649666705370e-04
5629,5.6589230289030199e-05,5.4899961378147356e-04
5630,5.6574137465819703e-05,5.4904271942547906e-04
5631,5.6559049644045980e-05,5.4908581360241823e-04
5632,5.6543966821450465e-05,5.4912889631539112e-04
5633,5.6528888995789721e-05,5.4917196756781427e-04
5634,5.6513816164812613e-05,5.4921502736290126e-04
5635,5.6498748326254777e-05,5.4925807570387140e-04
5636,5.6483685477895794e-05,5.4930111259411684e-04
5637,5.6468627617462235e-05,5.4934413803670642e-04
5638,5.6453574742718915e-05,5.4938715203518081e-04
5639,5.6438526851429017e-05,5.4943015459262576e-04
5640,5.6423483941334460e-05,5.4947314571227826e-04
5641,5.6408446010203887e-05,5.4951612539749165e-04
5642,5.6393413055805956e-05,5.4955909365149761e-04
5643,5.6378385075887472e-05,5.4960205047767949e-04
5644,5.6363362068222493e-05,5.4964499587903620e-04
5645,5.6348344030566293e-05,5.4968792985908685e-04
5646,5.6333330960701171e-05,5.4973085242091858e-04
5647,5.6318322856368774e-05,5.4977376356782782e-04
5648,5.6303319715383745e-05,5.4981666330320908e-04
5649,5.6288321535462908e-05,5.4985955163008838e-04
5650,5.6273328314419401e-05,5.4990242855191109e-04
5651,5.6258340050016149e-05,5.4994529407184070e-04
5652,5.6243356740003576e-05,5.4998814819311962e-04
5653,5.6228378382216386e-05,5.5003099091904730e-04
5654,5.6213404974361011e-05,5.5007382225289369e-04
5655,5.6198436514266383e-05,5.5011664219779756e-04
5656,5.6183472999703397e-05,5.5015945075715235e-04
5657,5.6168514428455747e-05,5.5020224793403362e-04
5658,5.6153560798296489e-05,5.5024503373189964e-04
5659,5.6138612107025016e-05,5.5028780815384462e-04
5660,5.6123668352419135e-05,5.5033057120318059e-04
5661,5.6108729532264343e-05,5.5037332288313922e-04
5662,5.6093795644360983e-05,5.5041606319687208e-04
5663,5.6078866686510469e-05,5.5045879214773671e-04
5664,5.6063942656470706e-05,5.5050150973897554e-04
5665,5.6049023552071519e-05,5.5054421597373752e-04
5666,5.6034109371084013e-05,5.5058691085533283e-04
5667,5.6019200111324870e-05,5.5062959438700420e-04
5668,5.6004295770578766e-05,5.5067226657189367e-04
5669,5.5989396346652603e-05,5.5071492741340974e-04
5670,5.5974501837348833e-05,5.5075757691464716e-04
5671,5.5959612240466594e-05,5.5080021507889409e-04
5672,5.5944727553812943e-05,5.5084284190930731e-04
5673,5.5929847775181422e-05,5.5088545740920359e-04
5674,5.5914972902411595e-05,5.5092806158180292e-04
5675,5.5900102933278244e-05,5.5097065443026716e-04
5676,5.5885237865608400e-05,5.5101323595795006e-04
5677,5.5870377697208218e-05,5.5105580616807311e-04
5678,5.5855522425886724e-05,5.5109836506369832e-04
5679,5.5840672049478087e-05,5.5114091264809532e-04
5680,5.5825826565774113e-05,5.5118344892462470e-04
5681,5.5810985972623570e-05,5.5122597389642045e-04
5682,5.5796150267796232e-05,5.5126848756672630e-04
5683,5.5781319449141266e-05,5.5131098993876167e-04
5684,5.5766493514513321e-05,5.5135348101570695e-04
5685,5.5751672461671507e-05,5.5139596080082940e-04
5686,5.5736856288479938e-05,5.5143842929737414e-04
5687,5.5722044992756597e-05,5.5148088650843179e-04
5688,5.5707238572336922e-05,5.5152333243736068e-04
5689,5.5692437025022854e-05,5.5156576708726107e-04
5690,5.5677640348669999e-05,5.5160819046146635e-04
5691,5.5662848541107140e-05,5.5165060256311127e-04
5692,5.5648061600160411e-05,5.5169300339537992e-04
5693,5.5633279523665167e-05,5.5173539296160643e-04
5694,5.5618502309453081e-05,5.5177777126489964e-04
5695,5.5603729955370769e-05,5.5182013830847791e-04
5696,5.5588962459262391e-05,5.5186249409552336e-04
5697,5.5574199818939430e-05,5.5190483862937849e-04
5698,5.5559442032278762e-05,5.5194717191309618e-04
5699,5.5544689097097691e-05,5.5198949395000841e-04
5700,5.5529941011250160e-05,5.5203180474315886e-04
5701,5.5515197772589836e-05,5.5207410429594813e-04
5702,5.5500459378961249e-05,5.5211639261134953e-04
5703,5.5485725828183000e-05,5.5215866969276594e-04
5704,5.5470997118153435e-05,5.5220093554336378e-04
5705,5.5456273246680198e-05,5.5224319016629439e-04
5706,5.5441554211650110e-05,5.5228543356470976e-04
5707,5.5426840010895607e-05,5.5232766574189816e-04
5708,5.5412130642274123e-05,5.5236988670104054e-04
5709,5.5397426103655295e-05,5.5241209644523890e-04
5710,5.5382726392887198e-05,5.5245429497783856e-04
5711,5.5368031507833888e-05,5.5249648230191138e-04
5712,5.5353341446353989e-05,5.5253865842070347e-04
5713,5.5338656206310675e-05,5.5258082333739782e-04
5714,5.5323975785555444e-05,5.5262297705516649e-04
5715,5.5309300181970293e-05,5.5266511957725764e-04
5716,5.5294629393434441e-05,5.5270725090682715e-04
5717,5.5279963417777823e-05,5.5274937104697163e-04
5718,5.5265302252903790e-05,5.5279148000107379e-04
5719,5.5250645896651350e-05,5.5283357777211636e-04
5720,5.5235994346922315e-05,5.5287566436334362e-04
5721,5.5221347601578196e-05,5.5291773977803309e-04
5722,5.5206705658492786e-05,5.5295980401932627e-04
5723,5.5192068515550854e-05,5.5300185709037059e-04
5724,5.5177436170603701e-05,5.5304389899432465e-04
5725,5.5162808621563038e-05,5.5308592973439606e-04
5726,5.5148185866281927e-05,5.5312794931378962e-04
5727,5.5133567902673545e-05,5.5316995773565386e-04
5728,5.5118954728591320e-05,5.5321195500317296e-04
5729,5.5104346341934203e-05,5.5325394111953665e-04
5730,5.5089742740579239e-05,5.5329591608791037e-04
5731,5.5075143922415818e-05,5.5333787991144285e-04
5732,5.5060549885354486e-05,5.5337983259328523e-04
5733,5.5045960627250610e-05,5.5342177413665139e-04
5734,5.5031376146013197e-05,5.5346370454478094e-04
5735,5.5016796439529341e-05,5.5350562382071615e-04
5736,5.5002221505697783e-05,5.5354753196773434e-04
5737,5.4987651342415564e-05,5.5358942898892744e-04
5738,5.4973085947582036e-05,5.5363131488754677e-04
5739,5.4958525319071119e-05,5.5367318966652150e-04
5740,5.4943969454812203e-05,5.5371505332934938e-04
5741,5.4929418352688316e-05,5.5375690587894291e-04
5742,5.4914872010615818e-05,5.5379874731860726e-04
5743,5.4900330426471042e-05,5.5384057765149413e-04
5744,5.4885793598191875e-05,5.5388239688066647e-04
5745,5.4871261523661326e-05,5.5392420500929059e-04
5746,5.4856734200792568e-05,5.5396600204068536e-04
5747,5.4842211627509192e-05,5.5400778797780499e-04
5748,5.4827693801697858e-05,5.5404956282398786e-04
5749,5.4813180721269877e-05,5.5409132658218712e-04
5750,5.4798672384170551e-05,5.5413307925577583e-04
5751,5.4784168788284879e-05,5.5417482084778921e-04
5752,5.4769669931531037e-05,5.5421655136137947e-04
5753,5.4755175811832086e-05,5.5425827079967139e-04
5754,5.4740686427104293e-05,5.5429997916594479e-04
5755,5.4726201775261298e-05,5.5434167646318925e-04
5756,5.4711721854242462e-05,5.5438336269461846e-04
5757,5.4697246661934972e-05,5.5442503786342831e-04
5758,5.4682776196307406e-05,5.5446670197275422e-04
5759,5.4668310455246443e-05,5.5450835502569471e-04
5760,5.4653849436703336e-05,5.5454999702538282e-04
5761,5.4639393138589632e-05,5.5459162797507440e-04
5762,5.4624941558841647e-05,5.5463324787775447e-04
5763,5.4610494695367807e-05,5.5467485673669364e-04
5764,5.4596052546143222e-05,5.5471645455492931e-04
5765,5.4581615109066937e-05,5.5475804133567255e-04
5766,5.4567182382080908e-05,5.5479961708205443e-04
5767,5.4552754363125313e-05,5.5484118179717750e-04
5768,5.4538331050125008e-05,5.5488273548426087e-04
5769,5.4523912441041214e-05,5.5492427814634519e-04
5770,5.4509498533791312e-05,5.5496580978653539e-04
5771,5.4495089326302512e-05,5.5500733040809048e-04
5772,5.4480684816566796e-05,5.5504884001417003e-04
5773,5.4466285002469673e-05,5.5509033860771354e-04
5774,5.4451889882013134e-05,5.5513182619197263e-04
5775,5.4437499453087403e-05,5.5517330277008630e-04
5776,5.4423113713675680e-05,5.5521476834516955e-04
5777,5.4408732661712059e-05,5.5525622292035694e-04
5778,5.4394356295154189e-05,5.5529766649874341e-04
5779,5.4379984611948779e-05,5.5533909908345939e-04
5780,5.4365617610043469e-05,5.5538052067769287e-04
5781,5.4351255287399119e-05,5.5542193128444405e-04
5782,5.4336897641968117e-05,5.5546333090703752e-04
5783,5.4322544671704683e-05,5.5550471954836855e-04
5784,5.4308196374569393e-05,5.5554609721168420e-04
5785,5.4293852748521302e-05,5.5558746390003565e-04
5786,5.4279513791507955e-05,5.5562881961663787e-04
5787,5.4265179501521011e-05,5.5567016436459168e-04
5788,5.4250849876493891e-05,5.5571149814689024e-04
5789,5.4236524914397207e-05,5.5575282096684405e-04
5790,5.4222204613197740e-05,5.5579413282736420e-04
5791,5.4207888970876320e-05,5.5583543373176987e-04
5792,5.4193577985375626e-05,5.5587672368303262e-04
5793,5.4179271654682233e-05,5.5591800268430338e-04
5794,5.4164969976766752e-05,5.5595927073867223e-04
5795,5.4150672949590815e-05,5.5600052784932693e-04
5796,5.4136380571130522e-05,5.5604177401929371e-04
5797,5.4122092839370118e-05,5.5608300925170104e-04
5798,5.4107809752261916e-05,5.5612423354969560e-04
5799,5.4093531307807922e-05,5.5616544691623737e-04
5800,5.4079257503975704e-05,5.5620664935468879e-04
5801,5.4064988338733929e-05,5.5624784086797676e-04
5802,5.4050723810094779e-05,5.5628902145919321e-04
5803,5.4036463916002878e-05,5.5633019113153579e-04
5804,5.4022208654469495e-05,5.5637134988801326e-04
5805,5.4007958023445059e-05,5.5641249773188039e-04
5806,5.3993712020972811e-05,5.5645363466601402e-04
5807,5.3979470644984749e-05,5.5649476069373580e-04
5808,5.3965233893489784e-05,5.5653587581797352e-04
5809,5.3951001764465234e-05,5.5657698004189966e-04
5810,5.3936774255930941e-05,5.5661807336859098e-04
5811,5.3922551365869102e-05,5.5665915580116270e-04
5812,5.3908333092232432e-05,5.5670022734273484e-04
5813,5.3894119433074334e-05,5.5674128799630901e-04
5814,5.3879910386373069e-05,5.5678233776505597e-04
5815,5.3865705950077875e-05,5.5682337665205841e-04
5816,5.3851506122255166e-05,5.5686440466036513e-04
5817,5.3837310900877965e-05,5.5690542179310382e-04
5818,5.3823120283942450e-05,5.5694642805329952e-04
5819,5.3808934269444676e-05,5.5698742344415680e-04
5820,5.3794752855405554e-05,5.5702840796866861e-04
5821,5.3780576039815731e-05,5.5706938162996406e-04
5822,5.3766403820679600e-05,5.5711034443107501e-04
5823,5.3752236196032747e-05,5.5715129637521460e-04
5824,5.3738073163843615e-05,5.5719223746529111e-04
5825,5.3723914722147135e-05,5.5723316770447408e-04
5826,5.3709760868941918e-05,5.5727408709580145e-04
5827,5.3695611602238032e-05,5.5731499564248322e-04
5828,5.3681466920080328e-05,5.5735589334742776e-04
5829,5.3667326820431503e-05,5.5739678021381482e-04
5830,5.3653191301351241e-05,5.5743765624465186e-04
5831,5.3639060360831506e-05,5.5747852144315659e-04
5832,5.3624933996909802e-05,5.5751937581220831e-04
5833,5.3610812207585235e-05,5.5756021935500521e-04
5834,5.3596694990879475e-05,5.5760105207459064e-04
5835,5.3582582344845756e-05,5.5764187397405220e-04
5836,5.3568474267475925e-05,5.5768268505643453e-04
5837,5.3554370756808219e-05,5.5772348532482773e-04
5838,5.3540271810850926e-05,5.5776427478231440e-04
5839,5.3526177427655083e-05,5.5780505343188389e-04
5840,5.3512087605236859e-05,5.5784582127675381e-04
5841,5.3498002341626460e-05,5.5788657831981375e-04
5842,5.3483921634844833e-05,5.5792732456422809e-04
5843,5.3469845482943591e-05,5.5796806001305935e-04
5844,5.3455773883959705e-05,5.5800878466937150e-04
5845,5.3441706835885631e-05,5.5804949853623033e-04
5846,5.3427644336803614e-05,5.5809020161660581e-04
5847,5.3413586384721106e-05,5.5813089391366097e-04
5848,5.3399532977698354e-05,5.5817157543047843e-04
5849,5.3385484113753986e-05,5.5821224617001188e-04
5850,5.3371439790949312e-05,5.5825290613543911e-04
5851,5.3357400007294585e-05,5.5829355532964952e-04
5852,5.3343364760865346e-05,5.5833419375582699e-04
5853,5.3329334049698538e-05,5.5837482141704998e-04
5854,5.3315307871815593e-05,5.5841543831627459e-04
5855,5.3301286225310302e-05,5.5845604445663958e-04
5856,5.3287269108172540e-05,5.5849663984112812e-04
5857,5.3273256518493150e-05,5.5853722447281155e-04
5858,5.3259248454305956e-05,5.5857779835480413e-04
5859,5.3245244913674501e-05,5.5861836149004426e-04
5860,5.3231245894637028e-05,5.5865891388161303e-04
5861,5.3217251395235787e-05,5.5869945553262525e-04
5862,5.3203261413567007e-05,5.5873998644612015e-04
5863,5.3189275947663423e-05,5.5878050662502821e-04
5864,5.3175294995564019e-05,5.5882101607249417e-04
5865,5.3161318555359623e-05,5.5886151479152333e-04
5866,5.3147346625088778e-05,5.5890200278517249e-04
5867,5.3133379202816372e-05,5.5894248005655938e-04
5868,5.3119416286615684e-05,5.5898294660858630e-04
5869,5.3105457874540943e-05,5.5902340244431969e-04
5870,5.3091503964649503e-05,5.5906384756684001e-04
5871,5.3077554555025741e-05,5.5910428197921010e-04
5872,5.3063609643720933e-05,5.5914470568447974e-04
5873,5.3049669228812408e-05,5.5918511868562667e-04
5874,5.3035733308366093e-05,5.5922552098558085e-04
5875,5.3021801880442641e-05,5.5926591258760323e-04
5876,5.3007874943137604e-05,5.5930629349458083e-04
5877,5.2993952494494822e-05,5.5934666370961532e-04
5878,5.2980034532621491e-05,5.5938702323566464e-04
5879,5.2966121055566051e-05,5.5942737207582873e-04
5880,5.2952212061416777e-05,5.5946771023308861e-04
5881,5.2938307548247578e-05,5.5950803771047755e-04
5882,5.2924407514137300e-05,5.5954835451102708e-04
5883,5.2910511957168939e-05,5.5958866063783108e-04
5884,5.2896620875421364e-05,5.5962895609379002e-04
5885,5.2882734266977630e-05,5.5966924088201588e-04
5886,5.2868852129917229e-05,5.5970951500550832e-04
5887,5.2854974462341249e-05,5.5974977846729888e-04
5888,5.2841101262314429e-05,5.5979003127038993e-04
5889,5.2827232527928526e-05,5.5983027341787090e-04
5890,5.2813368257294603e-05,5.5987050491264735e-04
5891,5.2799508448475313e-05,5.5991072575779820e-04
5892,5.2785653099571491e-05,5.5995093595632680e-04
5893,5.2771802208664988e-05,5.5999113551127454e-04
5894,5.2757955773868392e-05,5.6003132442569714e-04
5895,5.2744113793265055e-05,5.6007150270254646e-04
5896,5.2730276264947352e-05,5.6011167034476436e-04
5897,5.2716443187017638e-05,5.6015182735549460e-04
5898,5.2702614557565425e-05,5.6019197373772004e-04
5899,5.2688790374705281e-05,5.6023210949444565e-04
5900,5.2674970636517319e-05,5.6027223462860854e-04
5901,5.2661155341115821e-05,5.6031234914335083e-04
5902,5.2647344486605799e-05,5.6035245304152928e-04
5903,5.2633538071075775e-05,5.6039254632626163e-04
5904,5.2619736092645942e-05,5.6043262900054515e-04
5905,5.2605938549422325e-05,5.6047270106733462e-04
5906,5.2592145439491722e-05,5.6051276252971276e-04
5907,5.2578356760993737e-05,5.6055281339060169e-04
5908,5.2564572512007352e-05,5.6059285365306724e-04
5909,5.2550792690657949e-05,5.6063288332002415e-04
5910,5.2537017295054070e-05,5.6067290239455005e-04
5911,5.2523246323319908e-05,5.6071291087962769e-04
5912,5.2509479773548094e-05,5.6075290877831061e-04
5913,5.2495717643872812e-05,5.6079289609354860e-04
5914,5.2481959932394384e-05,5.6083287282821502e-04
5915,5.2468206637256168e-05,5.6087283898552853e-04
5916,5.2454457756542547e-05,5.6091279456827142e-04
5917,5.2440713288402714e-05,5.6095273957967504e-04
5918,5.2426973230931503e-05,5.6099267402254216e-04
5919,5.2413237582268699e-05,5.6103259789991463e-04
5920,5.2399506340534616e-05,5.6107251121480120e-04
5921,5.2385779503846109e-05,5.6111241397019385e-04
5922,5.2372057070346203e-05,5.6115230616908497e-04
5923,5.2358339038140962e-05,5.6119218781442164e-04
5924,5.2344625405373314e-05,5.6123205890918292e-04
5925,5.2330916170157712e-05,5.6127191945649435e-04
5926,5.2317211330639011e-05,5.6131176945918701e-04
5927,5.2303510884941011e-05,5.6135160892032798e-04
5928,5.2289814831197897e-05,5.6139143784283236e-04
5929,5.2276123167540293e-05,5.6143125622976835e-04
5930,5.2262435892097104e-05,5.6147106408408127e-04
5931,5.2248753003021026e-05,5.6151086140870899e-04
5932,5.2235074498437296e-05,5.6155064820672448e-04
5933,5.2221400376483358e-05,5.6159042448099608e-04
5934,5.2207730635305644e-05,5.6163019023459416e-04
5935,5.2194065273038902e-05,5.6166994547044314e-04
5936,5.2180404287815497e-05,5.6170969019159666e-04
5937,5.2166747677800459e-05,5.6174942440093134e-04
5938,5.2153095441116361e-05,5.6178914810144651e-04
5939,5.2139447575917019e-05,5.6182886129616232e-04
5940,5.2125804080349626e-05,5.6186856398802011e-04
5941,5.2112164952560093e-05,5.6190825618001152e-04
5942,5.2098530190696767e-05,5.6194793787505456e-04
5943,5.2084899792912011e-05,5.6198760907615270e-04
5944,5.2071273757336349e-05,5.6202726978633877e-04
5945,5.2057652082150842e-05,5.6206692000846672e-04
5946,5.2044034765484611e-05,5.6210655974560147e-04
5947,5.2030421805509088e-05,5.6214618900062127e-04
5948,5.2016813200359262e-05,5.6218580777655147e-04
5949,5.2003208948206546e-05,5.6222541607633654e-04
5950,5.1989609047222763e-05,5.6226501390288996e-04
5951,5.1976013495525042e-05,5.6230460125932652e-04
5952,5.1962422291302277e-05,5.6234417814846646e-04
5953,5.1948835432708931e-05,5.6238374457331995e-04
5954,5.1935252917901388e-05,5.6242330053687473e-04
5955,5.1921674745055991e-05,5.6246284604196295e-04
5956,5.1908100912312596e-05,5.6250238109179472e-04
5957,5.1894531417869746e-05,5.6254190568909973e-04
5958,5.1880966259850518e-05,5.6258141983684111e-04
5959,5.1867405436469123e-05,5.6262092353811025e-04
5960,5.1853848945857277e-05,5.6266041679574330e-04
5961,5.1840296786195526e-05,5.6269989961283751e-04
5962,5.1826748955656826e-05,5.6273937199216193e-04
5963,5.1813205452421609e-05,5.6277883393673531e-04
5964,5.1799666274637164e-05,5.6281828544963125e-04
5965,5.1786131420505048e-05,5.6285772653359625e-04
5966,5.1772600888172917e-05,5.6289715719174782e-04
5967,5.1759074675850109e-05,5.6293657742694024e-04
5968,5.1745552781678240e-05,5.6297598724212329e-04
5969,5.1732035203866324e-05,5.6301538664032950e-04
5970,5.1718521940570071e-05,5.6305477562442526e-04
5971,5.1705012989979474e-05,5.6309415419732579e-04
5972,5.1691508350280778e-05,5.6313352236205352e-04
5973,5.1678008019651670e-05,5.6317288012152158e-04
5974,5.1664511996264611e-05,5.6321222747866470e-04
5975,5.1651020278320050e-05,5.6325156443642356e-04
5976,5.1637532864007571e-05,5.6329089099774947e-04
5977,5.1624049751505107e-05,5.6333020716560012e-04
5978,5.1610570938973605e-05,5.6336951294283803e-04
5979,5.1597096424660310e-05,5.6340880833246601e-04
5980,5.1583626206712349e-05,5.6344809333741248e-04
5981,5.1570160283329255e-05,5.6348736796059341e-04
5982,5.1556698652703310e-05,5.6352663220497626e-04
5983,5.1543241313030889e-05,5.6356588607347862e-04
5984,5.1529788262529469e-05,5.6360512956898760e-04
5985,5.1516339499341840e-05,5.6364436269451665e-04
5986,5.1502895021714283e-05,5.6368358545290159e-04
5987,5.1489454827815948e-05,5.6372279784723577e-04
5988,5.1476018915858137e-05,5.6376199988020714e-04
5989,5.1462587284030702e-05,5.6380119155492411e-04
5990,5.1449159930548637e-05,5.6384037287430296e-04
5991,5.1435736853600818e-05,5.6387954384118822e-04
5992,5.1422318051396888e-05,5.6391870445860089e-04
5993,5.1408903522136171e-05,5.6395785472933291e-04
5994,5.1395493264044131e-05,5.6399699465644313e-04
5995,5.1382087275286773e-05,5.6403612424273596e-04
5996,5.1368685554105766e-05,5.6407524349128902e-04
5997,5.1355288098691847e-05,5.6411435240489097e-04
5998,5.1341894907272454e-05,5.6415345098652370e-04
5999,5.1328505978047032e-05,5.6419253923901047e-04
6000,5.1315121309218197e-05,5.6423161716538976e-04
6001,5.1301740899018375e-05,5.6427068476850889e-04
6002,5.1288364745638147e-05,5.6430974205136483e-04
6003,5.1274992847316592e-05,5.6434878901673530e-04
6004,5.1261625202256701e-05,5.6438782566761952e-04
6005,5.1248261808660737e-05,5.6442685200699721e-04
6006,5.1234902664788101e-05,5.6446586803761520e-04
6007,5.1221547768810565e-05,5.6450487376251109e-04
6008,5.1208197118981248e-05,5.6454386918464465e-04
6009,5.1194850713506528e-05,5.6458285430678492e-04
6010,5.1181508550618897e-05,5.6462182913184821e-04
6011,5.1168170628515171e-05,5.6466079366288696e-04
6012,5.1154836945469924e-05,5.6469974790267794e-04
6013,5.1141507499660267e-05,5.6473869185420084e-04
6014,5.1128182289329914e-05,5.6477762552027406e-04
6015,5.1114861312713899e-05,5.6481654890386626e-04
6016,5.1101544568044085e-05,5.6485546200786606e-04
6017,5.1088232053520648e-05,5.6489436483517328e-04
6018,5.1074923767384532e-05,5.6493325738874215e-04
6019,5.1061619707909491e-05,5.6497213967138065e-04
6020,5.1048319873276971e-05,5.6501101168605255e-04
6021,5.1035024261749838e-05,5.6504987343564063e-04
6022,5.1021732871530076e-05,5.6508872492307062e-04
6023,5.1008445700905352e-05,5.6512756615109401e-04
6024,5.0995162748059430e-05,5.6516639712282657e-04
6025,5.0981884011274642e-05,5.6520521784105904e-04
6026,5.0968609488762381e-05,5.6524402830863062e-04
6027,5.0955339178759788e-05,5.6528282852854705e-04
6028,5.0942073079527504e-05,5.6532161850363473e-04
6029,5.0928811189303891e-05,5.6536039823683651e-04
6030,5.0915553506321678e-05,5.6539916773090128e-04
6031,5.0902300028830314e-05,5.6543792698891706e-04
6032,5.0889050755079379e-05,5.6547667601365183e-04
6033,5.0875805683306932e-05,5.6551541480802684e-04
6034,5.0862564811765129e-05,5.6555414337489834e-04
6035,5.0849328138699352e-05,5.6559286171720005e-04
6036,5.0836095662372859e-05,5.6563156983774668e-04
6037,5.0822867381006764e-05,5.6567026773954830e-04
6038,5.0809643292888340e-05,5.6570895542536865e-04
6039,5.0796423396246746e-05,5.6574763289812466e-04
6040,5.0783207689336098e-05,5.6578630016073934e-04
6041,5.0769996170426748e-05,5.6582495721611435e-04
6042,5.0756788837759246e-05,5.6586360406693699e-04
6043,5.0743585689589897e-05,5.6590224071633723e-04
6044,5.0730386724192123e-05,5.6594086716706691e-04
6045,5.0717191939798916e-05,5.6597948342193506e-04
6046,5.0704001334698866e-05,5.6601808948394993e-04
6047,5.0690814907127744e-05,5.6605668535602454e-04
6048,5.0677632655377118e-05,5.6609527104090084e-04
6049,5.0664454577680451e-05,5.6613384654144742e-04
6050,5.0651280672308169e-05,5.6617241186064280e-04
6051,5.0638110937536520e-05,5.6621096700129852e-04
6052,5.0624945371621598e-05,5.6624951196631136e-04
6053,5.0611783972842360e-05,5.6628804675849104e-04
6054,5.0598626739447096e-05,5.6632657138083167e-04
6055,5.0585473669707181e-05,5.6636508583606296e-04
6056,5.0572324761930411e-05,5.6640359012712419e-04
6057,5.0559180014337565e-05,5.6644208425684045e-04
6058,5.0546039425209428e-05,5.6648056822805062e-04
6059,5.0532902992853509e-05,5.6651904204386701e-04
6060,5.0519770715514712e-05,5.6655750570684877e-04
6061,5.0506642591476748e-05,5.6659595922002972e-04
6062,5.0493518619014222e-05,5.6663440258612372e-04
6063,5.0480398796395847e-05,5.6667283580814085e-04
6064,5.0467283121912507e-05,5.6671125888884853e-04
6065,5.0454171593836696e-05,5.6674967183120923e-04
6066,5.0441064210451653e-05,5.6678807463796967e-04
6067,5.0427960970031797e-05,5.6682646731203378e-04
6068,5.0414861870870288e-05,5.6686484985625691e-04
6069,5.0401766911255544e-05,5.6690322227351665e-04
6070,5.0388676089438475e-05,5.6694158456665025e-04
6071,5.0375589403740527e-05,5.6697993673853050e-04
6072,5.0362506852439925e-05,5.6701827879199911e-04
6073,5.0349428433798979e-05,5.6705661072979315e-04
6074,5.0336354146136645e-05,5.6709493255501777e-04
6075,5.0323283987730548e-05,5.6713324427026368e-04
6076,5.0310217956865959e-05,5.6717154587851957e-04
6077,5.0297156051839863e-05,5.6720983738270544e-04
6078,5.0284098270934191e-05,5.6724811878549795e-04
6079,5.0271044612461193e-05,5.6728639008984917e-04
6080,5.0257995074713908e-05,5.6732465129856360e-04
6081,5.0244949655951758e-05,5.6736290241453803e-04
6082,5.0231908354523063e-05,5.6740114344049032e-04
6083,5.0218871168690069e-05,5.6743937437938859e-04
6084,5.0205838096764194e-05,5.6747759523411974e-04
6085,5.0192809137019231e-05,5.6751580600736512e-04
6086,5.0179784287801561e-05,5.6755400670208123e-04
6087,5.0166763547380427e-05,5.6759219732106672e-04
6088,5.0153746914062757e-05,5.6763037786711603e-04
6089,5.0140734386150217e-05,5.6766854834322360e-04
6090,5.0127725961955436e-05,5.6770670875209907e-04
6091,5.0114721639775925e-05,5.6774485909655260e-04
6092,5.0101721417934390e-05,5.6778299937950642e-04
6093,5.0088725294695070e-05,5.6782112960380537e-04
6094,5.0075733268418496e-05,5.6785924977220410e-04
6095,5.0062745337387129e-05,5.6789735988753334e-04
6096,5.0049761499900803e-05,5.6793545995272900e-04
6097,5.0036781754296592e-05,5.6797354997051557e-04
6098,5.0023806098863941e-05,5.6801162994377802e-04
6099,5.0010834531930462e-05,5.6804969987536095e-04
6100,4.9997867051798885e-05,5.6808775976798127e-04
